{
"type": "FeatureCollection",
"name": "Daghero Roberto_1_zonas",
"crs": { "type": "name", "properties": { "name": "urn:ogc:def:crs:OGC:1.3:CRS84" } },
"features": [
{ "type": "Feature", "properties": { "zona": "5", "zona_id": "5" }, "geometry": { "type": "MultiPolygon", "coordinates": [ [ [ [ -62.476103155028035, -31.645522649691248 ], [ -62.476361695106263, -31.646687281246617 ], [ -62.476361845221049, -31.646660501469611 ], [ -62.476361902407589, -31.646650299649764 ], [ -62.476409435920594, -31.646637104434831 ], [ -62.476472756743064, -31.646629712607176 ], [ -62.476583525287694, -31.646624428198077 ], [ -62.476667895867699, -31.646624774125751 ], [ -62.476778677735261, -31.646617108327007 ], [ -62.476842016298612, -31.646606541355457 ], [ -62.47688958083792, -31.646587789780224 ], [ -62.476889661672416, -31.646573354679049 ], [ -62.47691824281825, -31.64655452529701 ], [ -62.476956270170774, -31.646543854545463 ], [ -62.477022757406807, -31.646536007028931 ], [ -62.477073379710276, -31.646536214417516 ], [ -62.477139776036786, -31.646544606329375 ], [ -62.477177682176119, -31.646555588164368 ], [ -62.477206051197406, -31.646574650859716 ], [ -62.477205970411788, -31.646589085961612 ], [ -62.47721535607004, -31.646608070906147 ], [ -62.477227951069281, -31.646618949062589 ], [ -62.477250052909213, -31.646627159507005 ], [ -62.477266927027394, -31.646627228608892 ], [ -62.477289028872811, -31.646635439046605 ], [ -62.477301623884372, -31.646646317195863 ], [ -62.477311009567742, -31.646665302133474 ], [ -62.477310928798062, -31.646679737235409 ], [ -62.477320314486597, -31.646698722172292 ], [ -62.477332909510274, -31.646709600318481 ], [ -62.47735501138105, -31.646717810744939 ], [ -62.477371885515879, -31.646717879833133 ], [ -62.477393941966284, -31.646734209997753 ], [ -62.477406476436997, -31.646755914463263 ], [ -62.477415756163076, -31.646793845464455 ], [ -62.47741559465522, -31.646822715668176 ], [ -62.477424874391232, -31.646860646668429 ], [ -62.477437408885713, -31.646882351130721 ], [ -62.477459465386147, -31.646898681284135 ], [ -62.477476339553931, -31.646898750358872 ], [ -62.477498441482183, -31.646906960760866 ], [ -62.477511036554588, -31.646917838889674 ], [ -62.477520422307215, -31.646936823811842 ], [ -62.47752034156904, -31.646951258913628 ], [ -62.477510743873381, -31.64697016613362 ], [ -62.477498027681499, -31.646980940657325 ], [ -62.477475834897561, -31.646988969744477 ], [ -62.477458960713477, -31.646988900669484 ], [ -62.477436767924388, -31.646996929749772 ], [ -62.477424051720384, -31.647007704265935 ], [ -62.47741445399938, -31.647026611478246 ], [ -62.477414373244549, -31.647041046579574 ], [ -62.47744274246088, -31.647060109223002 ], [ -62.477480648845464, -31.647071090969792 ], [ -62.477547045591166, -31.647079482673604 ], [ -62.47759766819339, -31.647079689857456 ], [ -62.477664019553615, -31.647096201245343 ], [ -62.477701865446768, -31.64711800925317 ], [ -62.477730128818713, -31.6471560179045 ], [ -62.477729967405729, -31.647184888108015 ], [ -62.477739247303553, -31.647222819085034 ], [ -62.477751781918883, -31.647244523516555 ], [ -62.477773838559671, -31.647260853616242 ], [ -62.477790712793727, -31.64726092265013 ], [ -62.477812814835637, -31.647269132998456 ], [ -62.477825409993315, -31.647280011096552 ], [ -62.477834795845482, -31.647298995995609 ], [ -62.477834715154749, -31.647313431097306 ], [ -62.477844101012067, -31.647332415995646 ], [ -62.47785669618186, -31.647343294090657 ], [ -62.477878798249122, -31.647351504427736 ], [ -62.477895672499834, -31.647351573447914 ], [ -62.477917774572568, -31.647359783778281 ], [ -62.477930369754688, -31.647370661866123 ], [ -62.477939755637145, -31.647389646757528 ], [ -62.477939674962343, -31.647404081859264 ], [ -62.477930077303206, -31.647422989109849 ], [ -62.477917361096658, -31.647433763674435 ], [ -62.477895168239527, -31.647441792833156 ], [ -62.477878293972523, -31.647441723812708 ], [ -62.477856101110241, -31.647449752964558 ], [ -62.477843384891571, -31.647460527521602 ], [ -62.477833787207089, -31.647479434764506 ], [ -62.477833706515632, -31.647493869865805 ], [ -62.477843092390344, -31.647512854763868 ], [ -62.477855687584039, -31.647523732858943 ], [ -62.477877789693672, -31.647531943196416 ], [ -62.477894663976969, -31.647532012217081 ], [ -62.477916766092072, -31.647540222547853 ], [ -62.477929361298095, -31.647551100635749 ], [ -62.477938747197939, -31.647570085526876 ], [ -62.477938666522405, -31.647584520628214 ], [ -62.477948052427394, -31.647603505518617 ], [ -62.477960647645531, -31.647614383603454 ], [ -62.477982749785987, -31.647622593922961 ], [ -62.477999624085953, -31.647622662929937 ], [ -62.478021816977574, -31.647614633753665 ], [ -62.478034533197146, -31.64760385917911 ], [ -62.478044130854379, -31.647584951921171 ], [ -62.478044211513613, -31.647570516819609 ], [ -62.478072792738615, -31.647551687182759 ], [ -62.47811082037196, -31.647541016091889 ], [ -62.478177308230897, -31.647533167981816 ], [ -62.478227931084071, -31.647533374918368 ], [ -62.478294146834457, -31.647574245217072 ], [ -62.478331811686054, -31.647628532019969 ], [ -62.478359758062737, -31.647723378747461 ], [ -62.478359355007385, -31.647795554256891 ], [ -62.478368317816546, -31.647890323400773 ], [ -62.478380671297529, -31.647944506749283 ], [ -62.478402592192268, -31.647985195975284 ], [ -62.478419466558861, -31.647985264927453 ], [ -62.478441478154046, -31.648009714657647 ], [ -62.478453952588453, -31.648042245346549 ], [ -62.478463127078705, -31.648099122340501 ], [ -62.47846288529005, -31.648142427644402 ], [ -62.478472059794704, -31.648199304636989 ], [ -62.478484534264147, -31.648231835322321 ], [ -62.478506545933676, -31.648256285041175 ], [ -62.478523420349518, -31.64825635398013 ], [ -62.478545613348814, -31.648248324714714 ], [ -62.478558329596105, -31.648237550089334 ], [ -62.478567927214897, -31.648218642793445 ], [ -62.478568007795175, -31.6482042076921 ], [ -62.478577605408496, -31.648185300395333 ], [ -62.478590321643445, -31.648174525766517 ], [ -62.47861251461763, -31.648166496489093 ], [ -62.478629389017541, -31.64816656541387 ], [ -62.478651581986561, -31.648158536129586 ], [ -62.478664298209395, -31.648147761493242 ], [ -62.478673895797364, -31.648128854188776 ], [ -62.478673976360987, -31.648114419086998 ], [ -62.478683573943471, -31.648095511781651 ], [ -62.478696290153991, -31.648084737141883 ], [ -62.478718483097886, -31.648076707845583 ], [ -62.47873535748186, -31.648076776756174 ], [ -62.478757550420603, -31.648068747453038 ], [ -62.478770266618994, -31.648057972805706 ], [ -62.478779864176119, -31.648039065492689 ], [ -62.478779944723094, -31.648024630390449 ], [ -62.478789542274754, -31.648005723076555 ], [ -62.478802258460817, -31.647994948425801 ], [ -62.478824451374436, -31.647986919110647 ], [ -62.478841325742479, -31.647986988007045 ], [ -62.478863518650932, -31.647978958685055 ], [ -62.478876234824874, -31.647968184026738 ], [ -62.478885832351189, -31.647949276705162 ], [ -62.478885912881495, -31.647934841602467 ], [ -62.478876526752565, -31.647915856779591 ], [ -62.478863931386307, -31.647904978784066 ], [ -62.478841829099686, -31.647896768615933 ], [ -62.478833391923807, -31.647896734168128 ], [ -62.47882495474795, -31.647896699719755 ], [ -62.478802852466799, -31.647888489544926 ], [ -62.478790257112863, -31.647877611542206 ], [ -62.478780871009064, -31.647858626712399 ], [ -62.478780951555315, -31.647844191609753 ], [ -62.478790549087698, -31.647825284295042 ], [ -62.478803265248764, -31.64781450964362 ], [ -62.478825458119204, -31.647806480327596 ], [ -62.478842332454647, -31.647806549223532 ], [ -62.47886461591969, -31.647782280409803 ], [ -62.478877452862967, -31.647749853096158 ], [ -62.478887261755602, -31.64769305362768 ], [ -62.47888750334328, -31.647649748317797 ], [ -62.478897312218386, -31.647592948847471 ], [ -62.478910149123394, -31.64756052152919 ], [ -62.47893243251135, -31.647536252701862 ], [ -62.478949306798285, -31.647536321583122 ], [ -62.47897149959006, -31.647528292240523 ], [ -62.478984215689607, -31.647517517569895 ], [ -62.478993813146523, -31.647498610238124 ], [ -62.478993893658725, -31.647484175134174 ], [ -62.479012982889451, -31.647465306542159 ], [ -62.479038354679879, -31.647454583518957 ], [ -62.479082694925516, -31.647446644544221 ], [ -62.479116443467895, -31.647446782264446 ], [ -62.479160783703527, -31.64743884326246 ], [ -62.479186155470188, -31.647428120209586 ], [ -62.479205244650878, -31.647409251588101 ], [ -62.479205325130131, -31.647394816483452 ], [ -62.479233906070633, -31.647375986582997 ], [ -62.47927193350462, -31.647365315143706 ], [ -62.479338421149649, -31.647357466426197 ], [ -62.479389043917031, -31.647357672901261 ], [ -62.479454365098036, -31.647349961820758 ], [ -62.479455531547593, -31.6473498241226 ], [ -62.47945705264371, -31.64734939726258 ], [ -62.47949355894653, -31.647339152616844 ], [ -62.47952213981268, -31.647320322650867 ], [ -62.479522220242686, -31.647305887545301 ], [ -62.479541309330884, -31.647287018872184 ], [ -62.479566681013495, -31.647276295742504 ], [ -62.479611021132072, -31.647268356582611 ], [ -62.479644769612875, -31.647268494162478 ], [ -62.479689109721448, -31.647260554975343 ], [ -62.479714481380292, -31.647249831815977 ], [ -62.479733570418453, -31.647230963113397 ], [ -62.479733650815511, -31.647216528007139 ], [ -62.479743248089733, -31.647197620616165 ], [ -62.479755964055812, -31.647186845866681 ], [ -62.479778156696867, -31.647178816381732 ], [ -62.479795030921487, -31.647178885150502 ], [ -62.479817133125394, -31.647187095153576 ], [ -62.47982972850847, -31.647197973056425 ], [ -62.479839114762179, -31.647216957812663 ], [ -62.479839034381421, -31.647231392919149 ], [ -62.479848420640295, -31.647250377674656 ], [ -62.479861016035493, -31.647261255574431 ], [ -62.479883118264745, -31.647269465566254 ], [ -62.479899992506049, -31.647269534321321 ], [ -62.479922185154827, -31.647261504811514 ], [ -62.479934901109317, -31.647250730044181 ], [ -62.479944498346647, -31.647231822637767 ], [ -62.479944578711113, -31.647217387531018 ], [ -62.47996366769658, -31.647198518793385 ], [ -62.479989039307739, -31.647187795578819 ], [ -62.480033379350466, -31.647179856271265 ], [ -62.480067127801526, -31.647179993739101 ], [ -62.480111377453433, -31.647188293899941 ], [ -62.480136628543285, -31.647199223316669 ], [ -62.480155506615731, -31.647218246706412 ], [ -62.480155426283865, -31.647232681813616 ], [ -62.480193287885548, -31.647251782506562 ], [ -62.480243850363735, -31.647262814972503 ], [ -62.480332394958502, -31.647271295409372 ], [ -62.480399891930105, -31.647271570178759 ], [ -62.480488436548931, -31.647280050507597 ], [ -62.480538999078952, -31.64729108285713 ], [ -62.480576860784247, -31.647310183437217 ], [ -62.480576780517183, -31.647324618545184 ], [ -62.480586166935886, -31.647343603247879 ], [ -62.480598762430489, -31.647354481075769 ], [ -62.480620864748396, -31.64736269094065 ], [ -62.480637739008515, -31.64736275959838 ], [ -62.480659931618021, -31.647354729959993 ], [ -62.480672647501351, -31.647343955118536 ], [ -62.480682244600033, -31.647325047655414 ], [ -62.480682324850783, -31.647310612547201 ], [ -62.480701413708175, -31.647291743698101 ], [ -62.480726785262284, -31.647281020336404 ], [ -62.480771125290431, -31.647273080772504 ], [ -62.480804873779178, -31.647273218045669 ], [ -62.48084921379732, -31.647265278454519 ], [ -62.480874585327669, -31.647254555063135 ], [ -62.480893674135025, -31.647235686184576 ], [ -62.480893754352827, -31.647221251075671 ], [ -62.480931826660367, -31.647202459390058 ], [ -62.480982509509502, -31.647191838900458 ], [ -62.481071144325739, -31.647184079326941 ], [ -62.481138641242332, -31.647184353705015 ], [ -62.481227276039995, -31.647176594022888 ], [ -62.481277958843172, -31.647165973415397 ], [ -62.481316031052408, -31.647147181613953 ], [ -62.481316111204663, -31.647132746503885 ], [ -62.481321589924995, -31.647113822256436 ], [ -62.481328814731768, -31.64710302503623 ], [ -62.481341398028405, -31.647094956232451 ], [ -62.481350950951999, -31.647094995047418 ], [ -62.481376027376498, -31.647095096933274 ], [ -62.481344634923587, -31.646960864262503 ], [ -62.481260713695782, -31.646602019105625 ], [ -62.481216784985122, -31.646414179899232 ], [ -62.481101472934839, -31.64592110189334 ], [ -62.481061561726456, -31.645920939648683 ], [ -62.481053959591563, -31.645920908743545 ], [ -62.481046357456684, -31.645920877837924 ], [ -62.481026356743982, -31.645928916459138 ], [ -62.481014893394473, -31.645939696432169 ], [ -62.481006235733275, -31.645958607745261 ], [ -62.481006155536811, -31.645973042857296 ], [ -62.480996558646261, -31.645991950350943 ], [ -62.480983842986163, -31.646002725229323 ], [ -62.480961650726556, -31.646010754929502 ], [ -62.48095321371818, -31.646010720623632 ], [ -62.480944776709812, -31.646010686317183 ], [ -62.48092258444504, -31.646018716010484 ], [ -62.480909868772827, -31.646029490881332 ], [ -62.480900271856932, -31.646048398367316 ], [ -62.480900191643805, -31.646062833478879 ], [ -62.480862119797898, -31.646081625163337 ], [ -62.480811437540012, -31.64609224561331 ], [ -62.480722803742168, -31.646100005018734 ], [ -62.480689055677772, -31.646099867728392 ], [ -62.480655307613596, -31.646099730429132 ], [ -62.48056689954187, -31.646066890976957 ], [ -62.480516518281753, -31.64602337964433 ], [ -62.480478973201365, -31.645947440799514 ], [ -62.480479294312417, -31.645889700355827 ], [ -62.480470224155567, -31.645813877392929 ], [ -62.4804578095127, -31.645770520552002 ], [ -62.48043584306334, -31.64573795141089 ], [ -62.480427406080302, -31.645737917070544 ], [ -62.480418969097272, -31.645737882729613 ], [ -62.480396912343018, -31.645721553081987 ], [ -62.480384377308397, -31.645699848900641 ], [ -62.480375096475839, -31.645661918096962 ], [ -62.480375257061809, -31.645633047874366 ], [ -62.480346993056614, -31.645595039793054 ], [ -62.480309147146144, -31.645573232564296 ], [ -62.480242796375904, -31.645556722554083 ], [ -62.4802174854767, -31.645556619493568 ], [ -62.480192174577631, -31.645556516428037 ], [ -62.480125778654497, -31.645548126107233 ], [ -62.480087872562727, -31.645537145146669 ], [ -62.480059503255873, -31.645518083085769 ], [ -62.480059583597189, -31.645503647974877 ], [ -62.480050197465467, -31.645484663231166 ], [ -62.480037602284455, -31.64547378534937 ], [ -62.480015500463779, -31.645465575386442 ], [ -62.480007063505901, -31.645465541018556 ], [ -62.479998626548038, -31.645465506650112 ], [ -62.479976524732834, -31.64545729668049 ], [ -62.479963929564164, -31.645446418791515 ], [ -62.479954543457552, -31.645427434040865 ], [ -62.479954623814812, -31.645412998930006 ], [ -62.47993574614312, -31.645393975509581 ], [ -62.47991049556223, -31.645383046055557 ], [ -62.47986624678196, -31.645374745832139 ], [ -62.479849372883024, -31.645374677076269 ], [ -62.479832498984152, -31.645374608318157 ], [ -62.479788250215186, -31.645366308067846 ], [ -62.479762999659414, -31.645355378584849 ], [ -62.479744122038646, -31.64533635513645 ], [ -62.479744202428122, -31.645321920025886 ], [ -62.479753799499932, -31.6453030126264 ], [ -62.479766515203671, -31.645292237869874 ], [ -62.47978870739135, -31.645284208375848 ], [ -62.479805581273808, -31.645284277139567 ], [ -62.479827773456293, -31.645276247638694 ], [ -62.479840489147932, -31.645265472874616 ], [ -62.479850086194389, -31.645246565467449 ], [ -62.479850166567211, -31.645232130356419 ], [ -62.479869255159961, -31.645213261622892 ], [ -62.479894626239123, -31.645202538418069 ], [ -62.47993896534458, -31.645194599130775 ], [ -62.479972713077977, -31.645194736615892 ], [ -62.480017052173444, -31.645186797301378 ], [ -62.480042423228852, -31.645176074066875 ], [ -62.480061511771559, -31.645157205303871 ], [ -62.480061592111426, -31.645142770192155 ], [ -62.480071189100421, -31.645123862767392 ], [ -62.480083904743339, -31.645113087978295 ], [ -62.480106096861753, -31.645105058428111 ], [ -62.480122970712671, -31.645105127149524 ], [ -62.480145208009745, -31.645088977841983 ], [ -62.480157983882982, -31.645067376711228 ], [ -62.480167686268707, -31.645029523193934 ], [ -62.480167846914789, -31.645000652969433 ], [ -62.480177549289202, -31.644962799450891 ], [ -62.480190325137322, -31.644941198316182 ], [ -62.480212562383485, -31.644925048995955 ], [ -62.480229436202208, -31.644925117702947 ], [ -62.480251628263574, -31.644917088126626 ], [ -62.480264343857442, -31.644906313318664 ], [ -62.480273940780613, -31.644887405877252 ], [ -62.480274021086821, -31.644872970764439 ], [ -62.480283618004528, -31.644854063322153 ], [ -62.480296333586061, -31.644843288510774 ], [ -62.480318525622337, -31.644835258922441 ], [ -62.480335399425122, -31.644835327615244 ], [ -62.480357591456212, -31.644827298020065 ], [ -62.480370307025645, -31.644816523201143 ], [ -62.480379903917992, -31.644797615751166 ], [ -62.480379984207552, -31.644783180637901 ], [ -62.480361106573703, -31.644764157278949 ], [ -62.480335856110955, -31.644753227909295 ], [ -62.480291607588221, -31.644744927835326 ], [ -62.480274733801899, -31.644744859136896 ], [ -62.480257860015641, -31.644744790436235 ], [ -62.480213611504212, -31.644736490335355 ], [ -62.480188361066595, -31.644725560936724 ], [ -62.48016948348365, -31.644706537549801 ], [ -62.48016956380544, -31.644692102436824 ], [ -62.480160177730355, -31.644673117699423 ], [ -62.480147582644399, -31.644662239828151 ], [ -62.480125481004741, -31.644654029885182 ], [ -62.480117044120007, -31.644653995525356 ], [ -62.48010860723528, -31.644653961164973 ], [ -62.480086370036638, -31.644670110468287 ], [ -62.480073594202629, -31.64469171159363 ], [ -62.480063891815981, -31.644729565105735 ], [ -62.480063731139474, -31.644758435330981 ], [ -62.480054028741506, -31.644796288841832 ], [ -62.48004125288238, -31.644817889963235 ], [ -62.480019015632841, -31.644834039253855 ], [ -62.480010578731985, -31.644834004886818 ], [ -62.48000214183115, -31.644833970519219 ], [ -62.479979949768804, -31.644842000052257 ], [ -62.47996723415141, -31.644852774831737 ], [ -62.479957637170166, -31.644871682249565 ], [ -62.479957556815066, -31.644886117361644 ], [ -62.479938468307786, -31.644904986110273 ], [ -62.479913097314842, -31.644915709325236 ], [ -62.479868758340039, -31.644923648605285 ], [ -62.479851884522574, -31.644923579850623 ], [ -62.479835010705166, -31.644923511093722 ], [ -62.479790671720416, -31.644931450346515 ], [ -62.479765300703704, -31.644942173531806 ], [ -62.479746212146388, -31.64496104225098 ], [ -62.479746131758354, -31.644975477362358 ], [ -62.479717551661011, -31.644994307393631 ], [ -62.479679525245167, -31.64500497898057 ], [ -62.479613039303466, -31.645012827897009 ], [ -62.479587728554165, -31.645012724713212 ], [ -62.479562417804985, -31.645012621524391 ], [ -62.479496112809208, -31.644987991380493 ], [ -62.479458327669292, -31.644955357569131 ], [ -62.479430169814286, -31.644898403204078 ], [ -62.479430411123964, -31.64485509787146 ], [ -62.479411744824283, -31.644798182207929 ], [ -62.479386615130736, -31.644765599985131 ], [ -62.479342457197291, -31.644741060083138 ], [ -62.479325583414216, -31.644740991259265 ], [ -62.479308709631205, -31.644740922433144 ], [ -62.479266582255612, -31.644756164703807 ], [ -62.479264325431544, -31.644756981253629 ], [ -62.479238894054284, -31.644778530667462 ], [ -62.479219699810344, -31.6448163453902 ], [ -62.479219538872407, -31.644845215611184 ], [ -62.47922881915828, -31.64488314649779 ], [ -62.479241353815944, -31.64490485079131 ], [ -62.479263410174525, -31.644921180636437 ], [ -62.479280283989979, -31.644921249468876 ], [ -62.479302204588841, -31.644961938556175 ], [ -62.479314558250643, -31.645016121840754 ], [ -62.479323521804794, -31.64511089096629 ], [ -62.479323119535117, -31.645183066516367 ], [ -62.479313099996489, -31.645277758209374 ], [ -62.479300142869079, -31.645331838249003 ], [ -62.479277769590659, -31.645372346653673 ], [ -62.479269332642183, -31.645372312237125 ], [ -62.479260895693734, -31.645372277820012 ], [ -62.479238658177898, -31.64538842697042 ], [ -62.479225882048439, -31.645410028005315 ], [ -62.479216179240346, -31.645447881444234 ], [ -62.479216018297357, -31.645476751662343 ], [ -62.479206315477953, -31.645514605099986 ], [ -62.479193539323369, -31.64553620613097 ], [ -62.479171301756622, -31.645552355268663 ], [ -62.479162864792045, -31.645552320844907 ], [ -62.479154427827474, -31.645552286420575 ], [ -62.479132144977505, -31.645576555299908 ], [ -62.479119308432033, -31.645608982654355 ], [ -62.479109499917776, -31.645665782163036 ], [ -62.4791092584517, -31.645709087487933 ], [ -62.479118433133479, -31.645765964457357 ], [ -62.479130907516513, -31.645798495090801 ], [ -62.47915291879287, -31.645822944703099 ], [ -62.479169792770904, -31.645823013551897 ], [ -62.479191849331215, -31.645839343409254 ], [ -62.479204384105273, -31.645861047704457 ], [ -62.479213664479801, -31.645898978587173 ], [ -62.479213503533202, -31.645927848803222 ], [ -62.479251258799508, -31.645965895850932 ], [ -62.479301760122233, -31.645987755014598 ], [ -62.479390258163903, -31.646004355841086 ], [ -62.479457754210003, -31.646004631098805 ], [ -62.479546297534434, -31.64601311206901 ], [ -62.47959685926412, -31.646024144785336 ], [ -62.479634720262951, -31.646043245641049 ], [ -62.479634639854297, -31.646057680749728 ], [ -62.479691484152944, -31.6460768589724 ], [ -62.479767356976247, -31.646087994787965 ], [ -62.479900194737965, -31.646096656025264 ], [ -62.480001438915707, -31.646097068495106 ], [ -62.480134276715603, -31.646105729489175 ], [ -62.480210149618962, -31.646116865042327 ], [ -62.480266994075386, -31.646136043010188 ], [ -62.480266913764126, -31.646150478120109 ], [ -62.480257316706016, -31.646169385555854 ], [ -62.480244600937276, -31.646180160359133 ], [ -62.480222408573638, -31.646188189929401 ], [ -62.480213971550235, -31.646188155574499 ], [ -62.480205534526824, -31.64618812121903 ], [ -62.480183296975582, -31.646204270531609 ], [ -62.480170520948803, -31.646225871659457 ], [ -62.480160818432829, -31.64626372516857 ], [ -62.480160657776651, -31.646292595387308 ], [ -62.480169938580794, -31.64633052620259 ], [ -62.480182473647744, -31.646352230403249 ], [ -62.480204530511266, -31.646368560087517 ], [ -62.480221404590679, -31.646368628798356 ], [ -62.480243506642466, -31.646376838726969 ], [ -62.48025610196796, -31.646387716588489 ], [ -62.480265488229797, -31.646406701315822 ], [ -62.480265407917457, -31.646421136425133 ], [ -62.480255810830428, -31.646440043859663 ], [ -62.480243095024214, -31.646450818661911 ], [ -62.480220902595811, -31.646458848230907 ], [ -62.480212465547957, -31.646458813875647 ], [ -62.480204028500111, -31.646458779519818 ], [ -62.480181836066542, -31.646466809081947 ], [ -62.480169120248213, -31.646477583876671 ], [ -62.480159523135839, -31.646496491303516 ], [ -62.480159442806844, -31.646510926412383 ], [ -62.480149845689006, -31.64652983383835 ], [ -62.480137129858335, -31.64654060862965 ], [ -62.480114937399655, -31.64654863817977 ], [ -62.480106500343823, -31.646548603817415 ], [ -62.480098063288011, -31.646548569454481 ], [ -62.480075870824166, -31.646556598997748 ], [ -62.480063154981394, -31.646567373781505 ], [ -62.480053557838197, -31.646586281199795 ], [ -62.480053477492554, -31.646600716308217 ], [ -62.480072355428717, -31.646619739710538 ], [ -62.480097606361184, -31.646630669134233 ], [ -62.480141855756457, -31.646638969282442 ], [ -62.480175604012686, -31.646639106719526 ], [ -62.480219853419278, -31.646647406840788 ], [ -62.480245104376856, -31.646658336235539 ], [ -62.480263982363937, -31.646677359609903 ], [ -62.480263902050524, -31.646691794718592 ], [ -62.480254304934576, -31.646710702151907 ], [ -62.480241589090895, -31.646721476953164 ], [ -62.480219396597711, -31.64672950652086 ], [ -62.480210959525408, -31.646729472165227 ], [ -62.480202522453119, -31.646729437809036 ], [ -62.480180329954791, -31.646737467369878 ], [ -62.480167614098981, -31.646748242163593 ], [ -62.480158016957695, -31.646767149589234 ], [ -62.48015793662762, -31.646781584697464 ], [ -62.480119864340573, -31.646800376153671 ], [ -62.480069181611462, -31.646810996302627 ], [ -62.479980547076693, -31.646818755183762 ], [ -62.479946798756615, -31.646818617694407 ], [ -62.479913050436771, -31.646818480196135 ], [ -62.479824415883513, -31.646826238968618 ], [ -62.479773733108466, -31.64683685899973 ], [ -62.479735660723129, -31.646855650340086 ], [ -62.479735580327521, -31.646870085447166 ], [ -62.47971649136457, -31.646888954151894 ], [ -62.479691119804592, -31.646899677313328 ], [ -62.479646779867878, -31.646907616503466 ], [ -62.479629905692654, -31.646907547715607 ], [ -62.479613031517481, -31.646907478925513 ], [ -62.479568782045057, -31.646899178593483 ], [ -62.479543531103886, -31.646888249065505 ], [ -62.479524653223102, -31.646869225586347 ], [ -62.479524733651317, -31.646854790479743 ], [ -62.479505855781071, -31.646835766997835 ], [ -62.479480604864477, -31.646824837457554 ], [ -62.479436355443525, -31.646816537080056 ], [ -62.479419481285326, -31.646816468264564 ], [ -62.47940260712717, -31.646816399446831 ], [ -62.479358267207047, -31.646824338537009 ], [ -62.479332895624658, -31.646835061627105 ], [ -62.479313806588515, -31.646853930270911 ], [ -62.479313726127721, -31.646868365377031 ], [ -62.479294637080855, -31.646887234017754 ], [ -62.479269265474159, -31.646897957094829 ], [ -62.47922492550456, -31.646905896138048 ], [ -62.479208051330787, -31.646905827294432 ], [ -62.479191177157062, -31.646905758448572 ], [ -62.479146837177524, -31.646913697464541 ], [ -62.479121465547053, -31.64692442051194 ], [ -62.47910237645015, -31.646943289123218 ], [ -62.479102295956409, -31.646957724228631 ], [ -62.479092698578512, -31.646976631571004 ], [ -62.479079982565885, -31.646987406254265 ], [ -62.479057789912339, -31.646995435617896 ], [ -62.479049352817555, -31.646995401185237 ], [ -62.479040915722813, -31.646995366752009 ], [ -62.479018813634234, -31.646987156615523 ], [ -62.479006218374828, -31.646976278633616 ], [ -62.47899683231477, -31.646957293817522 ], [ -62.478996912824812, -31.64694285871234 ], [ -62.478978035045678, -31.64692383515359 ], [ -62.478952784168733, -31.646912905509453 ], [ -62.478908534755767, -31.646904604949139 ], [ -62.478891660583074, -31.646904536063715 ], [ -62.478874786410437, -31.646904467176043 ], [ -62.478830537008797, -31.646896166588803 ], [ -62.478805286156977, -31.646885236915722 ], [ -62.478786408428753, -31.646866213329009 ], [ -62.478786488971025, -31.6468517782241 ], [ -62.478767611253339, -31.64683275463462 ], [ -62.478742360426089, -31.646821824949242 ], [ -62.478698111075936, -31.646813524316535 ], [ -62.478681236920252, -31.646813455403464 ], [ -62.478664362764633, -31.646813386488152 ], [ -62.478620113425798, -31.646805085828532 ], [ -62.478594862623673, -31.64679415611419 ], [ -62.478575984956905, -31.646775132496735 ], [ -62.478576065531399, -31.646760697392111 ], [ -62.478557187875161, -31.646741673771903 ], [ -62.478531937097614, -31.646730744045279 ], [ -62.478487687810258, -31.64672244334017 ], [ -62.478470813671599, -31.646722374399463 ], [ -62.478453939532997, -31.646722305456507 ], [ -62.478409599581887, -31.646730244216887 ], [ -62.478384227919101, -31.646740967117662 ], [ -62.478365138712938, -31.646759835618017 ], [ -62.478365058105851, -31.646774270722169 ], [ -62.478355460598941, -31.646793178008227 ], [ -62.478342744527652, -31.646803952617706 ], [ -62.478320551856442, -31.64681198185318 ], [ -62.478312114779222, -31.646811947371972 ], [ -62.47830367770203, -31.646811912890197 ], [ -62.478281711769668, -31.646779343389166 ], [ -62.478269298024024, -31.646735986351501 ], [ -62.478260229591299, -31.64666016326008 ], [ -62.478260552082666, -31.646602422843245 ], [ -62.478251483668416, -31.646526599749823 ], [ -62.478239069968694, -31.64648324270803 ], [ -62.478217104134607, -31.646450673195282 ], [ -62.478200230045765, -31.646450604219318 ], [ -62.478178037447066, -31.646458633431234 ], [ -62.478165321401669, -31.646469408023879 ], [ -62.478155723886793, -31.646488315295731 ], [ -62.478155643248201, -31.646502750399996 ], [ -62.478146045727854, -31.64652165767097 ], [ -62.478133329670129, -31.646532432260173 ], [ -62.478111137046305, -31.646540461460088 ], [ -62.478094262941518, -31.646540392469937 ], [ -62.478072161045631, -31.646532182171018 ], [ -62.478059565958411, -31.64652130409679 ], [ -62.478050180136115, -31.646502319212313 ], [ -62.478050260791015, -31.646487884108268 ], [ -62.478040874973878, -31.646468899223056 ], [ -62.478028279898766, -31.646458021145772 ], [ -62.478006178028224, -31.646449810835588 ], [ -62.477989303940106, -31.646449741831741 ], [ -62.477967519703064, -31.646384693292742 ], [ -62.477955348160485, -31.646298030911375 ], [ -62.477946703537377, -31.646146423497051 ], [ -62.477947348893828, -31.646030942659308 ], [ -62.477938704302012, -31.645879335238529 ], [ -62.477926532845117, -31.645792672848568 ], [ -62.477904748798423, -31.645727624294306 ], [ -62.477887874841016, -31.645727555278466 ], [ -62.477865818538085, -31.645711225198262 ], [ -62.477853284096575, -31.645689520774692 ], [ -62.477844004295434, -31.645651589798035 ], [ -62.477844165663512, -31.645622719587031 ], [ -62.477834885872333, -31.645584788609433 ], [ -62.47782235145457, -31.645563084182658 ], [ -62.477800295201668, -31.645546754091253 ], [ -62.477783421277223, -31.645546685061952 ], [ -62.477761410426815, -31.645522235217019 ], [ -62.47774893655815, -31.645489704453905 ], [ -62.477739762736306, -31.645432827392906 ], [ -62.477740004834594, -31.645389522075586 ], [ -62.477730831027131, -31.645332645013237 ], [ -62.47771835719351, -31.645300114246542 ], [ -62.477696346417432, -31.645275664390255 ], [ -62.477679472542228, -31.645275595347748 ], [ -62.477657416381795, -31.645259265231935 ], [ -62.477644882048104, -31.645237560787546 ], [ -62.477635602373987, -31.645199629794465 ], [ -62.477635763803626, -31.645170759582367 ], [ -62.477626484139464, -31.645132828588338 ], [ -62.477613949829525, -31.645111124140747 ], [ -62.477591893719136, -31.645094794013733 ], [ -62.477575019876873, -31.645094724957772 ], [ -62.477552918368112, -31.645086514571286 ], [ -62.477540323534534, -31.645075636446123 ], [ -62.477530937959251, -31.645056651521898 ], [ -62.477531018689817, -31.645042216415778 ], [ -62.477521633119679, -31.645023231490814 ], [ -62.477509038298223, -31.645012353362603 ], [ -62.477486936814813, -31.645004142964851 ], [ -62.477470062989212, -31.645004073895187 ], [ -62.477448097765382, -31.644971504249252 ], [ -62.477435684635672, -31.644928147125068 ], [ -62.477426617034254, -31.644852323962233 ], [ -62.477426940018084, -31.644794583536715 ], [ -62.477417872435126, -31.644718760371884 ], [ -62.477405459351345, -31.644675403243557 ], [ -62.477383494225784, -31.644642833585916 ], [ -62.477366620465723, -31.644642764503281 ], [ -62.477344519082159, -31.644634554081481 ], [ -62.477331924333313, -31.644623675935922 ], [ -62.477322538844639, -31.644604690995973 ], [ -62.477322619605985, -31.64459025588932 ], [ -62.477313234122477, -31.644571270948646 ], [ -62.477300639385739, -31.644560392800024 ], [ -62.47727853802752, -31.644552182366969 ], [ -62.477261664284114, -31.644552113270635 ], [ -62.477239562931366, -31.644543902830883 ], [ -62.477226968206956, -31.644533024675077 ], [ -62.47721758274858, -31.644514039727479 ], [ -62.477217663525849, -31.644499604620844 ], [ -62.477208278072624, -31.644480619672528 ], [ -62.477195683360321, -31.644469741513657 ], [ -62.477173582032933, -31.644461531062646 ], [ -62.477156708306175, -31.644461461952627 ], [ -62.477134652428582, -31.644445131747471 ], [ -62.477122118323528, -31.644423427251493 ], [ -62.477112838938218, -31.644385496218749 ], [ -62.47711300052427, -31.644356626005386 ], [ -62.477122704062346, -31.644318772727896 ], [ -62.47713548052203, -31.644297171903457 ], [ -62.477157718133462, -31.64428102311782 ], [ -62.477174591827634, -31.644281092227342 ], [ -62.477196783989939, -31.644273063182506 ], [ -62.477209499842886, -31.644262288680622 ], [ -62.477219097312862, -31.64424338147295 ], [ -62.477219178089058, -31.644228946365718 ], [ -62.477228775553556, -31.644210039157162 ], [ -62.477241491394174, -31.644199264651853 ], [ -62.477263683531362, -31.644191235594981 ], [ -62.477280557209596, -31.644191304690338 ], [ -62.477302794770857, -31.644175155878614 ], [ -62.477315571169036, -31.644153555035011 ], [ -62.477325274602933, -31.644115701739789 ], [ -62.477325436121639, -31.644086831524223 ], [ -62.477316156684971, -31.644048900503755 ], [ -62.477303622589297, -31.644027196024371 ], [ -62.477281566787035, -31.644010865844336 ], [ -62.477264693141386, -31.644010796749455 ], [ -62.477242637349882, -31.643994466562756 ], [ -62.477230103278494, -31.643972762076249 ], [ -62.477220823891287, -31.643934831048696 ], [ -62.477220985441122, -31.643905960832797 ], [ -62.477211706063848, -31.643868029804295 ], [ -62.477199172016228, -31.64384632531457 ], [ -62.477177116274746, -31.643829995116679 ], [ -62.477160242662045, -31.643829926008355 ], [ -62.477138186931285, -31.643813595803817 ], [ -62.477125652907965, -31.643791891306964 ], [ -62.477116373580145, -31.6437539602714 ], [ -62.477116535161123, -31.643725090055153 ], [ -62.477078781665703, -31.643687042381949 ], [ -62.477028282111917, -31.643665182350052 ], [ -62.476939786723996, -31.643648579908486 ], [ -62.476872292407158, -31.643648303337745 ], [ -62.476783660644308, -31.643656060032505 ], [ -62.476732979266693, -31.643666678876404 ], [ -62.476694907584537, -31.643685469326499 ], [ -62.476694826729059, -31.643699904433756 ], [ -62.476656755025758, -31.643718694872128 ], [ -62.476606073600387, -31.643729313665016 ], [ -62.476517441741208, -31.643737070173753 ], [ -62.476449947365019, -31.643736793379016 ], [ -62.47636140650792, -31.643728310284455 ], [ -62.476310846417874, -31.643717276300205 ], [ -62.476272987048887, -31.643698174469272 ], [ -62.476273067969537, -31.643683739362981 ], [ -62.476254191399832, -31.643664715404864 ], [ -62.476228941724841, -31.643653785229361 ], [ -62.476184694107353, -31.643645483739952 ], [ -62.476150946954029, -31.643645345259436 ], [ -62.476106608283366, -31.643653283237345 ], [ -62.476081237203914, -31.64366400569175 ], [ -62.47606214817565, -31.643682873858538 ], [ -62.476062067222415, -31.643697308964335 ], [ -62.476052469577304, -31.643716216084698 ], [ -62.476039753667884, -31.643726990471599 ], [ -62.476017561539535, -31.643735019316324 ], [ -62.476000687947113, -31.643734950054899 ], [ -62.475978495813607, -31.643742978892771 ], [ -62.475965779892078, -31.643753753272129 ], [ -62.475956182221623, -31.643772660384816 ], [ -62.475956101251718, -31.643787095490165 ], [ -62.475946503575791, -31.643806002601977 ], [ -62.475933787641921, -31.643816776977893 ], [ -62.475911595483304, -31.643824805803742 ], [ -62.475894721874951, -31.643824736528149 ], [ -62.475872529711175, -31.643832765347156 ], [ -62.475859813765204, -31.643843539715526 ], [ -62.475850216063918, -31.643862446819654 ], [ -62.475850135077366, -31.643876881924552 ], [ -62.475840687797678, -31.643895789645455 ], [ -62.475828172408846, -31.643906564833983 ], [ -62.475806331216539, -31.643914595082343 ], [ -62.47578972501821, -31.643914526890832 ], [ -62.47574613374789, -31.643914347877867 ], [ -62.476004665210716, -31.645078980352139 ], [ -62.476103155028035, -31.645522649691248 ] ] ], [ [ [ -62.480367363636844, -31.642781905715317 ], [ -62.480362321163838, -31.642760342380427 ], [ -62.480020122665366, -31.642758948985801 ], [ -62.479954942001676, -31.642758683473307 ], [ -62.479889761338853, -31.642758417927539 ], [ -62.479718616886252, -31.642765840464484 ], [ -62.479620785588146, -31.642776268289349 ], [ -62.479547351792, -31.642794915445499 ], [ -62.479547271380035, -31.642809350561357 ], [ -62.479509200603438, -31.642828141863195 ], [ -62.479458519970159, -31.642838761798771 ], [ -62.479369889164623, -31.642846520300793 ], [ -62.479336142282612, -31.6428463826654 ], [ -62.479302395400943, -31.642846245021076 ], [ -62.479213764576834, -31.642854003414488 ], [ -62.479163083897632, -31.642864623232228 ], [ -62.47912501302276, -31.64288341441824 ], [ -62.479124932545261, -31.642897849532915 ], [ -62.479105844283829, -31.642916718165477 ], [ -62.479080473741071, -31.642927441223073 ], [ -62.479036135645913, -31.642935380225808 ], [ -62.479002388733697, -31.642935242501824 ], [ -62.47895814119493, -31.642926941973858 ], [ -62.478932891393804, -31.642916012330655 ], [ -62.478914014429478, -31.642896988759407 ], [ -62.478914094939555, -31.642882553645215 ], [ -62.478904709297346, -31.642863568814846 ], [ -62.478892114600256, -31.642852690820842 ], [ -62.478870013499879, -31.642844480663989 ], [ -62.478861576780226, -31.642844446222952 ], [ -62.4788531400606, -31.642844411781329 ], [ -62.47883085778939, -31.64286868062446 ], [ -62.478818021525726, -31.642901107965219 ], [ -62.478808213137242, -31.642957907475861 ], [ -62.478807971557039, -31.643001212817083 ], [ -62.478826637144685, -31.643058128577024 ], [ -62.478851766190793, -31.643090710911693 ], [ -62.478895923219163, -31.643115250979921 ], [ -62.478929670195818, -31.643115388732717 ], [ -62.478974008385144, -31.643107449768223 ], [ -62.478999378988988, -31.64309672673274 ], [ -62.479018467309018, -31.643077858117273 ], [ -62.479018547803527, -31.643063423003248 ], [ -62.479066110103453, -31.643044670582391 ], [ -62.479129445996755, -31.643034102440968 ], [ -62.479240223431539, -31.643026434453418 ], [ -62.479324590798051, -31.643026778590297 ], [ -62.479435368210623, -31.643019110433134 ], [ -62.479498704047487, -31.643008542107832 ], [ -62.479546266225576, -31.642989789506554 ], [ -62.479546346638266, -31.642975354391115 ], [ -62.479574926145908, -31.642956524385969 ], [ -62.479612951736001, -31.642945852817917 ], [ -62.47967943620413, -31.642938003883121 ], [ -62.479730056579491, -31.642938210197265 ], [ -62.479796405402269, -31.642954720459734 ], [ -62.479834250139021, -31.642976527836709 ], [ -62.479862513157407, -31.643014536036318 ], [ -62.479862352429421, -31.643043406268415 ], [ -62.479871632808759, -31.643081337119838 ], [ -62.479884167381122, -31.643103041355356 ], [ -62.479906223432955, -31.643119371090627 ], [ -62.479923096924715, -31.643119439834614 ], [ -62.479945107789526, -31.643143889315972 ], [ -62.479957582124939, -31.643176419881293 ], [ -62.47996675709809, -31.643233296815122 ], [ -62.479966516052286, -31.643276602162452 ], [ -62.479985182400789, -31.643333517758744 ], [ -62.480010311926968, -31.643366099869112 ], [ -62.480054469394659, -31.643390639540197 ], [ -62.48008821647705, -31.643390776987804 ], [ -62.480132554704852, -31.643382837621598 ], [ -62.480157925254368, -31.643372114355689 ], [ -62.480177013400038, -31.643353245565869 ], [ -62.480177093716414, -31.643338810449812 ], [ -62.48018669049145, -31.643319903008791 ], [ -62.480199405872611, -31.643309128202354 ], [ -62.480221597550596, -31.643301098625109 ], [ -62.480238471076042, -31.643301167327763 ], [ -62.480260662748833, -31.643293137743676 ], [ -62.480273378117879, -31.643282362929703 ], [ -62.480282974867578, -31.643263455480987 ], [ -62.480283055167298, -31.643249020364483 ], [ -62.480292651911519, -31.643230112914896 ], [ -62.480305367268244, -31.643219338097502 ], [ -62.480327558915938, -31.643211308501389 ], [ -62.480344432425461, -31.643211377189864 ], [ -62.480366624067976, -31.643203347586908 ], [ -62.480379339412579, -31.643192572761958 ], [ -62.480388936131455, -31.643173665304694 ], [ -62.480389016414527, -31.643159230187742 ], [ -62.480394302730566, -31.64314030518495 ], [ -62.480401270867503, -31.643129506964485 ], [ -62.480413404893895, -31.64312143641552 ], [ -62.480422615460242, -31.643121473903804 ], [ -62.480446793196982, -31.64312157230739 ], [ -62.480411314865897, -31.642969855746507 ], [ -62.480397799340601, -31.642912058958196 ], [ -62.480367363636844, -31.642781905715317 ] ] ], [ [ [ -62.474775692808493, -31.639542449100766 ], [ -62.474818782766391, -31.639736580728417 ], [ -62.474818939638581, -31.639708670081188 ], [ -62.474818999399375, -31.63969803745362 ], [ -62.474828568817792, -31.639684121173143 ], [ -62.474841268279725, -31.639676198758927 ], [ -62.474863447516206, -31.639670309001716 ], [ -62.474880320371525, -31.639670378405484 ], [ -62.47490251162403, -31.639662349743944 ], [ -62.474915227102763, -31.639651575458888 ], [ -62.474924824546981, -31.639632668409977 ], [ -62.474924905663059, -31.639618233297611 ], [ -62.474934503101807, -31.639599326247829 ], [ -62.474947218568225, -31.63958855195937 ], [ -62.474969409795612, -31.639580523285801 ], [ -62.474986282635008, -31.63958059267539 ], [ -62.47500847385723, -31.639572563994985 ], [ -62.475021189311541, -31.639561789698959 ], [ -62.475030786724943, -31.639542882641493 ], [ -62.475030867824366, -31.639528447528676 ], [ -62.475040465232304, -31.639509540470318 ], [ -62.475053180674287, -31.639498766170895 ], [ -62.475075371871391, -31.639490737478461 ], [ -62.475092244694871, -31.639490806853871 ], [ -62.475114435886823, -31.639482778154587 ], [ -62.475127151316698, -31.639472003847601 ], [ -62.475136748699285, -31.63945309678158 ], [ -62.475136829782059, -31.639438661668304 ], [ -62.475174900027504, -31.639419871655033 ], [ -62.475225579262215, -31.639409253399563 ], [ -62.475314207104532, -31.639401497739069 ], [ -62.475381698336875, -31.639401775100389 ], [ -62.475470326160725, -31.639394019331284 ], [ -62.475521005349549, -31.639383400957975 ], [ -62.475559075496754, -31.639364610828881 ], [ -62.475559156514002, -31.639350175714434 ], [ -62.475549771901349, -31.639331190638178 ], [ -62.475537178069835, -31.63932031231657 ], [ -62.475515078103832, -31.639312101586622 ], [ -62.475506641707653, -31.639312066927307 ], [ -62.475498205311489, -31.639312032267426 ], [ -62.475476105350971, -31.639303821530802 ], [ -62.475463511531785, -31.639292943201998 ], [ -62.475454126944229, -31.639273958118814 ], [ -62.475454207977407, -31.639259523004412 ], [ -62.475463805271723, -31.6392406159122 ], [ -62.475476520628447, -31.639229841569229 ], [ -62.475498711726082, -31.639221812801775 ], [ -62.475515584502133, -31.639221882120712 ], [ -62.475537866742172, -31.639197613842342 ], [ -62.475550703611525, -31.639165186819493 ], [ -62.475560513544288, -31.639108387542663 ], [ -62.475560756592756, -31.639065082197476 ], [ -62.475570566508019, -31.639008282918798 ], [ -62.475583403339087, -31.638975855891299 ], [ -62.475605685502067, -31.638951587599333 ], [ -62.475622558229624, -31.638951656903608 ], [ -62.475644658120565, -31.63895986761457 ], [ -62.475657251916786, -31.638970745925796 ], [ -62.475666636516287, -31.638989730995082 ], [ -62.475666555516781, -31.639004166110585 ], [ -62.475675940121434, -31.639023151179138 ], [ -62.47568853392977, -31.639034029487298 ], [ -62.475710633846056, -31.639042240187017 ], [ -62.47572750659026, -31.639042309477603 ], [ -62.475749515401766, -31.639066759675632 ], [ -62.475761987746992, -31.639099290649909 ], [ -62.475771159797993, -31.639156167889478 ], [ -62.475770916846159, -31.639199473235486 ], [ -62.475780088911527, -31.639256350473698 ], [ -62.475792561291769, -31.639288881444415 ], [ -62.475814570177583, -31.639313331631097 ], [ -62.475831442971028, -31.639313400908463 ], [ -62.475853497419386, -31.63932973133625 ], [ -62.475866030562088, -31.639351435963448 ], [ -62.47587530897021, -31.639389367105728 ], [ -62.475875147033079, -31.639418237335853 ], [ -62.475884425451149, -31.639456168477178 ], [ -62.475896958617604, -31.639477873101168 ], [ -62.475919013115977, -31.639494203517753 ], [ -62.475935885942349, -31.639494272781672 ], [ -62.475958213678041, -31.639461884678234 ], [ -62.475971111155175, -31.639418631276836 ], [ -62.475981027111345, -31.639342885878449 ], [ -62.475981350918985, -31.639285145416373 ], [ -62.475991266851103, -31.639209400015385 ], [ -62.476004164276411, -31.639166146608382 ], [ -62.476026491908499, -31.639133758490242 ], [ -62.476043364670083, -31.639133827739247 ], [ -62.476065464641934, -31.639142038378026 ], [ -62.476078058511995, -31.639152916648229 ], [ -62.476087443215214, -31.63917190168716 ], [ -62.476087362280133, -31.639186336803228 ], [ -62.476096746988496, -31.639205321841427 ], [ -62.476109340870671, -31.639216200108567 ], [ -62.476131440867867, -31.639224410736084 ], [ -62.476148313646092, -31.639224479971404 ], [ -62.476170595724064, -31.639200211580832 ], [ -62.476183432375151, -31.639167784491999 ], [ -62.476193241924314, -31.639110985162375 ], [ -62.476193484679591, -31.639067679812825 ], [ -62.476165330546749, -31.639010724716037 ], [ -62.476127548971228, -31.638978089927132 ], [ -62.476061249166314, -31.638953458032148 ], [ -62.476035940072748, -31.638953354161856 ], [ -62.47601063097931, -31.638953250286541 ], [ -62.475944240147669, -31.6389448578371 ], [ -62.475906337233283, -31.638933875657877 ], [ -62.475877970778406, -31.638914812679019 ], [ -62.475878051744971, -31.638900377562805 ], [ -62.475887648916029, -31.638881470436345 ], [ -62.475900364175025, -31.638870696049484 ], [ -62.47592255515157, -31.638862667206599 ], [ -62.475939427863921, -31.638862736468813 ], [ -62.475961618835321, -31.638854707619068 ], [ -62.47597433408221, -31.638843933224642 ], [ -62.47598393122793, -31.638825026090512 ], [ -62.47598401217784, -31.638810590973858 ], [ -62.47600310021167, -31.638791722793741 ], [ -62.476028469968533, -31.638781000332468 ], [ -62.47607280632716, -31.638773062350602 ], [ -62.476106551720378, -31.638773200832752 ], [ -62.476150933588777, -31.638757143070269 ], [ -62.476176364009639, -31.638735594241307 ], [ -62.476195558192934, -31.638697779940063 ], [ -62.47619572002651, -31.638668909705181 ], [ -62.476214914187914, -31.638631095400406 ], [ -62.476240344559464, -31.638609546557742 ], [ -62.476284726327414, -31.638593488747226 ], [ -62.476318471656938, -31.638593627172661 ], [ -62.476362671400203, -31.638610048350287 ], [ -62.476387859071771, -31.638631804831842 ], [ -62.476406628506986, -31.638669774866759 ], [ -62.47640646673856, -31.6386986451026 ], [ -62.476415745305758, -31.638736576211137 ], [ -62.476428278502375, -31.638758280785694 ], [ -62.47645033292698, -31.638774611111494 ], [ -62.476467205624864, -31.638774680303786 ], [ -62.476489260060205, -31.638791010622938 ], [ -62.476501793281109, -31.638812715190358 ], [ -62.476511071897754, -31.638850646291832 ], [ -62.476510910160449, -31.638879516527339 ], [ -62.476501206972763, -31.638917369793941 ], [ -62.476488431121467, -31.638938970579439 ], [ -62.476466194681208, -31.638955119274492 ], [ -62.476457758315966, -31.638955084678376 ], [ -62.476449321950753, -31.638955050081687 ], [ -62.476427085499964, -31.638971198769788 ], [ -62.476414309624097, -31.638992799547417 ], [ -62.476404606384946, -31.639030652805449 ], [ -62.476404444613621, -31.639059523039652 ], [ -62.476413723213653, -31.639097454146576 ], [ -62.476426256456961, -31.639119158720625 ], [ -62.476448310965445, -31.639135489046769 ], [ -62.476465183728479, -31.639135558240035 ], [ -62.476487374721195, -31.639127529299461 ], [ -62.47650008994583, -31.639116754852875 ], [ -62.476509687014591, -31.639097847679171 ], [ -62.476509767884146, -31.639083412561927 ], [ -62.476519364947436, -31.639064505387331 ], [ -62.476532080159743, -31.639053730937324 ], [ -62.476554271127341, -31.639045701984742 ], [ -62.476571143874452, -31.639045771163833 ], [ -62.47659324387331, -31.639053981711616 ], [ -62.476605837793883, -31.63906485993045 ], [ -62.476615222596315, -31.639083844931907 ], [ -62.476615141743054, -31.639098280049403 ], [ -62.476624526550651, -31.639117265050128 ], [ -62.476637120483318, -31.639128143265896 ], [ -62.476659220507543, -31.639136353802439 ], [ -62.476676093271301, -31.639136422967816 ], [ -62.476698193300976, -31.639144633497661 ], [ -62.476710787245985, -31.63915551170626 ], [ -62.476720172078686, -31.639174496700068 ], [ -62.476720091241347, -31.639188931817582 ], [ -62.476729476079214, -31.639207916810662 ], [ -62.476742070036323, -31.639218795016184 ], [ -62.476764170091343, -31.639227005534771 ], [ -62.476781042871757, -31.639227074686474 ], [ -62.476803142932255, -31.63923528519836 ], [ -62.476815736901692, -31.639246163396709 ], [ -62.476825121764669, -31.639265148382854 ], [ -62.476825040943254, -31.639279583500418 ], [ -62.476834425811383, -31.639298568485831 ], [ -62.476847019792928, -31.639309446681114 ], [ -62.476869119878778, -31.639317657181749 ], [ -62.476885992675825, -31.639317726319764 ], [ -62.476908092767147, -31.639325936813698 ], [ -62.476920686761019, -31.639336815001805 ], [ -62.476930071654266, -31.639355799980304 ], [ -62.476929990848774, -31.6393702350979 ], [ -62.476920393835798, -31.63938914230302 ], [ -62.47690767862148, -31.63939991679112 ], [ -62.476885487598757, -31.639407945804123 ], [ -62.476877051192083, -31.639407911235264 ], [ -62.47686861478541, -31.639407876665853 ], [ -62.476846287376119, -31.639440264932364 ], [ -62.47683339029966, -31.639483518426395 ], [ -62.476823475016865, -31.639559263896654 ], [ -62.476823151726123, -31.63961700436403 ], [ -62.476841709378384, -31.63969286651448 ], [ -62.476866776226451, -31.639736275577171 ], [ -62.476910885695524, -31.639768936075164 ], [ -62.476944631452909, -31.639769074339664 ], [ -62.47698915000305, -31.639728657032151 ], [ -62.477014762286068, -31.639674629026892 ], [ -62.477034274441806, -31.639579976329252 ], [ -62.477034678391433, -31.639507800742095 ], [ -62.477044699531397, -31.639413109160902 ], [ -62.477057657089482, -31.639359029305453 ], [ -62.477080029846213, -31.639318521246672 ], [ -62.477096902644, -31.639318590356805 ], [ -62.477119093627756, -31.639310561306534 ], [ -62.477131808805701, -31.639299786796819 ], [ -62.47714140576668, -31.639280879574979 ], [ -62.477141486539232, -31.639266444456695 ], [ -62.477151083494739, -31.639247537233963 ], [ -62.477163798660357, -31.639236762720845 ], [ -62.477185989619002, -31.639228733658548 ], [ -62.477202862400858, -31.639228802754506 ], [ -62.477225053354353, -31.639220773685381 ], [ -62.477237768507855, -31.639209999164688 ], [ -62.477247365438032, -31.639191091934286 ], [ -62.477247446193935, -31.639176656815543 ], [ -62.477276024984022, -31.639157827306342 ], [ -62.477314049274156, -31.639147156402824 ], [ -62.477380531209974, -31.63913930863351 ], [ -62.477431149508867, -31.639139515837048 ], [ -62.477497540623567, -31.639147907515927 ], [ -62.477535443818411, -31.639158889225314 ], [ -62.477563810690249, -31.639177951839638 ], [ -62.477563729983217, -31.63919238695911 ], [ -62.477582605932355, -31.639211410729974 ], [ -62.477607854576846, -31.63922234063401 ], [ -62.477652100239212, -31.639230641614542 ], [ -62.477685845806192, -31.639230779681039 ], [ -62.477730273013115, -31.639206601615182 ], [ -62.477755763706277, -31.639174226130582 ], [ -62.477775063231554, -31.639117465493392 ], [ -62.477775305253822, -31.639074160132939 ], [ -62.477766131988076, -31.639017283023488 ], [ -62.477753658952714, -31.638984752237167 ], [ -62.477731649630663, -31.638960302378866 ], [ -62.477723213263261, -31.638960267866366 ], [ -62.477714776895859, -31.638960233353298 ], [ -62.477692676817625, -31.638952022998712 ], [ -62.477680082783941, -31.638941144885699 ], [ -62.477670697777903, -31.638922159959918 ], [ -62.477670778467555, -31.638907724839598 ], [ -62.477699357090678, -31.638888895233013 ], [ -62.477737381224443, -31.638878224201257 ], [ -62.477803862936298, -31.6388703762087 ], [ -62.477854481092933, -31.638870583242831 ], [ -62.477920872058171, -31.638878974700237 ], [ -62.477958775196008, -31.638889956283759 ], [ -62.477987142074781, -31.638909018804874 ], [ -62.477987061433993, -31.638923453925926 ], [ -62.477977464680954, -31.638942361214646 ], [ -62.477964749648528, -31.638953135810745 ], [ -62.477942558820608, -31.638961165010191 ], [ -62.477934122452837, -31.638961130511635 ], [ -62.477925686085079, -31.638961096012505 ], [ -62.477903495251994, -31.638969125205065 ], [ -62.477890780207453, -31.638979899793657 ], [ -62.477881183429091, -31.638998807074699 ], [ -62.477881102771647, -31.639013242195297 ], [ -62.477890487829555, -31.639032227105915 ], [ -62.477903081900145, -31.639043105198411 ], [ -62.477925182018836, -31.63905131551688 ], [ -62.477942054770651, -31.639051384514804 ], [ -62.477964154894813, -31.639059594826584 ], [ -62.477976748977746, -31.639070472911907 ], [ -62.477986134060757, -31.63908945781559 ], [ -62.477986053419244, -31.639103892936223 ], [ -62.477995438507421, -31.639122877839178 ], [ -62.478008032602446, -31.639133755921439 ], [ -62.478030132751954, -31.639141966221963 ], [ -62.478047005520445, -31.639142035206177 ], [ -62.478069196382833, -31.639134005989209 ], [ -62.478081911428291, -31.639123231383117 ], [ -62.478091508179411, -31.63910432408705 ], [ -62.478091588804631, -31.639089888966168 ], [ -62.47810118555028, -31.639070981669231 ], [ -62.478113900583423, -31.63906020705971 ], [ -62.478136091420708, -31.639052177830717 ], [ -62.478152964173269, -31.639052246800766 ], [ -62.478175155005395, -31.639044217564916 ], [ -62.47818787002641, -31.639033442947863 ], [ -62.478197466746721, -31.639014535643238 ], [ -62.478197547355293, -31.639000100521908 ], [ -62.478188162237799, -31.638981115633136 ], [ -62.47817556814185, -31.638970237568397 ], [ -62.478153468019585, -31.638962027293132 ], [ -62.478145031651458, -31.638961992808508 ], [ -62.478136595283331, -31.638961958323311 ], [ -62.47811463121478, -31.63892938877418 ], [ -62.478102218536073, -31.638886031679235 ], [ -62.478093150906901, -31.638810208492686 ], [ -62.478093473402723, -31.638752468006292 ], [ -62.478074914906962, -31.63867660601769 ], [ -62.478049847771103, -31.638633197182042 ], [ -62.478005738428372, -31.63860053707328 ], [ -62.477988865757773, -31.638600468084647 ], [ -62.477971993087259, -31.638600399093779 ], [ -62.477927656962351, -31.638608337738052 ], [ -62.477902287465, -31.638619060579916 ], [ -62.477883199846239, -31.638637929049047 ], [ -62.477883119190253, -31.638652364170461 ], [ -62.477854540676596, -31.638671193820066 ], [ -62.477816516640289, -31.638681864888124 ], [ -62.477750035063764, -31.638689712888965 ], [ -62.477724726034786, -31.63868960935423 ], [ -62.477699417005951, -31.638689505814462 ], [ -62.477633162368967, -31.638656754976989 ], [ -62.477595440940917, -31.638613294276048 ], [ -62.477567392006385, -31.638537393380425 ], [ -62.477567714823635, -31.638479652896411 ], [ -62.477577629376476, -31.638403907347804 ], [ -62.477590525953119, -31.638360653765929 ], [ -62.477612852842867, -31.638328265358222 ], [ -62.477629725463288, -31.638328334396007 ], [ -62.477651825389138, -31.638336544760637 ], [ -62.477664419339028, -31.638347422876546 ], [ -62.477673804287797, -31.638366407803865 ], [ -62.477673723600319, -31.638380842925415 ], [ -62.477683108554245, -31.638399827852002 ], [ -62.47769570251625, -31.638410705964844 ], [ -62.477717802467431, -31.638418916318219 ], [ -62.477734675104514, -31.638418985342316 ], [ -62.477756956579391, -31.638394716665253 ], [ -62.477769792567514, -31.638362289405659 ], [ -62.477779601062387, -31.638305489935647 ], [ -62.477779843074877, -31.638262184569644 ], [ -62.477789651552243, -31.63820538509778 ], [ -62.477802487502096, -31.638172957833536 ], [ -62.477824768899922, -31.638148689142884 ], [ -62.477841641488496, -31.638148758152322 ], [ -62.477863741391268, -31.638156968480232 ], [ -62.477876335342245, -31.638167846575545 ], [ -62.477885720316813, -31.638186831488085 ], [ -62.477885639662624, -31.638201266610533 ], [ -62.477895024642343, -31.638220251522341 ], [ -62.477907618605428, -31.638231129614599 ], [ -62.477929718533545, -31.638239339931253 ], [ -62.477946591138775, -31.638239408926989 ], [ -62.47796878179404, -31.638231379724107 ], [ -62.477981496726564, -31.638220605125298 ], [ -62.477991093402487, -31.638201697833331 ], [ -62.477991174040383, -31.638187262710641 ], [ -62.478000770710842, -31.638168355417793 ], [ -62.478013485631045, -31.63815758081557 ], [ -62.4780356762612, -31.638149551600666 ], [ -62.478052548850513, -31.638149620582229 ], [ -62.478074739475488, -31.638141591360469 ], [ -62.478087454383584, -31.638130816750714 ], [ -62.478097051028691, -31.638111909450188 ], [ -62.478097131649939, -31.63809747432704 ], [ -62.478106728289589, -31.63807856702563 ], [ -62.478119443185356, -31.638067792412432 ], [ -62.478141633785249, -31.638059763178681 ], [ -62.478158506358632, -31.638059832146059 ], [ -62.478180696953345, -31.638051802905444 ], [ -62.478193411836997, -31.638041028284718 ], [ -62.47820300845131, -31.638022120975617 ], [ -62.478203089055903, -31.638007685852031 ], [ -62.478212685664737, -31.637988778542059 ], [ -62.478225400536068, -31.637978003917894 ], [ -62.478247591105692, -31.637969974665278 ], [ -62.478264463663159, -31.637970043618488 ], [ -62.478286654227588, -31.637962014359019 ], [ -62.47829936908682, -31.637951239727304 ], [ -62.478308965670315, -31.637932332409644 ], [ -62.478309046258254, -31.637917897285618 ], [ -62.478318642836278, -31.637898989967077 ], [ -62.478331357683182, -31.637888215331948 ], [ -62.478353548222536, -31.637880186060471 ], [ -62.478370420764051, -31.637880254999509 ], [ -62.47839261129824, -31.637872225721186 ], [ -62.478405326133029, -31.637861451078496 ], [ -62.478414922685715, -31.637842543752285 ], [ -62.478415003257012, -31.637828108627808 ], [ -62.478424599804228, -31.637809201300701 ], [ -62.478437314626703, -31.637798426654616 ], [ -62.478459505135781, -31.63779039736427 ], [ -62.478476377661366, -31.637790466289125 ], [ -62.478498432223219, -31.637806796264975 ], [ -62.478510965785105, -31.637828500642101 ], [ -62.478520245127669, -31.637866431611169 ], [ -62.478520084017283, -31.637895301860382 ], [ -62.478510381749366, -31.637933155295421 ], [ -62.478497606497484, -31.637954756291787 ], [ -62.478475370635998, -31.637970905345576 ], [ -62.478458498077842, -31.637970836420234 ], [ -62.47843626220584, -31.637986985467069 ], [ -62.478423486929387, -31.638008586455559 ], [ -62.478413784609998, -31.638046439882043 ], [ -62.478413623465599, -31.638075310129967 ], [ -62.478394430306587, -31.63811312477948 ], [ -62.478369000562225, -31.638134674059749 ], [ -62.478324619360819, -31.638150732602234 ], [ -62.478290874180431, -31.638150594708762 ], [ -62.478246538294968, -31.638158533466953 ], [ -62.478221168956161, -31.638169256374649 ], [ -62.478202081494317, -31.638188124894473 ], [ -62.478202000888999, -31.638202560017636 ], [ -62.478211385933463, -31.638221544906894 ], [ -62.478223979934015, -31.63823242296834 ], [ -62.478246079891036, -31.638240633230534 ], [ -62.478262952497346, -31.638240702184465 ], [ -62.478285007126459, -31.638257032196787 ], [ -62.478297540697298, -31.638278736593463 ], [ -62.478306819995012, -31.638316667574909 ], [ -62.478306658815875, -31.638345537821117 ], [ -62.478296956412279, -31.638383391235831 ], [ -62.478284181048295, -31.63840499220812 ], [ -62.478261945042185, -31.638421141222043 ], [ -62.47825350872273, -31.63842110674511 ], [ -62.478245072403304, -31.638421072267612 ], [ -62.47822288172577, -31.638429101518057 ], [ -62.478210166792003, -31.638439876140556 ], [ -62.478200570134987, -31.63845878344851 ], [ -62.478200489528589, -31.638473218571068 ], [ -62.478209874599102, -31.638492203459919 ], [ -62.478222468635494, -31.638503081521428 ], [ -62.478244568656052, -31.638511291784233 ], [ -62.478261441311211, -31.638511360738889 ], [ -62.478283541337234, -31.638519570995001 ], [ -62.478296135385946, -31.638530449049341 ], [ -62.478305520481591, -31.63854943393126 ], [ -62.478305439891116, -31.638563869053861 ], [ -62.478295843240168, -31.638582776368672 ], [ -62.478283128293526, -31.638593550998035 ], [ -62.478260937577993, -31.63860158025448 ], [ -62.478252501242252, -31.638601545777298 ], [ -62.478244064906534, -31.638601511299559 ], [ -62.478221874185827, -31.638609540549147 ], [ -62.478209159227092, -31.638620315170979 ], [ -62.478199562550799, -31.638639222478119 ], [ -62.478199481943669, -31.638653657600262 ], [ -62.478208867031569, -31.638672642488839 ], [ -62.478221461091849, -31.638683520550405 ], [ -62.478243561154748, -31.638691730813612 ], [ -62.4782604338425, -31.638691799768761 ], [ -62.478282533910864, -31.638700010025264 ], [ -62.478295127983465, -31.638710888079668 ], [ -62.478304513096489, -31.638729872961321 ], [ -62.47830443250529, -31.638744308083506 ], [ -62.478313817623466, -31.638763292964438 ], [ -62.47832641170816, -31.638774171015768 ], [ -62.478348511801883, -31.63878238126102 ], [ -62.478365384506283, -31.638782450202463 ], [ -62.478387575256292, -31.63877442092847 ], [ -62.478400290215959, -31.638763646289142 ], [ -62.478409886865016, -31.638744738966977 ], [ -62.478409967439916, -31.638730303844554 ], [ -62.478429054972608, -31.638711435295995 ], [ -62.478454424436293, -31.638700712349241 ], [ -62.478498760563099, -31.638692773522109 ], [ -62.478532505940407, -31.638692911362732 ], [ -62.478576706130809, -31.638709331778276 ], [ -62.478601894350767, -31.638731087828543 ], [ -62.478620664709815, -31.6387690575473 ], [ -62.478620503624796, -31.638797927792908 ], [ -62.478629783102399, -31.638835858749772 ], [ -62.478642316829486, -31.638857563112353 ], [ -62.478664371669879, -31.638873893059845 ], [ -62.478681244391638, -31.638873961959725 ], [ -62.478703163348179, -31.638914651170179 ], [ -62.478715515913898, -31.63896883455152 ], [ -62.478724478370154, -31.639063603795798 ], [ -62.478724075732707, -31.639135779407443 ], [ -62.478714056326588, -31.639230471143325 ], [ -62.478701099743631, -31.639284551178527 ], [ -62.478678727693818, -31.639325059529302 ], [ -62.478661854890611, -31.639324990628204 ], [ -62.478639664032016, -31.639333019948037 ], [ -62.478626949021141, -31.639343794609719 ], [ -62.478617352352451, -31.639362701946229 ], [ -62.478617271807593, -31.639377137067697 ], [ -62.478626657051336, -31.639396121925127 ], [ -62.478639251257121, -31.639406999945834 ], [ -62.47866135152799, -31.63941521013804 ], [ -62.478678224347483, -31.639415279039369 ], [ -62.478700279324435, -31.63943160898074 ], [ -62.478712813145869, -31.639453313335409 ], [ -62.478722092722208, -31.639491244282791 ], [ -62.478721931663983, -31.639520114525599 ], [ -62.478731211250256, -31.639558045472025 ], [ -62.47874374509545, -31.639579749823493 ], [ -62.478765800122417, -31.639596079753652 ], [ -62.478782672974866, -31.639596148641548 ], [ -62.478804773303182, -31.639604358809297 ], [ -62.478817367557681, -31.639615236812602 ], [ -62.478826752865494, -31.63963422165531 ], [ -62.47882667235212, -31.63964865677664 ], [ -62.47881707569141, -31.639667564127375 ], [ -62.478804360654642, -31.639678338805886 ], [ -62.478782169723559, -31.639686368149263 ], [ -62.478765296854831, -31.639686299261129 ], [ -62.478743105918575, -31.639694328597667 ], [ -62.478730390869714, -31.639705103268636 ], [ -62.478720794183651, -31.63972401061168 ], [ -62.47872071365363, -31.639738445732569 ], [ -62.47871111696211, -31.639757353074739 ], [ -62.478698401900907, -31.639768127742268 ], [ -62.478676210939554, -31.639776157066798 ], [ -62.478659338054882, -31.639776088164474 ], [ -62.478637237699324, -31.639767877971483 ], [ -62.478624643445741, -31.639756999950659 ], [ -62.478615258167252, -31.639738015093773 ], [ -62.478615338713567, -31.639723579973118 ], [ -62.478596462449971, -31.639704556353092 ], [ -62.478571213557487, -31.639693626642735 ], [ -62.478526967590135, -31.639685325978096 ], [ -62.478493221854464, -31.639685188132155 ], [ -62.478448839933385, -31.639701246706217 ], [ -62.478423409763792, -31.639722795987439 ], [ -62.478404216260458, -31.639760610625085 ], [ -62.478404055102324, -31.639789480865204 ], [ -62.478384861577105, -31.639827295499305 ], [ -62.478359431358207, -31.639848844766824 ], [ -62.478315049336658, -31.639864903292878 ], [ -62.478298176436951, -31.63986483434266 ], [ -62.478281303537294, -31.639864765390218 ], [ -62.478239178209499, -31.639880007355391 ], [ -62.478236921495117, -31.639880823888838 ], [ -62.478211491227796, -31.639902373126173 ], [ -62.478192297601204, -31.639940187729572 ], [ -62.478192136376457, -31.639969057967907 ], [ -62.478182433748302, -31.640006911362001 ], [ -62.478169658130483, -31.640028512314657 ], [ -62.478147421714368, -31.640044661300141 ], [ -62.478138985248499, -31.640044626814067 ], [ -62.478130548782644, -31.640044592327421 ], [ -62.478108448411739, -31.640036382043043 ], [ -62.478095854184758, -31.640025503970772 ], [ -62.478086468988124, -31.640006519076685 ], [ -62.478086549616968, -31.639992083957857 ], [ -62.478067673408766, -31.639973060261006 ], [ -62.478042424507578, -31.639962130446406 ], [ -62.477998178463118, -31.639953829597985 ], [ -62.477981305548191, -31.639953760605732 ], [ -62.477964432633328, -31.639953691611222 ], [ -62.477919869023182, -31.640002229014968 ], [ -62.477894196674178, -31.640067083542423 ], [ -62.477874579409573, -31.640180682464941 ], [ -62.477874095435617, -31.640267293171899 ], [ -62.477863969158804, -31.640380930905373 ], [ -62.477850951415761, -31.640445837175491 ], [ -62.477828533337082, -31.64049446511633 ], [ -62.477820096831032, -31.640494430608744 ], [ -62.477811660324996, -31.640494396100593 ], [ -62.477789423735864, -31.640510545020689 ], [ -62.477776647957185, -31.640532145930582 ], [ -62.477766945099305, -31.640569999287301 ], [ -62.477766783739185, -31.64059886952084 ], [ -62.477785554121063, -31.640636839351707 ], [ -62.477810742667479, -31.640658595555148 ], [ -62.477854943652119, -31.640675016224222 ], [ -62.477888689741818, -31.640675154242718 ], [ -62.477933026853144, -31.640667215625189 ], [ -62.477958396906644, -31.64065649278664 ], [ -62.477977484928765, -31.640637624316508 ], [ -62.477977565576431, -31.640623189199367 ], [ -62.478006144668555, -31.640604359534162 ], [ -62.478044169469641, -31.640593688421056 ], [ -62.478110652380813, -31.640585840283762 ], [ -62.478161271469212, -31.640586047206256 ], [ -62.478227663681011, -31.640594438515361 ], [ -62.478265567549158, -31.640605420012776 ], [ -62.478293935007152, -31.640624482466912 ], [ -62.478293854408356, -31.640638917584784 ], [ -62.478274766449168, -31.640657786102892 ], [ -62.478249396430691, -31.640668509004719 ], [ -62.478205059343992, -31.640676447732414 ], [ -62.478188186298034, -31.640676378766081 ], [ -62.478171313252133, -31.64067630979752 ], [ -62.478126976155487, -31.640684248497976 ], [ -62.47810160611327, -31.64069497137012 ], [ -62.478082518104046, -31.640713839858787 ], [ -62.47808243747231, -31.640728274975956 ], [ -62.478072840547711, -31.640747182264725 ], [ -62.478060125277466, -31.640757956864775 ], [ -62.478037934026538, -31.640765986073973 ], [ -62.478029497495697, -31.640765951579958 ], [ -62.478021060964863, -31.640765917085375 ], [ -62.477998824346074, -31.640782066040952 ], [ -62.477986048577435, -31.64080366697101 ], [ -62.477976345774337, -31.640841520342654 ], [ -62.4779761844772, -31.64087039057592 ], [ -62.47798546388595, -31.640908321566744 ], [ -62.477997997733326, -31.640930025986936 ], [ -62.4780200529433, -31.640946356044527 ], [ -62.478036926037582, -31.640946425033601 ], [ -62.478059117331647, -31.640938395825263 ], [ -62.478071832626874, -31.640927621225902 ], [ -62.478081429570757, -31.640908713937947 ], [ -62.478081510203211, -31.640894278821172 ], [ -62.478091107141616, -31.640875371532339 ], [ -62.478103822424522, -31.640864596929536 ], [ -62.478126013693483, -31.6408565677092 ], [ -62.478142886771828, -31.640856636684088 ], [ -62.478164987338801, -31.640864846963598 ], [ -62.478177581685614, -31.640875725028923 ], [ -62.478186966985561, -31.640894709914903 ], [ -62.478186886369393, -31.640909145031898 ], [ -62.478196271674506, -31.640928129917157 ], [ -62.47820886603342, -31.640939007979402 ], [ -62.478230966625752, -31.640947218247646 ], [ -62.47824783972073, -31.640947287208846 ], [ -62.478269940318519, -31.640955497470394 ], [ -62.478282534689775, -31.640966375525476 ], [ -62.478291920019998, -31.640985360403796 ], [ -62.478291839419754, -31.640999795520845 ], [ -62.478282242508598, -31.641018702824702 ], [ -62.478269527224768, -31.641029477445009 ], [ -62.478247335926483, -31.641037506689759 ], [ -62.47823889937083, -31.641037472209327 ], [ -62.478230462815198, -31.641037437728325 ], [ -62.478208271511747, -31.641045466966222 ], [ -62.478195556215816, -31.641056241578994 ], [ -62.478185959279301, -31.64107514887516 ], [ -62.478185878662423, -31.641089583991775 ], [ -62.478176281720437, -31.641108491287067 ], [ -62.478163566412178, -31.641119265896407 ], [ -62.478141375083609, -31.641127295122303 ], [ -62.478132938520005, -31.641127260634772 ], [ -62.478124501956408, -31.641127226146676 ], [ -62.478102310622688, -31.641135255365718 ], [ -62.478089595302315, -31.641146029967512 ], [ -62.478079998334991, -31.641164937255148 ], [ -62.47807991770145, -31.64117937237128 ], [ -62.478070320728655, -31.641198279658028 ], [ -62.478057605395961, -31.64120905425639 ], [ -62.478035414037116, -31.641217083463424 ], [ -62.478026977465547, -31.641217048968805 ], [ -62.478018540893977, -31.641217014473629 ], [ -62.477996213438729, -31.641249402931731 ], [ -62.477983316630763, -31.64129265653278 ], [ -62.477973402065182, -31.641368402078978 ], [ -62.477973079462231, -31.641426142540567 ], [ -62.477982147216331, -31.641501965706372 ], [ -62.477994560168717, -31.641545322798439 ], [ -62.478016524796573, -31.641577892361109 ], [ -62.478033398004868, -31.641577961351874 ], [ -62.478055453372399, -31.641594291403429 ], [ -62.478067987325794, -31.641615995815599 ], [ -62.478077266841488, -31.641653926796543 ], [ -62.478077105570421, -31.641682797026579 ], [ -62.478067402707559, -31.641720650399368 ], [ -62.47805462682313, -31.641742251331905 ], [ -62.478032389975183, -31.64175840028842 ], [ -62.478023953354743, -31.641758365793063 ], [ -62.47801551673431, -31.641758331297151 ], [ -62.477993325240796, -31.641766360494724 ], [ -62.477980609821053, -31.64177713508354 ], [ -62.477971012765082, -31.641796042360159 ], [ -62.477970932112711, -31.641810477474639 ], [ -62.47793286143601, -31.641829268310278 ], [ -62.477882181176319, -31.641839887625597 ], [ -62.477793551204854, -31.64184764504321 ], [ -62.477759804692113, -31.641847506995006 ], [ -62.477726058179698, -31.641847368937878 ], [ -62.477637428189666, -31.641855126246867 ], [ -62.477586747884068, -31.641865745444349 ], [ -62.477548677109105, -31.641884536164159 ], [ -62.477548596391209, -31.641898971277467 ], [ -62.477520016808519, -31.641917800831152 ], [ -62.477481991408752, -31.641928471779444 ], [ -62.477415507492566, -31.641936319576761 ], [ -62.477390197585564, -31.641936215966233 ], [ -62.477364887678696, -31.641936112350677 ], [ -62.477298358322471, -31.641952079837687 ], [ -62.477260272312336, -31.641973577053804 ], [ -62.477231586642468, -31.642011352626767 ], [ -62.477231425107846, -31.642040222851293 ], [ -62.477240704322597, -31.642078153887297 ], [ -62.477253238148784, -31.642099858376483 ], [ -62.477275293499815, -31.642116188561346 ], [ -62.477292166803323, -31.642116257651129 ], [ -62.477314267589676, -31.642124468078709 ], [ -62.477326862003835, -31.642135346226599 ], [ -62.477336247252744, -31.642154331170875 ], [ -62.477336166501182, -31.642168766283071 ], [ -62.477355042995825, -31.642187790084762 ], [ -62.477380292412199, -31.642198720037154 ], [ -62.477424539458767, -31.64220702110774 ], [ -62.477458286099449, -31.642207159245974 ], [ -62.477502533157327, -31.642215460289624 ], [ -62.477527782598813, -31.642226390213089 ], [ -62.477546659144387, -31.642245413986807 ], [ -62.477546578425034, -31.642259849099293 ], [ -62.477574946231307, -31.642278911712129 ], [ -62.477612850700318, -31.64228989340701 ], [ -62.477679244067154, -31.64229828501168 ], [ -62.477729864079784, -31.642298492115216 ], [ -62.477796257464142, -31.642306883659188 ], [ -62.47783416197143, -31.642317865288717 ], [ -62.477862529854775, -31.642336927838318 ], [ -62.477862449183938, -31.642351362951306 ], [ -62.47787183456331, -31.642370347856978 ], [ -62.477884429075921, -31.642381225950487 ], [ -62.477906529978178, -31.642389436276442 ], [ -62.477923403332746, -31.642389505283315 ], [ -62.477945504240466, -31.642397715602574 ], [ -62.477958098765406, -31.642408593688906 ], [ -62.477967484169895, -31.642427578587654 ], [ -62.477967403514995, -31.642442013700688 ], [ -62.477976788924636, -31.642460998598708 ], [ -62.477989383461683, -31.642471876681977 ], [ -62.47801148439477, -31.642480086989966 ], [ -62.478028357765972, -31.642480155983151 ], [ -62.478050685510603, -31.642447767528711 ], [ -62.47806358245483, -31.642404513930042 ], [ -62.478073497069779, -31.642328768389522 ], [ -62.47807381962204, -31.642271027935156 ], [ -62.478064751728041, -31.642195204783377 ], [ -62.478052338661087, -31.642151847701239 ], [ -62.478030373888672, -31.642119278146051 ], [ -62.478021937235646, -31.642119243650225 ], [ -62.478013500582627, -31.642119209153833 ], [ -62.477991445099981, -31.642102879095106 ], [ -62.477978911100827, -31.642081174676566 ], [ -62.477969631585303, -31.642043243690985 ], [ -62.477969792891855, -31.642014373463063 ], [ -62.477998478266628, -31.64197659772103 ], [ -62.478036564111413, -31.641955100282843 ], [ -62.478103093349318, -31.641939132409785 ], [ -62.478153713170798, -31.641939339343157 ], [ -62.478220106341709, -31.64194773066481 ], [ -62.47825801075561, -31.64195871216808 ], [ -62.478286378618847, -31.641977774624294 ], [ -62.478286298014638, -31.641992209739083 ], [ -62.478295683445587, -31.642011194615201 ], [ -62.478308277960373, -31.642022072667523 ], [ -62.478330378816473, -31.642030282920036 ], [ -62.478347252107312, -31.642030351870194 ], [ -62.478369352968883, -31.64203856211601 ], [ -62.478381947495983, -31.642049440161156 ], [ -62.478391332952057, -31.642068425030345 ], [ -62.478391252363778, -31.642082860145155 ], [ -62.478400637825004, -31.642101845013613 ], [ -62.478413232364218, -31.642112723055696 ], [ -62.478435333251142, -31.642120933290265 ], [ -62.478452206558636, -31.64212100222672 ], [ -62.478474307451016, -31.642129212454577 ], [ -62.478486902002558, -31.64214009048947 ], [ -62.478496287488916, -31.642159075351014 ], [ -62.47849620691656, -31.642173510465867 ], [ -62.478505592408062, -31.642192495326668 ], [ -62.478518186971719, -31.642203373358495 ], [ -62.478540287889459, -31.642211583575101 ], [ -62.478557161213601, -31.642211652497867 ], [ -62.478579216821963, -31.642227982459918 ], [ -62.478591750980634, -31.642249686820755 ], [ -62.478601030768672, -31.64228761776284 ], [ -62.478600869655459, -31.642316487992424 ], [ -62.478610149453431, -31.642354418933557 ], [ -62.478622683635869, -31.642376123291182 ], [ -62.478644739294253, -31.642392453242035 ], [ -62.478661612651351, -31.64239252215134 ], [ -62.478683713626552, -31.6424007323435 ], [ -62.478696308238902, -31.642411610357922 ], [ -62.47870569379451, -31.642430595204015 ], [ -62.478705613253652, -31.642445030318736 ], [ -62.478724490085128, -31.642464053920715 ], [ -62.478749739739889, -31.642474983604316 ], [ -62.47879398704562, -31.642483284202605 ], [ -62.478827733793466, -31.6424834219799 ], [ -62.47887211698005, -31.642467363294667 ], [ -62.478897547803825, -31.64244581394026 ], [ -62.478916741676265, -31.642407999248107 ], [ -62.47891690269244, -31.642379129017474 ], [ -62.478926605284414, -31.642341275581042 ], [ -62.478939381052484, -31.642319674561961 ], [ -62.478961617881012, -31.642303525448632 ], [ -62.47897849122289, -31.64230359431588 ], [ -62.479000592205828, -31.642311804453357 ], [ -62.479013186843716, -31.642322682436948 ], [ -62.479022572455371, -31.642341667260595 ], [ -62.479022491963754, -31.642356102376255 ], [ -62.479060351367167, -31.642375203395957 ], [ -62.479110911074059, -31.642386236289155 ], [ -62.479199450938886, -31.642394717467379 ], [ -62.479266944375183, -31.642394992798003 ], [ -62.479355620007063, -31.642379114609426 ], [ -62.479406360725612, -31.642357668373997 ], [ -62.479444536888927, -31.642319931008963 ], [ -62.479444697741485, -31.642291060775513 ], [ -62.479435417609707, -31.642253129891081 ], [ -62.479422883253363, -31.642231425610991 ], [ -62.47940082749458, -31.642215095793102 ], [ -62.479383954167545, -31.642215026981823 ], [ -62.479361853172712, -31.64220681691048 ], [ -62.479349258509139, -31.642195938960835 ], [ -62.479339872844939, -31.642176954160224 ], [ -62.479339953286967, -31.642162519043431 ], [ -62.479349550106157, -31.642143611662387 ], [ -62.479362265420548, -31.642132836936661 ], [ -62.479384456887431, -31.642124807501251 ], [ -62.479401330198179, -31.642124876312266 ], [ -62.479423612142433, -31.642100607363226 ], [ -62.479436448082701, -31.64206817995408 ], [ -62.479446255988591, -31.642011380382129 ], [ -62.479446497263623, -31.641968075029794 ], [ -62.479465796367705, -31.641911314156907 ], [ -62.479491287216369, -31.641878938340913 ], [ -62.479535715234675, -31.641854759665282 ], [ -62.479569461759489, -31.64185489724407 ], [ -62.479613799297951, -31.641846958048742 ], [ -62.479639169485822, -31.641836234879502 ], [ -62.479658257416759, -31.641817366160488 ], [ -62.479658337808459, -31.641802931042143 ], [ -62.479639460916381, -31.641783907575693 ], [ -62.479614211340511, -31.641772978067785 ], [ -62.479569964293198, -31.641764677755727 ], [ -62.479536217800955, -31.641764540177405 ], [ -62.479492015999632, -31.641748120084497 ], [ -62.479466826766838, -31.641726364209106 ], [ -62.479448055485705, -31.641688394622168 ], [ -62.479448216333196, -31.641659524385837 ], [ -62.479486392190381, -31.641621787000918 ], [ -62.479537132465801, -31.641600340706198 ], [ -62.479625807298312, -31.641584462319329 ], [ -62.479693300153912, -31.64158473741827 ], [ -62.479781929737463, -31.641576978676976 ], [ -62.4798326096493, -31.641566358603114 ], [ -62.479870679844367, -31.641547567194884 ], [ -62.479870760202402, -31.641533132075445 ], [ -62.479880356848248, -31.641514224650773 ], [ -62.479893072015471, -31.64150344986956 ], [ -62.479915263287808, -31.641495420338963 ], [ -62.479932136486319, -31.641495489078611 ], [ -62.479954327753489, -31.641487459541164 ], [ -62.479967042908612, -31.641476684752387 ], [ -62.479976639529106, -31.641457777320053 ], [ -62.479976719870486, -31.641443342200162 ], [ -62.479983001652045, -31.641424421264254 ], [ -62.479991297017762, -31.641413628469124 ], [ -62.480005753650559, -31.641405567416292 ], [ -62.480016733796973, -31.641405612140648 ], [ -62.480045556681397, -31.641405729537638 ], [ -62.479540012475248, -31.639243737434604 ], [ -62.479347430173767, -31.638420120743127 ], [ -62.478841917295163, -31.636258125216177 ], [ -62.476897356181617, -31.636570884801252 ], [ -62.47615656768307, -31.6366900234779 ], [ -62.474211989180688, -31.63700274194462 ], [ -62.474466838301844, -31.638150954680157 ], [ -62.474563925275511, -31.638588368885571 ], [ -62.474775692808493, -31.639542449100766 ] ] ] ] } },
{ "type": "Feature", "properties": { "zona": "4", "zona_id": "4" }, "geometry": { "type": "MultiPolygon", "coordinates": [ [ [ [ -62.4768255099331, -31.648776530793576 ], [ -62.47682588046608, -31.648778199818928 ], [ -62.477162027248532, -31.650292311928347 ], [ -62.479167090410719, -31.649955067038725 ], [ -62.479930920305044, -31.64982658446419 ], [ -62.481935964086517, -31.649489295838197 ], [ -62.481700787277354, -31.64848373266884 ], [ -62.481611197403772, -31.648100660844033 ], [ -62.481492040104712, -31.647591158642168 ], [ -62.481376027376498, -31.647095096933274 ], [ -62.481350950951999, -31.647094995047425 ], [ -62.481341398028405, -31.647094956232451 ], [ -62.481328814731768, -31.647103025036223 ], [ -62.481321589924995, -31.647113822256436 ], [ -62.481316111204663, -31.647132746503885 ], [ -62.481316031052408, -31.647147181613953 ], [ -62.481277958843172, -31.647165973415397 ], [ -62.481227276039995, -31.647176594022888 ], [ -62.481138641242239, -31.647184353705033 ], [ -62.481071144325739, -31.647184079326927 ], [ -62.480982509509502, -31.647191838900447 ], [ -62.480931826660367, -31.647202459390058 ], [ -62.480893754352827, -31.647221251075685 ], [ -62.480893674135025, -31.647235686184576 ], [ -62.480874585327669, -31.647254555063135 ], [ -62.48084921379732, -31.647265278454519 ], [ -62.480804873779121, -31.647273218045676 ], [ -62.480771125290431, -31.647273080772493 ], [ -62.480726785262284, -31.647281020336401 ], [ -62.480701413708175, -31.647291743698101 ], [ -62.480682324850783, -31.647310612547209 ], [ -62.480682244600033, -31.647325047655414 ], [ -62.480672647501351, -31.647343955118536 ], [ -62.480659931618021, -31.647354729959993 ], [ -62.480637739008486, -31.647362759598394 ], [ -62.480620864748396, -31.647362690940643 ], [ -62.480598762430489, -31.647354481075769 ], [ -62.480586166935886, -31.647343603247879 ], [ -62.480576780517183, -31.647324618545184 ], [ -62.480576860784247, -31.647310183437209 ], [ -62.480538999078952, -31.64729108285713 ], [ -62.480488436548931, -31.6472800505076 ], [ -62.480399891930119, -31.647271570178759 ], [ -62.480332394958502, -31.647271295409368 ], [ -62.480243850363735, -31.647262814972503 ], [ -62.480193287885548, -31.647251782506544 ], [ -62.480155426283865, -31.647232681813616 ], [ -62.480155506615731, -31.647218246706398 ], [ -62.480136628543285, -31.647199223316669 ], [ -62.480111377453433, -31.647188293899948 ], [ -62.480067127801526, -31.647179993739119 ], [ -62.480033379350466, -31.647179856271247 ], [ -62.479989039307753, -31.647187795578809 ], [ -62.47996366769658, -31.647198518793385 ], [ -62.479944578711113, -31.64721738753104 ], [ -62.479944498346647, -31.647231822637767 ], [ -62.479934901109317, -31.647250730044181 ], [ -62.479922185154827, -31.647261504811514 ], [ -62.47989999250602, -31.647269534321328 ], [ -62.479883118264745, -31.647269465566243 ], [ -62.479861016035493, -31.647261255574431 ], [ -62.479848420640295, -31.647250377674641 ], [ -62.479839034381421, -31.647231392919149 ], [ -62.479839114762179, -31.647216957812642 ], [ -62.47982972850847, -31.647197973056425 ], [ -62.479817133125394, -31.647187095153591 ], [ -62.479795030921487, -31.647178885150506 ], [ -62.479778156696867, -31.647178816381718 ], [ -62.479755964055812, -31.647186845866663 ], [ -62.479743248089733, -31.647197620616165 ], [ -62.479733650815511, -31.64721652800716 ], [ -62.479733570418453, -31.647230963113397 ], [ -62.479714481380292, -31.647249831815977 ], [ -62.479689109721448, -31.647260554975343 ], [ -62.479644769612825, -31.647268494162486 ], [ -62.479611021132072, -31.647268356582611 ], [ -62.479566681013495, -31.647276295742497 ], [ -62.479541309330884, -31.647287018872184 ], [ -62.479522220242686, -31.647305887545304 ], [ -62.47952213981268, -31.647320322650867 ], [ -62.47949355894653, -31.647339152616844 ], [ -62.479455531547593, -31.6473498241226 ], [ -62.479389043916953, -31.647357672901268 ], [ -62.479338421149649, -31.647357466426193 ], [ -62.47927193350462, -31.647365315143698 ], [ -62.479233906070633, -31.647375986582997 ], [ -62.479205325130131, -31.647394816483466 ], [ -62.479205244650878, -31.647409251588101 ], [ -62.479186155470188, -31.647428120209586 ], [ -62.479160783703527, -31.64743884326246 ], [ -62.479116443467852, -31.647446782264467 ], [ -62.479082694925516, -31.64744664454421 ], [ -62.479038354679894, -31.64745458351895 ], [ -62.479012982889451, -31.647465306542159 ], [ -62.478993893658725, -31.647484175134188 ], [ -62.478993813146523, -31.647498610238124 ], [ -62.478984215689607, -31.647517517569916 ], [ -62.47897149959006, -31.647528292240523 ], [ -62.478949306798263, -31.647536321583129 ], [ -62.47893243251135, -31.647536252701855 ], [ -62.478910149123394, -31.64756052152919 ], [ -62.478897312218386, -31.647592948847471 ], [ -62.47888750334328, -31.647649748317797 ], [ -62.478887261755602, -31.64769305362768 ], [ -62.478877452862967, -31.647749853096158 ], [ -62.47886461591969, -31.647782280409803 ], [ -62.478842332454647, -31.647806549223535 ], [ -62.478825458119204, -31.647806480327581 ], [ -62.478803265248764, -31.647814509643606 ], [ -62.478790549087698, -31.647825284295042 ], [ -62.478780951555315, -31.64784419160976 ], [ -62.478780871009064, -31.647858626712399 ], [ -62.478790257112863, -31.647877611542221 ], [ -62.478802852466799, -31.647888489544926 ], [ -62.47882495474795, -31.647896699719762 ], [ -62.478841829099686, -31.647896768615933 ], [ -62.478863931386307, -31.647904978784062 ], [ -62.478876526752565, -31.647915856779591 ], [ -62.478885912881495, -31.647934841602474 ], [ -62.478885832351189, -31.647949276705162 ], [ -62.478876234824874, -31.647968184026738 ], [ -62.478863518650932, -31.647978958685055 ], [ -62.478841325742465, -31.647986988007052 ], [ -62.478824451374436, -31.647986919110632 ], [ -62.478802258460817, -31.647994948425794 ], [ -62.478789542274754, -31.648005723076555 ], [ -62.478779944723094, -31.648024630390463 ], [ -62.478779864176119, -31.648039065492689 ], [ -62.478770266618994, -31.648057972805706 ], [ -62.478757550420603, -31.648068747453038 ], [ -62.47873535748186, -31.648076776756188 ], [ -62.478718483097886, -31.648076707845576 ], [ -62.478696290153991, -31.648084737141868 ], [ -62.478683573943471, -31.648095511781651 ], [ -62.478673976360987, -31.648114419087005 ], [ -62.478673895797364, -31.648128854188776 ], [ -62.478664298209395, -31.648147761493242 ], [ -62.478651581986561, -31.648158536129586 ], [ -62.478629389017541, -31.648166565413881 ], [ -62.47861251461763, -31.648166496489086 ], [ -62.478590321643445, -31.64817452576651 ], [ -62.478577605408496, -31.648185300395333 ], [ -62.478568007795175, -31.648204207692103 ], [ -62.478567927214897, -31.648218642793445 ], [ -62.478558329596105, -31.648237550089334 ], [ -62.478545613348814, -31.648248324714714 ], [ -62.478523420349518, -31.648256353980134 ], [ -62.478506545933676, -31.64825628504116 ], [ -62.478484534264147, -31.648231835322321 ], [ -62.478472059794704, -31.648199304636989 ], [ -62.47846288529005, -31.648142427644409 ], [ -62.478463127078705, -31.648099122340501 ], [ -62.478453952588453, -31.648042245346549 ], [ -62.478441478154046, -31.648009714657665 ], [ -62.478419466558861, -31.647985264927463 ], [ -62.478402592192268, -31.64798519597527 ], [ -62.478380671297529, -31.647944506749283 ], [ -62.478368317816546, -31.647890323400773 ], [ -62.478359355007385, -31.647795554256891 ], [ -62.478359758062737, -31.64772337874745 ], [ -62.478331811686054, -31.647628532019969 ], [ -62.478294146834457, -31.647574245217072 ], [ -62.478227931084071, -31.647533374918368 ], [ -62.478177308230897, -31.647533167981802 ], [ -62.47811082037196, -31.647541016091882 ], [ -62.478072792738615, -31.647551687182759 ], [ -62.478044211513613, -31.647570516819616 ], [ -62.478044130854379, -31.647584951921171 ], [ -62.478034533197146, -31.64760385917911 ], [ -62.478021816977574, -31.647614633753665 ], [ -62.477999624085953, -31.64762266292994 ], [ -62.477982749785987, -31.647622593922954 ], [ -62.477960647645531, -31.647614383603454 ], [ -62.477948052427394, -31.647603505518617 ], [ -62.477938666522405, -31.647584520628214 ], [ -62.477938747197939, -31.647570085526873 ], [ -62.477929361298095, -31.647551100635749 ], [ -62.477916766092072, -31.647540222547871 ], [ -62.477894663976969, -31.647532012217084 ], [ -62.477877789693672, -31.647531943196409 ], [ -62.477855687584039, -31.647523732858943 ], [ -62.477843092390344, -31.647512854763853 ], [ -62.477833706515632, -31.647493869865805 ], [ -62.477833787207089, -31.647479434764506 ], [ -62.477843384891571, -31.647460527521602 ], [ -62.477856101110241, -31.647449752964565 ], [ -62.477878293972523, -31.647441723812722 ], [ -62.477895168239527, -31.647441792833135 ], [ -62.477917361096658, -31.647433763674435 ], [ -62.477930077303206, -31.647422989109842 ], [ -62.477939674962343, -31.647404081859264 ], [ -62.477939755637145, -31.647389646757517 ], [ -62.477930369754688, -31.647370661866123 ], [ -62.477917774572568, -31.647359783778281 ], [ -62.477895672499834, -31.647351573447921 ], [ -62.477878798249122, -31.647351504427728 ], [ -62.47785669618186, -31.647343294090657 ], [ -62.477844101012067, -31.647332415995638 ], [ -62.477834715154749, -31.647313431097306 ], [ -62.477834795845482, -31.647298995995602 ], [ -62.477825409993315, -31.647280011096552 ], [ -62.477812814835637, -31.647269132998467 ], [ -62.477790712793727, -31.647260922650137 ], [ -62.477773838559671, -31.647260853616235 ], [ -62.477751781918883, -31.647244523516548 ], [ -62.477739247303553, -31.647222819085034 ], [ -62.477729967405729, -31.647184888108015 ], [ -62.477730128818713, -31.647156017904493 ], [ -62.477701865446768, -31.64711800925317 ], [ -62.4776640195536, -31.647096201245343 ], [ -62.47759766819339, -31.647079689857463 ], [ -62.477547045591166, -31.647079482673604 ], [ -62.477480648845464, -31.647071090969792 ], [ -62.47744274246088, -31.647060109223002 ], [ -62.477414373244549, -31.647041046579574 ], [ -62.47741445399938, -31.647026611478239 ], [ -62.477424051720384, -31.647007704265935 ], [ -62.477436767924388, -31.646996929749772 ], [ -62.477458960713477, -31.646988900669488 ], [ -62.477475834897561, -31.646988969744463 ], [ -62.477498027681499, -31.646980940657325 ], [ -62.477510743873381, -31.64697016613361 ], [ -62.47752034156904, -31.646951258913628 ], [ -62.477520422307215, -31.646936823811828 ], [ -62.477511036554588, -31.646917838889674 ], [ -62.477498441482183, -31.64690696076088 ], [ -62.477476339553931, -31.646898750358879 ], [ -62.477459465386147, -31.646898681284128 ], [ -62.477437408885713, -31.646882351130703 ], [ -62.477424874391232, -31.646860646668429 ], [ -62.47741559465522, -31.646822715668176 ], [ -62.477415756163076, -31.646793845464448 ], [ -62.477406476436997, -31.646755914463263 ], [ -62.477393941966284, -31.646734209997753 ], [ -62.477371885515879, -31.646717879833137 ], [ -62.477355011381036, -31.646717810744931 ], [ -62.477332909510274, -31.646709600318481 ], [ -62.477320314486597, -31.646698722172285 ], [ -62.477310928798062, -31.646679737235409 ], [ -62.477311009567742, -31.646665302133467 ], [ -62.477301623884372, -31.646646317195863 ], [ -62.477289028872811, -31.646635439046616 ], [ -62.477266927027394, -31.646627228608892 ], [ -62.477250052909213, -31.646627159506998 ], [ -62.477227951069281, -31.646618949062589 ], [ -62.47721535607004, -31.646608070906137 ], [ -62.477205970411788, -31.646589085961612 ], [ -62.477206051197406, -31.646574650859701 ], [ -62.477177682176119, -31.646555588164368 ], [ -62.477139776036786, -31.646544606329382 ], [ -62.477073379710276, -31.64653621441753 ], [ -62.477022757406807, -31.646536007028921 ], [ -62.476956270170774, -31.646543854545456 ], [ -62.47691824281825, -31.64655452529701 ], [ -62.476889661672416, -31.64657335467906 ], [ -62.47688958083792, -31.646587789780224 ], [ -62.476842016298612, -31.646606541355467 ], [ -62.476778677735261, -31.646617108327007 ], [ -62.476667895867699, -31.646624774125758 ], [ -62.476583525287694, -31.64662442819807 ], [ -62.476472756743064, -31.646629712607158 ], [ -62.476409435920594, -31.646637104434831 ], [ -62.476361902407589, -31.646650299649785 ], [ -62.476361845221049, -31.646660501469611 ], [ -62.476361695106263, -31.646687281246617 ], [ -62.476697827323427, -31.64820139490984 ], [ -62.4768255099331, -31.648776530793576 ] ] ], [ [ [ -62.475208260403221, -31.641491243973864 ], [ -62.475356636560093, -31.642159686717797 ], [ -62.47574613374789, -31.643914347877867 ], [ -62.47578972501821, -31.643914526890839 ], [ -62.475806331216539, -31.643914595082336 ], [ -62.475828172408846, -31.643906564833983 ], [ -62.475840687797678, -31.643895789645445 ], [ -62.475850135077366, -31.643876881924552 ], [ -62.475850216063918, -31.643862446819647 ], [ -62.475859813765204, -31.643843539715526 ], [ -62.475872529711175, -31.643832765347174 ], [ -62.475894721874951, -31.643824736528156 ], [ -62.475911595483304, -31.643824805803728 ], [ -62.475933787641921, -31.643816776977893 ], [ -62.475946503575791, -31.643806002601956 ], [ -62.475956101251718, -31.643787095490165 ], [ -62.475956182221623, -31.643772660384812 ], [ -62.475965779892078, -31.643753753272129 ], [ -62.475978495813607, -31.643742978892778 ], [ -62.476000687947113, -31.643734950054913 ], [ -62.476017561539535, -31.643735019316313 ], [ -62.476039753667884, -31.643726990471599 ], [ -62.476052469577304, -31.643716216084695 ], [ -62.476062067222415, -31.643697308964335 ], [ -62.47606214817565, -31.643682873858534 ], [ -62.476081237203914, -31.64366400569175 ], [ -62.476106608283366, -31.643653283237352 ], [ -62.476150946954029, -31.643645345259447 ], [ -62.476184694107353, -31.643645483739938 ], [ -62.476228941724841, -31.64365378522935 ], [ -62.476254191399832, -31.643664715404864 ], [ -62.476273067969537, -31.643683739362988 ], [ -62.476272987048887, -31.643698174469272 ], [ -62.476310846417874, -31.643717276300212 ], [ -62.47636140650792, -31.643728310284455 ], [ -62.476449947365019, -31.643736793379034 ], [ -62.476517441741208, -31.643737070173746 ], [ -62.476606073600387, -31.643729313665016 ], [ -62.476656755025758, -31.643718694872113 ], [ -62.476694826729059, -31.643699904433756 ], [ -62.476694907584537, -31.643685469326492 ], [ -62.476732979266693, -31.643666678876404 ], [ -62.476783660644308, -31.643656060032512 ], [ -62.476872292407158, -31.643648303337759 ], [ -62.476939786723996, -31.643648579908483 ], [ -62.477028282111917, -31.643665182350052 ], [ -62.477078781665703, -31.643687042381949 ], [ -62.477116535161123, -31.64372509005516 ], [ -62.477116373580145, -31.6437539602714 ], [ -62.477125652907965, -31.643791891306964 ], [ -62.477138186931285, -31.643813595803824 ], [ -62.477160242662045, -31.643829926008365 ], [ -62.477177116274746, -31.643829995116679 ], [ -62.477199172016228, -31.64384632531457 ], [ -62.477211706063848, -31.643868029804295 ], [ -62.477220985441122, -31.643905960832804 ], [ -62.477220823891287, -31.643934831048696 ], [ -62.477230103278494, -31.643972762076249 ], [ -62.477242637349882, -31.643994466562763 ], [ -62.477264693141386, -31.644010796749463 ], [ -62.477281566787035, -31.644010865844322 ], [ -62.477303622589297, -31.644027196024371 ], [ -62.477316156684971, -31.644048900503755 ], [ -62.477325436121639, -31.644086831524231 ], [ -62.477325274602933, -31.644115701739789 ], [ -62.477315571169036, -31.644153555035011 ], [ -62.477302794770857, -31.644175155878621 ], [ -62.477280557209596, -31.644191304690342 ], [ -62.477272120370465, -31.644191270142937 ], [ -62.477263683531362, -31.644191235594974 ], [ -62.477241491394174, -31.644199264651846 ], [ -62.477228775553556, -31.644210039157162 ], [ -62.477219178089058, -31.644228946365718 ], [ -62.477219097312862, -31.64424338147295 ], [ -62.477209499842886, -31.644262288680629 ], [ -62.477196783989939, -31.644273063182506 ], [ -62.477174591827634, -31.644281092227356 ], [ -62.477166154980537, -31.644281057672874 ], [ -62.477157718133462, -31.644281023117816 ], [ -62.47713548052203, -31.644297171903457 ], [ -62.477122704062346, -31.644318772727896 ], [ -62.47711300052427, -31.644356626005386 ], [ -62.477112838938218, -31.644385496218749 ], [ -62.477122118323528, -31.644423427251493 ], [ -62.477134652428582, -31.644445131747471 ], [ -62.477156708306175, -31.644461461952634 ], [ -62.477173582032933, -31.644461531062639 ], [ -62.477195683360321, -31.644469741513657 ], [ -62.477208278072624, -31.644480619672528 ], [ -62.477217663525849, -31.644499604620858 ], [ -62.47721758274858, -31.644514039727479 ], [ -62.477226968206956, -31.644533024675077 ], [ -62.477239562931366, -31.644543902830883 ], [ -62.477261664284114, -31.644552113270642 ], [ -62.47727853802752, -31.644552182366962 ], [ -62.477300639385739, -31.64456039280001 ], [ -62.477313234122477, -31.644571270948646 ], [ -62.477322619605985, -31.64459025588933 ], [ -62.477322538844639, -31.644604690995973 ], [ -62.477331924333313, -31.644623675935929 ], [ -62.477344519082159, -31.644634554081481 ], [ -62.477366620465723, -31.644642764503288 ], [ -62.477383494225784, -31.644642833585909 ], [ -62.477405459351345, -31.644675403243557 ], [ -62.477417872435126, -31.644718760371877 ], [ -62.477426940018084, -31.644794583536715 ], [ -62.477426617034254, -31.644852323962226 ], [ -62.477435684635672, -31.644928147125068 ], [ -62.477448097765382, -31.644971504249259 ], [ -62.477470062989212, -31.645004073895194 ], [ -62.477486936814813, -31.645004142964847 ], [ -62.477509038298223, -31.645012353362603 ], [ -62.477521633119679, -31.645023231490814 ], [ -62.477531018689817, -31.645042216415785 ], [ -62.477530937959251, -31.645056651521898 ], [ -62.477540323534534, -31.645075636446137 ], [ -62.477552918368112, -31.645086514571286 ], [ -62.477575019876873, -31.645094724957779 ], [ -62.477591893719136, -31.645094794013726 ], [ -62.477613949829525, -31.645111124140747 ], [ -62.477626484139464, -31.645132828588338 ], [ -62.477635763803626, -31.645170759582374 ], [ -62.477635602373987, -31.645199629794465 ], [ -62.477644882048104, -31.645237560787546 ], [ -62.477657416381795, -31.645259265231935 ], [ -62.477679472542228, -31.645275595347755 ], [ -62.477696346417432, -31.645275664390251 ], [ -62.47771835719351, -31.645300114246535 ], [ -62.477730831027131, -31.645332645013237 ], [ -62.477740004834594, -31.645389522075586 ], [ -62.477739762736306, -31.645432827392899 ], [ -62.47774893655815, -31.645489704453905 ], [ -62.477761410426815, -31.645522235217019 ], [ -62.477783421277223, -31.645546685061962 ], [ -62.477800295201668, -31.645546754091239 ], [ -62.47782235145457, -31.645563084182658 ], [ -62.477834885872333, -31.645584788609433 ], [ -62.477844165663512, -31.645622719587038 ], [ -62.477844004295434, -31.645651589798035 ], [ -62.477853284096575, -31.645689520774692 ], [ -62.477865818538085, -31.645711225198269 ], [ -62.477887874841016, -31.645727555278473 ], [ -62.477904748798423, -31.645727624294302 ], [ -62.477926532845117, -31.645792672848554 ], [ -62.477938704302012, -31.645879335238529 ], [ -62.477947348893828, -31.646030942659308 ], [ -62.477946703537377, -31.646146423497044 ], [ -62.477955348160485, -31.646298030911375 ], [ -62.477967519703064, -31.646384693292742 ], [ -62.477989303940106, -31.646449741831749 ], [ -62.478006178028224, -31.646449810835581 ], [ -62.478028279898766, -31.646458021145765 ], [ -62.478040874973878, -31.646468899223056 ], [ -62.478050260791015, -31.646487884108268 ], [ -62.478050180136115, -31.646502319212313 ], [ -62.478059565958411, -31.64652130409679 ], [ -62.478072161045631, -31.646532182171018 ], [ -62.478094262941518, -31.646540392469952 ], [ -62.478111137046305, -31.646540461460074 ], [ -62.478133329670129, -31.646532432260173 ], [ -62.478146045727854, -31.64652165767097 ], [ -62.478155643248201, -31.646502750399996 ], [ -62.478155723886793, -31.646488315295716 ], [ -62.478165321401669, -31.646469408023879 ], [ -62.478178037447066, -31.646458633431241 ], [ -62.478200230045765, -31.646450604219321 ], [ -62.478217104134607, -31.646450673195268 ], [ -62.478239069968694, -31.64648324270803 ], [ -62.478251483668416, -31.646526599749819 ], [ -62.478260552082666, -31.646602422843245 ], [ -62.478260229591299, -31.646660163260076 ], [ -62.478269298024024, -31.646735986351501 ], [ -62.478281711769668, -31.646779343389166 ], [ -62.47830367770203, -31.646811912890204 ], [ -62.47832055185642, -31.64681198185318 ], [ -62.478342744527652, -31.646803952617706 ], [ -62.478355460598941, -31.646793178008227 ], [ -62.478365058105851, -31.646774270722169 ], [ -62.478365138712938, -31.646759835618017 ], [ -62.478384227919101, -31.646740967117662 ], [ -62.478409599581887, -31.646730244216887 ], [ -62.478453939532997, -31.646722305456514 ], [ -62.478487687810258, -31.64672244334017 ], [ -62.478531937097614, -31.646730744045271 ], [ -62.478557187875161, -31.646741673771903 ], [ -62.478576065531399, -31.646760697392125 ], [ -62.478575984956905, -31.646775132496735 ], [ -62.478594862623673, -31.646794156114204 ], [ -62.478620113425798, -31.646805085828532 ], [ -62.478664362764633, -31.646813386488166 ], [ -62.478698111075936, -31.646813524316535 ], [ -62.478742360426089, -31.646821824949242 ], [ -62.478767611253339, -31.64683275463462 ], [ -62.478786488971025, -31.646851778224107 ], [ -62.478786408428753, -31.646866213329009 ], [ -62.478805286156977, -31.646885236915729 ], [ -62.478830537008797, -31.646896166588803 ], [ -62.478874786410437, -31.646904467176054 ], [ -62.478908534755767, -31.646904604949139 ], [ -62.478952784168733, -31.646912905509453 ], [ -62.478978035045678, -31.64692383515359 ], [ -62.478996912824812, -31.646942858712347 ], [ -62.47899683231477, -31.646957293817522 ], [ -62.479006218374828, -31.64697627863363 ], [ -62.479018813634234, -31.646987156615523 ], [ -62.479040915722813, -31.646995366752023 ], [ -62.479057789912325, -31.646995435617896 ], [ -62.479079982565885, -31.646987406254265 ], [ -62.479092698578512, -31.646976631571004 ], [ -62.479102295956409, -31.646957724228631 ], [ -62.47910237645015, -31.646943289123197 ], [ -62.479121465547053, -31.64692442051194 ], [ -62.479146837177517, -31.646913697464559 ], [ -62.479191177157062, -31.64690575844859 ], [ -62.47922492550456, -31.646905896138023 ], [ -62.479269265474159, -31.646897957094829 ], [ -62.479294637080855, -31.646887234017754 ], [ -62.479313726127721, -31.646868365377031 ], [ -62.479313806588515, -31.646853930270908 ], [ -62.479332895624658, -31.646835061627105 ], [ -62.479358267207047, -31.646824338537016 ], [ -62.47940260712717, -31.646816399446838 ], [ -62.479436355443525, -31.646816537080049 ], [ -62.479480604864477, -31.646824837457551 ], [ -62.479505855781071, -31.646835766997835 ], [ -62.479524733651317, -31.64685479047975 ], [ -62.479524653223102, -31.646869225586347 ], [ -62.479543531103886, -31.646888249065505 ], [ -62.479568782045057, -31.646899178593483 ], [ -62.479613031517481, -31.646907478925531 ], [ -62.479646779867927, -31.646907616503444 ], [ -62.479691119804592, -31.646899677313328 ], [ -62.47971649136457, -31.646888954151894 ], [ -62.479735580327521, -31.646870085447166 ], [ -62.479735660723129, -31.646855650340079 ], [ -62.479773733108466, -31.64683685899973 ], [ -62.479824415883513, -31.646826238968632 ], [ -62.479913050436771, -31.646818480196135 ], [ -62.479980547076693, -31.646818755183759 ], [ -62.480069181611462, -31.646810996302627 ], [ -62.480119864340573, -31.646800376153671 ], [ -62.48015793662762, -31.646781584697464 ], [ -62.480158016957695, -31.64676714958922 ], [ -62.480167614098981, -31.646748242163593 ], [ -62.480180329954791, -31.646737467369885 ], [ -62.480202522453133, -31.646729437809039 ], [ -62.480219396597711, -31.646729506520852 ], [ -62.480241589090895, -31.646721476953164 ], [ -62.480254304934576, -31.646710702151907 ], [ -62.480263902050524, -31.646691794718592 ], [ -62.480263982363937, -31.6466773596099 ], [ -62.480245104376856, -31.646658336235539 ], [ -62.480219853419278, -31.646647406840806 ], [ -62.480175604012686, -31.646639106719526 ], [ -62.48015872988455, -31.646639038002096 ], [ -62.480141855756457, -31.646638969282442 ], [ -62.480097606361184, -31.646630669134233 ], [ -62.480072355428717, -31.646619739710527 ], [ -62.480053477492554, -31.646600716308217 ], [ -62.480053557838197, -31.646586281199788 ], [ -62.480063154981394, -31.646567373781505 ], [ -62.480075870824166, -31.646556598997748 ], [ -62.480098063288011, -31.646548569454492 ], [ -62.480114937399676, -31.646548638179752 ], [ -62.480137129858335, -31.64654060862965 ], [ -62.480149845689006, -31.64652983383835 ], [ -62.480159442806844, -31.646510926412383 ], [ -62.480159523135839, -31.646496491303502 ], [ -62.480169120248213, -31.646477583876671 ], [ -62.480181836066542, -31.646466809081954 ], [ -62.480204028500111, -31.646458779519818 ], [ -62.480220902595811, -31.6464588482309 ], [ -62.480243095024214, -31.646450818661911 ], [ -62.480255810830428, -31.646440043859663 ], [ -62.480265407917457, -31.646421136425133 ], [ -62.480265488229797, -31.646406701315815 ], [ -62.48025610196796, -31.646387716588489 ], [ -62.480243506642466, -31.646376838726983 ], [ -62.480221404590679, -31.646368628798356 ], [ -62.480212967550962, -31.646368594443214 ], [ -62.480204530511266, -31.64636856008751 ], [ -62.480182473647744, -31.646352230403235 ], [ -62.480169938580794, -31.64633052620259 ], [ -62.480160657776651, -31.646292595387308 ], [ -62.480160818432829, -31.646263725168563 ], [ -62.480170520948803, -31.646225871659457 ], [ -62.480183296975582, -31.646204270531609 ], [ -62.480205534526824, -31.646188121219037 ], [ -62.480222408573638, -31.646188189929401 ], [ -62.480244600937276, -31.646180160359133 ], [ -62.480257316706016, -31.646169385555854 ], [ -62.480266913764126, -31.646150478120109 ], [ -62.480266994075386, -31.646136043010181 ], [ -62.480210149618962, -31.646116865042327 ], [ -62.480134276715603, -31.646105729489182 ], [ -62.480001438915707, -31.646097068495113 ], [ -62.47995081682658, -31.646096862270223 ], [ -62.479900194737965, -31.646096656025264 ], [ -62.479767356976247, -31.646087994787965 ], [ -62.479691484152944, -31.646076858972386 ], [ -62.479634639854297, -31.646057680749728 ], [ -62.479634720262951, -31.646043245641039 ], [ -62.47959685926412, -31.646024144785336 ], [ -62.479546297534434, -31.646013112069014 ], [ -62.479457754210003, -31.646004631098826 ], [ -62.479424006186832, -31.646004493474404 ], [ -62.479390258163903, -31.646004355841072 ], [ -62.479301760122233, -31.645987755014595 ], [ -62.479251258799508, -31.645965895850932 ], [ -62.479213503533202, -31.645927848803222 ], [ -62.479213664479801, -31.645898978587173 ], [ -62.479204384105273, -31.645861047704457 ], [ -62.479191849331215, -31.645839343409254 ], [ -62.479169792770904, -31.645823013551897 ], [ -62.479161355781883, -31.645822979127782 ], [ -62.47915291879287, -31.645822944703092 ], [ -62.479130907516513, -31.645798495090801 ], [ -62.479118433133479, -31.645765964457357 ], [ -62.4791092584517, -31.645709087487941 ], [ -62.479109499917776, -31.645665782163036 ], [ -62.479119308432033, -31.645608982654355 ], [ -62.479132144977505, -31.645576555299915 ], [ -62.479154427827488, -31.645552286420589 ], [ -62.479171301756622, -31.645552355268656 ], [ -62.479193539323369, -31.645536206130959 ], [ -62.479206315477953, -31.645514605099986 ], [ -62.479216018297357, -31.645476751662343 ], [ -62.479216179240346, -31.645447881444227 ], [ -62.479225882048439, -31.645410028005315 ], [ -62.479238658177898, -31.64538842697042 ], [ -62.479260895693734, -31.645372277820012 ], [ -62.479277769590659, -31.645372346653659 ], [ -62.479300142869079, -31.645331838249003 ], [ -62.479313099996489, -31.645277758209374 ], [ -62.479323119535117, -31.645183066516381 ], [ -62.479323521804794, -31.645110890966283 ], [ -62.479314558250643, -31.645016121840754 ], [ -62.479302204588841, -31.644961938556175 ], [ -62.479280283989979, -31.644921249468876 ], [ -62.479271847082252, -31.644921215052939 ], [ -62.479263410174525, -31.644921180636427 ], [ -62.479241353815944, -31.644904850791303 ], [ -62.47922881915828, -31.64488314649779 ], [ -62.479219538872407, -31.644845215611184 ], [ -62.479219699810344, -31.6448163453902 ], [ -62.479238894054284, -31.644778530667462 ], [ -62.479264325431544, -31.644756981253629 ], [ -62.479308709631205, -31.644740922433158 ], [ -62.479342457197291, -31.644741060083138 ], [ -62.479386615130736, -31.644765599985124 ], [ -62.479411744824283, -31.644798182207929 ], [ -62.479430411123964, -31.64485509787146 ], [ -62.479430169814286, -31.644898403204071 ], [ -62.479458327669292, -31.644955357569131 ], [ -62.479496112809208, -31.644987991380493 ], [ -62.479562417804985, -31.645012621524398 ], [ -62.479613039303466, -31.645012827897002 ], [ -62.479678358825225, -31.645005116681151 ], [ -62.479679525245167, -31.64500497898057 ], [ -62.479681046301963, -31.645004552117314 ], [ -62.479717551661011, -31.644994307393613 ], [ -62.479746131758354, -31.644975477362358 ], [ -62.479746212146388, -31.64496104225098 ], [ -62.479765300703704, -31.644942173531806 ], [ -62.479790671720416, -31.64493145034653 ], [ -62.479835010705166, -31.644923511093722 ], [ -62.479868758340089, -31.644923648605278 ], [ -62.479913097314842, -31.644915709325236 ], [ -62.479938468307786, -31.644904986110273 ], [ -62.479957556815066, -31.644886117361644 ], [ -62.479957637170166, -31.644871682249565 ], [ -62.47996723415141, -31.644852774831737 ], [ -62.479979949768804, -31.644842000052265 ], [ -62.48000214183115, -31.64483397051923 ], [ -62.480019015632841, -31.644834039253848 ], [ -62.48004125288238, -31.644817889963232 ], [ -62.480054028741506, -31.644796288841832 ], [ -62.480063731139474, -31.644758435330981 ], [ -62.480063891815981, -31.644729565105727 ], [ -62.480073594202629, -31.64469171159363 ], [ -62.480086370036638, -31.644670110468287 ], [ -62.48010860723528, -31.64465396116498 ], [ -62.480125481004741, -31.644654029885174 ], [ -62.480147582644399, -31.64466223982814 ], [ -62.480160177730355, -31.644673117699423 ], [ -62.48016956380544, -31.644692102436832 ], [ -62.48016948348365, -31.644706537549801 ], [ -62.480188361066595, -31.644725560936731 ], [ -62.480213611504212, -31.644736490335355 ], [ -62.480257860015641, -31.644744790436242 ], [ -62.480291607588221, -31.644744927835319 ], [ -62.480335856110955, -31.644753227909288 ], [ -62.480361106573703, -31.644764157278949 ], [ -62.480379984207552, -31.644783180637916 ], [ -62.480379903917992, -31.644797615751166 ], [ -62.480370307025645, -31.644816523201143 ], [ -62.480357591456212, -31.644827298020065 ], [ -62.480335399425122, -31.644835327615244 ], [ -62.480326962523705, -31.644835293269125 ], [ -62.480318525622323, -31.644835258922431 ], [ -62.480296333586061, -31.64484328851076 ], [ -62.480283618004528, -31.644854063322153 ], [ -62.480274021086821, -31.644872970764439 ], [ -62.480273940780613, -31.644887405877252 ], [ -62.480264343857442, -31.644906313318664 ], [ -62.480251628263574, -31.644917088126626 ], [ -62.480229436202208, -31.644925117702947 ], [ -62.480220999292825, -31.644925083349737 ], [ -62.480212562383485, -31.644925048995947 ], [ -62.480190325137322, -31.644941198316182 ], [ -62.480177549289202, -31.644962799450891 ], [ -62.480167846914789, -31.645000652969433 ], [ -62.480167686268707, -31.645029523193934 ], [ -62.480157983882982, -31.645067376711228 ], [ -62.480145208009745, -31.645088977841983 ], [ -62.480122970712685, -31.645105127149524 ], [ -62.480114533787201, -31.645105092789102 ], [ -62.480106096861753, -31.645105058428104 ], [ -62.480083904743339, -31.645113087978288 ], [ -62.480071189100421, -31.645123862767392 ], [ -62.480061592111426, -31.645142770192155 ], [ -62.480061511771559, -31.645157205303871 ], [ -62.480042423228852, -31.645176074066875 ], [ -62.480017052173444, -31.645186797301378 ], [ -62.479972713077977, -31.645194736615892 ], [ -62.479955839211229, -31.645194667874463 ], [ -62.47993896534458, -31.645194599130768 ], [ -62.479894626239123, -31.645202538418062 ], [ -62.479869255159961, -31.645213261622892 ], [ -62.479850166567211, -31.645232130356437 ], [ -62.479850086194389, -31.645246565467449 ], [ -62.479840489147932, -31.645265472874616 ], [ -62.479827773456293, -31.645276247638694 ], [ -62.479805581273808, -31.645284277139567 ], [ -62.479797144332558, -31.645284242757988 ], [ -62.47978870739135, -31.645284208375834 ], [ -62.479766515203671, -31.645292237869867 ], [ -62.479753799499932, -31.6453030126264 ], [ -62.479744202428122, -31.645321920025886 ], [ -62.479744122038646, -31.64533635513645 ], [ -62.479762999659414, -31.645355378584849 ], [ -62.479788250215186, -31.645366308067846 ], [ -62.479832498984152, -31.645374608318168 ], [ -62.47986624678196, -31.645374745832136 ], [ -62.47991049556223, -31.645383046055549 ], [ -62.47993574614312, -31.645393975509581 ], [ -62.479954623814812, -31.645412998930013 ], [ -62.479954543457552, -31.645427434040865 ], [ -62.479963929564164, -31.645446418791515 ], [ -62.479976524732834, -31.64545729668049 ], [ -62.479998626548038, -31.645465506650119 ], [ -62.480015500463779, -31.645465575386428 ], [ -62.480037602284455, -31.645473785349367 ], [ -62.480050197465467, -31.645484663231166 ], [ -62.480059583597189, -31.645503647974891 ], [ -62.480059503255873, -31.645518083085769 ], [ -62.480087872562727, -31.645537145146683 ], [ -62.480125778654497, -31.645548126107233 ], [ -62.480192174577631, -31.645556516428037 ], [ -62.480242796375904, -31.645556722554076 ], [ -62.480309147146144, -31.645573232564296 ], [ -62.480346993056614, -31.645595039793054 ], [ -62.480375257061809, -31.645633047874377 ], [ -62.480375096475839, -31.645661918096962 ], [ -62.480384377308397, -31.645699848900641 ], [ -62.480396912343018, -31.645721553082002 ], [ -62.480418969097272, -31.645737882729623 ], [ -62.48043584306334, -31.64573795141089 ], [ -62.4804578095127, -31.645770520552002 ], [ -62.480470224155567, -31.645813877392929 ], [ -62.480479294312417, -31.645889700355827 ], [ -62.480478973201365, -31.645947440799507 ], [ -62.480516518281753, -31.64602337964433 ], [ -62.48056689954187, -31.646066890976979 ], [ -62.480655307613596, -31.646099730429139 ], [ -62.480722803742168, -31.646100005018727 ], [ -62.480811437540012, -31.64609224561331 ], [ -62.480862119797898, -31.646081625163337 ], [ -62.480900191643805, -31.646062833478879 ], [ -62.480900271856932, -31.646048398367306 ], [ -62.480909868772827, -31.646029490881332 ], [ -62.48092258444504, -31.646018716010492 ], [ -62.480944776709812, -31.64601068631719 ], [ -62.480961650726556, -31.646010754929488 ], [ -62.480983842986163, -31.646002725229323 ], [ -62.480996558646261, -31.645991950350943 ], [ -62.481006155536811, -31.645973042857296 ], [ -62.481006235733275, -31.645958607745261 ], [ -62.481014893394473, -31.645939696432169 ], [ -62.481026356743982, -31.645928916459138 ], [ -62.481046357456684, -31.645920877837931 ], [ -62.481061561726456, -31.645920939648683 ], [ -62.481101472934839, -31.64592110189334 ], [ -62.480826502809961, -31.644745299973888 ], [ -62.480770040470901, -31.644503857277318 ], [ -62.480743764897859, -31.644391497973583 ], [ -62.480730735017843, -31.64433577965054 ], [ -62.480721754051956, -31.644297375240082 ], [ -62.480446793196982, -31.64312157230739 ], [ -62.480422615460242, -31.643121473903804 ], [ -62.480418010177068, -31.643121455159733 ], [ -62.480413404893895, -31.643121436415516 ], [ -62.480401270867503, -31.643129506964478 ], [ -62.480394302730566, -31.64314030518495 ], [ -62.480389016414527, -31.643159230187742 ], [ -62.480388936131455, -31.643173665304694 ], [ -62.480379339412579, -31.643192572761958 ], [ -62.480366624067976, -31.643203347586908 ], [ -62.480344432425461, -31.643211377189864 ], [ -62.480335995670679, -31.643211342845916 ], [ -62.480327558915938, -31.643211308501389 ], [ -62.480305367268244, -31.643219338097488 ], [ -62.480292651911519, -31.643230112914896 ], [ -62.480283055167298, -31.643249020364483 ], [ -62.480282974867578, -31.643263455480987 ], [ -62.480273378117879, -31.643282362929703 ], [ -62.480260662748833, -31.643293137743676 ], [ -62.480238471076042, -31.643301167327763 ], [ -62.480230034313301, -31.643301132976717 ], [ -62.480221597550596, -31.643301098625106 ], [ -62.480199405872611, -31.643309128202343 ], [ -62.48018669049145, -31.643319903008791 ], [ -62.480177093716414, -31.643338810449819 ], [ -62.480177013400038, -31.643353245565869 ], [ -62.480157925254368, -31.643372114355689 ], [ -62.480132554704852, -31.643382837621598 ], [ -62.48008821647705, -31.643390776987804 ], [ -62.480071342935794, -31.64339070826512 ], [ -62.480054469394659, -31.64339063954019 ], [ -62.480010311926968, -31.643366099869112 ], [ -62.479985182400789, -31.643333517758744 ], [ -62.479966516052286, -31.643276602162452 ], [ -62.47996675709809, -31.643233296815122 ], [ -62.479957582124939, -31.643176419881293 ], [ -62.479945107789526, -31.643143889315979 ], [ -62.479923096924715, -31.643119439834621 ], [ -62.479914660178828, -31.643119405462901 ], [ -62.479906223432955, -31.643119371090616 ], [ -62.479884167381122, -31.643103041355349 ], [ -62.479871632808759, -31.643081337119838 ], [ -62.479862352429421, -31.643043406268415 ], [ -62.479862513157407, -31.643014536036318 ], [ -62.479834250139021, -31.642976527836709 ], [ -62.479796405402269, -31.642954720459734 ], [ -62.479730056579491, -31.642938210197272 ], [ -62.479704746391739, -31.642938107042706 ], [ -62.47967943620413, -31.642938003883113 ], [ -62.479612951736001, -31.642945852817903 ], [ -62.479574926145908, -31.642956524385969 ], [ -62.479546346638266, -31.642975354391115 ], [ -62.479546266225576, -31.642989789506554 ], [ -62.479498704047487, -31.643008542107832 ], [ -62.479435368210623, -31.643019110433134 ], [ -62.479324590798164, -31.643026778590304 ], [ -62.479282407114617, -31.643026606528828 ], [ -62.479240223431539, -31.643026434453411 ], [ -62.479129445996755, -31.643034102440961 ], [ -62.479066110103453, -31.643044670582391 ], [ -62.479018547803527, -31.643063423003262 ], [ -62.479018467309018, -31.643077858117273 ], [ -62.478999378988988, -31.643096726732743 ], [ -62.478974008385144, -31.643107449768223 ], [ -62.478929670195868, -31.643115388732717 ], [ -62.478912796707462, -31.643115319857447 ], [ -62.478895923219163, -31.643115250979918 ], [ -62.478851766190793, -31.643090710911693 ], [ -62.478826637144685, -31.643058128577024 ], [ -62.478807971557039, -31.64300121281709 ], [ -62.478808213137242, -31.642957907475861 ], [ -62.478818021525726, -31.642901107965219 ], [ -62.47883085778939, -31.642868680624474 ], [ -62.4788531400606, -31.642844411781347 ], [ -62.478870013499879, -31.642844480663982 ], [ -62.478892114600256, -31.642852690820838 ], [ -62.478904709297346, -31.642863568814846 ], [ -62.478914094939555, -31.642882553645222 ], [ -62.478914014429478, -31.642896988759407 ], [ -62.478932891393804, -31.642916012330673 ], [ -62.47895814119493, -31.642926941973858 ], [ -62.479002388733697, -31.642935242501835 ], [ -62.479036135645913, -31.642935380225797 ], [ -62.479080473741071, -31.642927441223073 ], [ -62.479105844283829, -31.642916718165463 ], [ -62.479124932545261, -31.642897849532915 ], [ -62.47912501302276, -31.64288341441824 ], [ -62.479163083897632, -31.642864623232228 ], [ -62.479213764576834, -31.642854003414495 ], [ -62.479302395400943, -31.642846245021094 ], [ -62.479369889164523, -31.642846520300793 ], [ -62.479458519970159, -31.642838761798771 ], [ -62.479509200603438, -31.642828141863188 ], [ -62.479547271380035, -31.642809350561357 ], [ -62.479547351792, -31.642794915445499 ], [ -62.479620785588146, -31.642776268289349 ], [ -62.479718616886259, -31.642765840464495 ], [ -62.479889761338853, -31.642758417927542 ], [ -62.480020122665366, -31.642758948985801 ], [ -62.480362321163838, -31.642760342380427 ], [ -62.480324203621379, -31.642597338443966 ], [ -62.480229278996227, -31.642191405105052 ], [ -62.480178596679039, -31.641974667050192 ], [ -62.480045556681397, -31.641405729537638 ], [ -62.480016733796973, -31.641405612140648 ], [ -62.480011243723766, -31.641405589778586 ], [ -62.480005753650559, -31.641405567416278 ], [ -62.479991297017762, -31.64141362846912 ], [ -62.479983001652045, -31.641424421264254 ], [ -62.479976719870486, -31.641443342200162 ], [ -62.479976639529106, -31.641457777320053 ], [ -62.479967042908612, -31.641476684752394 ], [ -62.479954327753489, -31.641487459541164 ], [ -62.479932136486333, -31.641495489078611 ], [ -62.47992369988706, -31.641495454709069 ], [ -62.479915263287808, -31.641495420338952 ], [ -62.479893072015471, -31.64150344986955 ], [ -62.479880356848248, -31.641514224650773 ], [ -62.479870760202402, -31.641533132075445 ], [ -62.479870679844367, -31.641547567194884 ], [ -62.4798326096493, -31.641566358603125 ], [ -62.479781929737463, -31.641576978676976 ], [ -62.479693300153997, -31.64158473741827 ], [ -62.479659553726002, -31.641584599873262 ], [ -62.479625807298312, -31.641584462319329 ], [ -62.479537132465801, -31.641600340706198 ], [ -62.479486392190381, -31.641621787000918 ], [ -62.479448216333196, -31.641659524385837 ], [ -62.479448055485705, -31.641688394622168 ], [ -62.479466826766838, -31.641726364209106 ], [ -62.479492015999632, -31.641748120084507 ], [ -62.479536217800955, -31.641764540177419 ], [ -62.479569964293198, -31.641764677755713 ], [ -62.479614211340511, -31.641772978067777 ], [ -62.479639460916381, -31.641783907575693 ], [ -62.479658337808459, -31.641802931042154 ], [ -62.479658257416759, -31.641817366160488 ], [ -62.479639169485822, -31.641836234879523 ], [ -62.479613799297951, -31.641846958048742 ], [ -62.479569461759539, -31.64185489724407 ], [ -62.479552588497057, -31.641854828455795 ], [ -62.479535715234675, -31.641854759665275 ], [ -62.479491287216369, -31.641878938340898 ], [ -62.479465796367705, -31.641911314156907 ], [ -62.479446497263623, -31.641968075029794 ], [ -62.479446255988591, -31.642011380382129 ], [ -62.479436448082701, -31.64206817995408 ], [ -62.479423612142433, -31.642100607363226 ], [ -62.479401330198179, -31.642124876312266 ], [ -62.479392893542801, -31.642124841907048 ], [ -62.479384456887431, -31.642124807501244 ], [ -62.479362265420548, -31.642132836936653 ], [ -62.479349550106157, -31.642143611662387 ], [ -62.479339953286967, -31.642162519043431 ], [ -62.479339872844939, -31.642176954160224 ], [ -62.479349258509139, -31.642195938960839 ], [ -62.479361853172712, -31.64220681691048 ], [ -62.479383954167545, -31.64221502698183 ], [ -62.47940082749458, -31.642215095793095 ], [ -62.479422883253363, -31.642231425610991 ], [ -62.479435417609707, -31.642253129891081 ], [ -62.479444697741485, -31.64229106077552 ], [ -62.479444536888927, -31.642319931008963 ], [ -62.479406360725612, -31.642357668373997 ], [ -62.479355620007063, -31.642379114609447 ], [ -62.479266944375183, -31.64239499279801 ], [ -62.479233197656924, -31.642394855137148 ], [ -62.479199450938886, -31.642394717467372 ], [ -62.479110911074059, -31.642386236289155 ], [ -62.479060351367167, -31.642375203395943 ], [ -62.479022491963754, -31.642356102376255 ], [ -62.479022572455371, -31.642341667260588 ], [ -62.479013186843716, -31.642322682436948 ], [ -62.479000592205828, -31.642311804453364 ], [ -62.47897849122289, -31.642303594315891 ], [ -62.478970054551937, -31.642303559882539 ], [ -62.478961617881012, -31.642303525448614 ], [ -62.478939381052484, -31.642319674561961 ], [ -62.478926605284414, -31.642341275581042 ], [ -62.47891690269244, -31.642379129017474 ], [ -62.478916741676265, -31.642407999248107 ], [ -62.478897547803825, -31.64244581394026 ], [ -62.47887211698005, -31.642467363294674 ], [ -62.478827733793466, -31.642483421979907 ], [ -62.478810860419514, -31.64248335309237 ], [ -62.47879398704562, -31.642483284202598 ], [ -62.478749739739889, -31.642474983604316 ], [ -62.478724490085128, -31.642464053920708 ], [ -62.478705613253652, -31.642445030318736 ], [ -62.47870569379451, -31.642430595204004 ], [ -62.478696308238902, -31.642411610357922 ], [ -62.478683713626552, -31.642400732343514 ], [ -62.478661612651351, -31.64239252215134 ], [ -62.478653175972788, -31.642392487696963 ], [ -62.478644739294253, -31.642392453242028 ], [ -62.478622683635869, -31.642376123291164 ], [ -62.478610149453431, -31.642354418933557 ], [ -62.478600869655459, -31.642316487992424 ], [ -62.478601030768672, -31.642287617762832 ], [ -62.478591750980634, -31.642249686820755 ], [ -62.478579216821963, -31.642227982459918 ], [ -62.478557161213601, -31.642211652497867 ], [ -62.478548724551516, -31.642211618036765 ], [ -62.478540287889459, -31.642211583575094 ], [ -62.478518186971719, -31.642203373358495 ], [ -62.478505592408062, -31.642192495326668 ], [ -62.47849620691656, -31.642173510465867 ], [ -62.478496287488916, -31.642159075351003 ], [ -62.478486902002558, -31.64214009048947 ], [ -62.478474307451016, -31.642129212454591 ], [ -62.478452206558636, -31.642121002226727 ], [ -62.478443769904885, -31.642120967758768 ], [ -62.478435333251142, -31.642120933290258 ], [ -62.478413232364218, -31.642112723055696 ], [ -62.478400637825004, -31.642101845013606 ], [ -62.478391252363778, -31.642082860145155 ], [ -62.478391332952057, -31.642068425030327 ], [ -62.478381947495983, -31.642049440161156 ], [ -62.478369352968883, -31.642038562116021 ], [ -62.478347252107312, -31.642030351870201 ], [ -62.478338815461882, -31.642030317395399 ], [ -62.478330378816473, -31.642030282920022 ], [ -62.478308277960373, -31.642022072667523 ], [ -62.478295683445587, -31.642011194615201 ], [ -62.478286298014638, -31.641992209739083 ], [ -62.478286378618847, -31.641977774624287 ], [ -62.47825801075561, -31.64195871216808 ], [ -62.478220106341709, -31.641947730664825 ], [ -62.478153713170798, -31.641939339343168 ], [ -62.478128403259994, -31.641939235878986 ], [ -62.478103093349318, -31.641939132409778 ], [ -62.478036564111413, -31.641955100282843 ], [ -62.477998478266628, -31.64197659772103 ], [ -62.477969792891855, -31.64201437346307 ], [ -62.477969631585303, -31.642043243690985 ], [ -62.477978911100827, -31.642081174676566 ], [ -62.477991445099981, -31.642102879095113 ], [ -62.478013500582627, -31.64211920915384 ], [ -62.478030373888672, -31.642119278146051 ], [ -62.478052338661087, -31.642151847701239 ], [ -62.478064751728041, -31.642195204783373 ], [ -62.47807381962204, -31.642271027935156 ], [ -62.478073497069779, -31.642328768389504 ], [ -62.47806358245483, -31.642404513930042 ], [ -62.478050685510603, -31.642447767528711 ], [ -62.478028357765972, -31.642480155983154 ], [ -62.478019921080367, -31.642480121486848 ], [ -62.47801148439477, -31.642480086989959 ], [ -62.477989383461683, -31.642471876681977 ], [ -62.477976788924636, -31.6424609985987 ], [ -62.477967403514995, -31.642442013700688 ], [ -62.477967484169895, -31.642427578587654 ], [ -62.477958098765406, -31.642408593688906 ], [ -62.477945504240466, -31.642397715602588 ], [ -62.477923403332746, -31.642389505283319 ], [ -62.477914966655455, -31.642389470780174 ], [ -62.477906529978178, -31.642389436276435 ], [ -62.477884429075921, -31.642381225950487 ], [ -62.47787183456331, -31.642370347856964 ], [ -62.477862449183938, -31.642351362951306 ], [ -62.477862529854775, -31.642336927838297 ], [ -62.47783416197143, -31.642317865288717 ], [ -62.477796257464142, -31.642306883659195 ], [ -62.477729864079784, -31.642298492115231 ], [ -62.477704554073412, -31.642298388565962 ], [ -62.477679244067154, -31.64229828501167 ], [ -62.477612850700318, -31.64228989340701 ], [ -62.477574946231307, -31.642278911712122 ], [ -62.477546578425034, -31.642259849099293 ], [ -62.477546659144387, -31.642245413986799 ], [ -62.477527782598813, -31.642226390213089 ], [ -62.477502533157327, -31.642215460289634 ], [ -62.477458286099449, -31.642207159245974 ], [ -62.477441412779079, -31.642207090177966 ], [ -62.477424539458767, -31.642207021107733 ], [ -62.477380292412199, -31.642198720037154 ], [ -62.477355042995825, -31.642187790084755 ], [ -62.477336166501182, -31.642168766283071 ], [ -62.477336247252744, -31.642154331170872 ], [ -62.477326862003835, -31.642135346226599 ], [ -62.477314267589676, -31.64212446807872 ], [ -62.477292166803323, -31.642116257651129 ], [ -62.477283730151555, -31.64211622310652 ], [ -62.477275293499815, -31.642116188561339 ], [ -62.477253238148784, -31.642099858376472 ], [ -62.477240704322597, -31.642078153887297 ], [ -62.477231425107846, -31.642040222851293 ], [ -62.477231586642468, -31.642011352626753 ], [ -62.477260272312336, -31.641973577053804 ], [ -62.477298358322471, -31.641952079837687 ], [ -62.477364887678696, -31.641936112350685 ], [ -62.477415507492566, -31.641936319576747 ], [ -62.477480825024337, -31.641928609460393 ], [ -62.477481991408752, -31.641928471779444 ], [ -62.47748351242489, -31.641928044941714 ], [ -62.477520016808519, -31.641917800831138 ], [ -62.477548596391209, -31.641898971277467 ], [ -62.477548677109105, -31.641884536164159 ], [ -62.477586747884068, -31.641865745444349 ], [ -62.477637428189666, -31.641855126246874 ], [ -62.477726058179698, -31.641847368937885 ], [ -62.477793551204762, -31.64184764504321 ], [ -62.477882181176319, -31.641839887625597 ], [ -62.47793286143601, -31.641829268310268 ], [ -62.477970932112711, -31.641810477474639 ], [ -62.477971012765082, -31.641796042360159 ], [ -62.477980609821053, -31.64177713508354 ], [ -62.477993325240796, -31.641766360494739 ], [ -62.47801551673431, -31.641758331297158 ], [ -62.478032389975183, -31.641758400288392 ], [ -62.47805462682313, -31.641742251331891 ], [ -62.478067402707559, -31.641720650399368 ], [ -62.478077105570421, -31.641682797026579 ], [ -62.478077266841488, -31.641653926796529 ], [ -62.478067987325794, -31.641615995815599 ], [ -62.478055453372399, -31.641594291403429 ], [ -62.478033398004868, -31.641577961351874 ], [ -62.47802496140072, -31.641577926856776 ], [ -62.478016524796573, -31.641577892361102 ], [ -62.477994560168717, -31.641545322798418 ], [ -62.477982147216331, -31.641501965706372 ], [ -62.477973079462231, -31.641426142540571 ], [ -62.477973402065182, -31.641368402078978 ], [ -62.477983316630763, -31.641292656532787 ], [ -62.477996213438729, -31.641249402931731 ], [ -62.478018540893977, -31.641217014473629 ], [ -62.478035414037116, -31.641217083463424 ], [ -62.478057605395961, -31.64120905425639 ], [ -62.478070320728655, -31.641198279658013 ], [ -62.47807991770145, -31.64117937237128 ], [ -62.478079998334991, -31.641164937255134 ], [ -62.478089595302315, -31.641146029967512 ], [ -62.478102310622688, -31.641135255365725 ], [ -62.478124501956408, -31.641127226146686 ], [ -62.478141375083609, -31.641127295122288 ], [ -62.478163566412178, -31.641119265896407 ], [ -62.478176281720437, -31.64110849128706 ], [ -62.478185878662423, -31.641089583991775 ], [ -62.478185959279301, -31.64107514887516 ], [ -62.478195556215816, -31.641056241578994 ], [ -62.478208271511747, -31.641045466966229 ], [ -62.478230462815198, -31.641037437728329 ], [ -62.478247335926483, -31.641037506689752 ], [ -62.478269527224768, -31.641029477445009 ], [ -62.478282242508598, -31.641018702824702 ], [ -62.478291839419754, -31.640999795520845 ], [ -62.478291920019998, -31.640985360403796 ], [ -62.478282534689775, -31.640966375525476 ], [ -62.478269940318519, -31.640955497470408 ], [ -62.47824783972073, -31.64094728720886 ], [ -62.478239403173234, -31.640947252728537 ], [ -62.478230966625752, -31.640947218247643 ], [ -62.47820886603342, -31.640939007979402 ], [ -62.478196271674506, -31.640928129917139 ], [ -62.478186886369393, -31.640909145031898 ], [ -62.478186966985561, -31.640894709914889 ], [ -62.478177581685614, -31.640875725028923 ], [ -62.478164987338801, -31.640864846963606 ], [ -62.478142886771828, -31.640856636684095 ], [ -62.478134450232652, -31.640856602196934 ], [ -62.478126013693483, -31.640856567709186 ], [ -62.478103822424522, -31.640864596929529 ], [ -62.478091107141616, -31.640875371532339 ], [ -62.478081510203211, -31.640894278821172 ], [ -62.478081429570757, -31.640908713937947 ], [ -62.478071832626874, -31.640927621225902 ], [ -62.478059117331647, -31.640938395825263 ], [ -62.478036926037554, -31.640946425033608 ], [ -62.478028489490413, -31.640946390539341 ], [ -62.4780200529433, -31.640946356044527 ], [ -62.477997997733326, -31.640930025986922 ], [ -62.47798546388595, -31.640908321566744 ], [ -62.4779761844772, -31.64087039057592 ], [ -62.477976345774337, -31.640841520342654 ], [ -62.477986048577435, -31.64080366697101 ], [ -62.477998824346074, -31.640782066040952 ], [ -62.478021060964863, -31.640765917085382 ], [ -62.478037934026538, -31.640765986073959 ], [ -62.478060125277466, -31.640757956864775 ], [ -62.478072840547711, -31.640747182264718 ], [ -62.47808243747231, -31.640728274975956 ], [ -62.478082518104046, -31.640713839858783 ], [ -62.47810160611327, -31.64069497137012 ], [ -62.478126976155487, -31.64068424849799 ], [ -62.478171313252133, -31.640676309797527 ], [ -62.478205059343992, -31.6406764477324 ], [ -62.478249396430691, -31.640668509004719 ], [ -62.478274766449168, -31.640657786102892 ], [ -62.478293854408356, -31.640638917584784 ], [ -62.478293935007152, -31.640624482466905 ], [ -62.478265567549158, -31.640605420012776 ], [ -62.478227663681011, -31.640594438515375 ], [ -62.478161271469212, -31.640586047206256 ], [ -62.478135961924949, -31.640585943747531 ], [ -62.478110652380813, -31.640585840283752 ], [ -62.478044169469641, -31.640593688421049 ], [ -62.478006144668555, -31.640604359534162 ], [ -62.477977565576431, -31.640623189199378 ], [ -62.477977484928765, -31.640637624316508 ], [ -62.477958396906644, -31.64065649278664 ], [ -62.477933026853144, -31.640667215625189 ], [ -62.477888689741818, -31.640675154242725 ], [ -62.47787181669694, -31.640675085234591 ], [ -62.477854943652119, -31.640675016224215 ], [ -62.477810742667479, -31.640658595555134 ], [ -62.477785554121063, -31.640636839351707 ], [ -62.477766783739185, -31.64059886952084 ], [ -62.477766945099305, -31.640569999287301 ], [ -62.477776647957185, -31.640532145930582 ], [ -62.477789423735864, -31.640510545020689 ], [ -62.477811660324996, -31.640494396100596 ], [ -62.477828533337082, -31.640494465116326 ], [ -62.477850951415761, -31.640445837175491 ], [ -62.477863969158804, -31.640380930905366 ], [ -62.477874095435617, -31.640267293171899 ], [ -62.477874579409573, -31.640180682464941 ], [ -62.477894196674178, -31.640067083542423 ], [ -62.477919869023182, -31.640002229014975 ], [ -62.477964432633328, -31.639953691611222 ], [ -62.477998178463118, -31.639953829597978 ], [ -62.478042424507578, -31.639962130446406 ], [ -62.478067673408766, -31.639973060261006 ], [ -62.478086549616968, -31.639992083957864 ], [ -62.478086468988124, -31.640006519076685 ], [ -62.478095854184758, -31.640025503970779 ], [ -62.478108448411739, -31.640036382043043 ], [ -62.478130548782644, -31.640044592327428 ], [ -62.478147421714382, -31.640044661300134 ], [ -62.478169658130483, -31.640028512314657 ], [ -62.478182433748302, -31.640006911362001 ], [ -62.478192136376457, -31.639969057967907 ], [ -62.478192297601204, -31.639940187729572 ], [ -62.478211491227796, -31.639902373126173 ], [ -62.478236921495117, -31.639880823888838 ], [ -62.478281303537294, -31.639864765390225 ], [ -62.478315049336686, -31.639864903292874 ], [ -62.478359431358207, -31.639848844766824 ], [ -62.478384861577105, -31.639827295499305 ], [ -62.478404055102324, -31.639789480865204 ], [ -62.478404216260458, -31.639760610625078 ], [ -62.478423409763792, -31.639722795987439 ], [ -62.478448839933385, -31.639701246706217 ], [ -62.478493221854464, -31.639685188132162 ], [ -62.478526967590135, -31.639685325978089 ], [ -62.478571213557487, -31.639693626642728 ], [ -62.478596462449971, -31.639704556353092 ], [ -62.478615338713567, -31.639723579973118 ], [ -62.478615258167252, -31.639738015093773 ], [ -62.478624643445741, -31.639756999950666 ], [ -62.478637237699324, -31.639767877971483 ], [ -62.478659338054882, -31.639776088164496 ], [ -62.478676210939554, -31.639776157066784 ], [ -62.478698401900907, -31.639768127742268 ], [ -62.47871111696211, -31.639757353074728 ], [ -62.47872071365363, -31.639738445732569 ], [ -62.478720794183651, -31.639724010611673 ], [ -62.478730390869714, -31.639705103268636 ], [ -62.478743105918575, -31.639694328597674 ], [ -62.478765296854831, -31.639686299261136 ], [ -62.47878216972358, -31.63968636814926 ], [ -62.478804360654642, -31.639678338805886 ], [ -62.47881707569141, -31.639667564127375 ], [ -62.47882667235212, -31.63964865677664 ], [ -62.478826752865494, -31.63963422165531 ], [ -62.478817367557681, -31.639615236812602 ], [ -62.478804773303182, -31.639604358809297 ], [ -62.478782672974866, -31.639596148641548 ], [ -62.478774236548631, -31.639596114197882 ], [ -62.478765800122417, -31.639596079753652 ], [ -62.47874374509545, -31.639579749823483 ], [ -62.478731211250256, -31.639558045472025 ], [ -62.478721931663983, -31.639520114525599 ], [ -62.478722092722208, -31.639491244282777 ], [ -62.478712813145869, -31.639453313335409 ], [ -62.478700279324435, -31.63943160898074 ], [ -62.478678224347483, -31.639415279039369 ], [ -62.478669787937726, -31.639415244588985 ], [ -62.47866135152799, -31.639415210138033 ], [ -62.478639251257121, -31.639406999945834 ], [ -62.478626657051336, -31.63939612192512 ], [ -62.478617271807593, -31.639377137067697 ], [ -62.478617352352451, -31.639362701946222 ], [ -62.478626949021141, -31.639343794609719 ], [ -62.478639664032016, -31.639333019948051 ], [ -62.478661854890611, -31.639324990628211 ], [ -62.478678727693818, -31.639325059529298 ], [ -62.478701099743631, -31.639284551178527 ], [ -62.478714056326588, -31.639230471143325 ], [ -62.478724075732707, -31.639135779407457 ], [ -62.478724478370154, -31.639063603795798 ], [ -62.478715515913898, -31.63896883455152 ], [ -62.478703163348179, -31.638914651170179 ], [ -62.478681244391638, -31.638873961959725 ], [ -62.478672808030751, -31.638873927510069 ], [ -62.478664371669879, -31.638873893059834 ], [ -62.478642316829486, -31.638857563112342 ], [ -62.478629783102399, -31.638835858749772 ], [ -62.478620503624796, -31.638797927792908 ], [ -62.478620664709815, -31.638769057547293 ], [ -62.478601894350767, -31.638731087828543 ], [ -62.478576706130809, -31.638709331778276 ], [ -62.478532505940407, -31.638692911362732 ], [ -62.478515633251718, -31.638692842443547 ], [ -62.478498760563099, -31.638692773522106 ], [ -62.478454424436293, -31.63870071234923 ], [ -62.478429054972608, -31.638711435295995 ], [ -62.478409967439916, -31.638730303844554 ], [ -62.478409886865016, -31.638744738966977 ], [ -62.478400290215959, -31.638763646289142 ], [ -62.478387575256292, -31.63877442092847 ], [ -62.478365384506283, -31.638782450202466 ], [ -62.478356948154072, -31.638782415732017 ], [ -62.478348511801883, -31.638782381261013 ], [ -62.47832641170816, -31.638774171015768 ], [ -62.478313817623466, -31.638763292964427 ], [ -62.47830443250529, -31.638744308083506 ], [ -62.478304513096489, -31.638729872961314 ], [ -62.478295127983465, -31.638710888079668 ], [ -62.478282533910864, -31.638700010025278 ], [ -62.4782604338425, -31.638691799768761 ], [ -62.47825199749861, -31.638691765291473 ], [ -62.478243561154748, -31.638691730813612 ], [ -62.478221461091849, -31.638683520550405 ], [ -62.478208867031569, -31.638672642488821 ], [ -62.478199481943669, -31.638653657600262 ], [ -62.478199562550799, -31.638639222478098 ], [ -62.478209159227092, -31.638620315170979 ], [ -62.478221874185827, -31.638609540549147 ], [ -62.478244064906534, -31.638601511299566 ], [ -62.478260937577993, -31.638601580254473 ], [ -62.478283128293526, -31.638593550998035 ], [ -62.478295843240168, -31.638582776368672 ], [ -62.478305439891116, -31.638563869053861 ], [ -62.478305520481591, -31.638549433931253 ], [ -62.478296135385946, -31.638530449049341 ], [ -62.478283541337234, -31.638519570995008 ], [ -62.478261441311211, -31.638511360738889 ], [ -62.478253004983621, -31.638511326261845 ], [ -62.478244568656052, -31.638511291784219 ], [ -62.478222468635494, -31.638503081521428 ], [ -62.478209874599102, -31.638492203459919 ], [ -62.478200489528589, -31.638473218571068 ], [ -62.478200570134987, -31.638458783448502 ], [ -62.478210166792003, -31.638439876140556 ], [ -62.47822288172577, -31.638429101518064 ], [ -62.478245072403304, -31.638421072267615 ], [ -62.478261945042185, -31.638421141222043 ], [ -62.478284181048295, -31.63840499220812 ], [ -62.478296956412279, -31.638383391235831 ], [ -62.478306658815875, -31.638345537821117 ], [ -62.478306819995012, -31.638316667574909 ], [ -62.478297540697298, -31.638278736593463 ], [ -62.478285007126459, -31.638257032196787 ], [ -62.478262952497346, -31.638240702184468 ], [ -62.478254516194177, -31.638240667707784 ], [ -62.478246079891036, -31.63824063323052 ], [ -62.478223979934015, -31.63823242296834 ], [ -62.478211385933463, -31.638221544906887 ], [ -62.478202000888999, -31.638202560017636 ], [ -62.478202081494317, -31.638188124894469 ], [ -62.478221168956161, -31.638169256374649 ], [ -62.478246538294968, -31.638158533466967 ], [ -62.478290874180431, -31.638150594708769 ], [ -62.478324619360848, -31.638150732602234 ], [ -62.478369000562225, -31.638134674059749 ], [ -62.478394430306587, -31.63811312477948 ], [ -62.478413623465599, -31.638075310129967 ], [ -62.478413784609998, -31.638046439882036 ], [ -62.478423486929387, -31.638008586455559 ], [ -62.47843626220584, -31.637986985467069 ], [ -62.478458498077842, -31.637970836420234 ], [ -62.478475370635998, -31.637970905345576 ], [ -62.478497606497484, -31.637954756291787 ], [ -62.478510381749366, -31.637933155295421 ], [ -62.478520084017283, -31.637895301860382 ], [ -62.478520245127669, -31.637866431611155 ], [ -62.478510965785105, -31.637828500642101 ], [ -62.478498432223219, -31.637806796264975 ], [ -62.478476377661366, -31.637790466289129 ], [ -62.478467941398563, -31.637790431826986 ], [ -62.478459505135781, -31.637790397364267 ], [ -62.478437314626703, -31.637798426654605 ], [ -62.478424599804228, -31.637809201300701 ], [ -62.478415003257012, -31.637828108627808 ], [ -62.478414922685715, -31.637842543752285 ], [ -62.478405326133029, -31.637861451078496 ], [ -62.47839261129824, -31.637872225721186 ], [ -62.478370420764051, -31.637880254999512 ], [ -62.478361984493276, -31.63788022053027 ], [ -62.478353548222536, -31.637880186060471 ], [ -62.478331357683182, -31.637888215331941 ], [ -62.478318642836278, -31.637898989967077 ], [ -62.478309046258254, -31.637917897285618 ], [ -62.478308965670315, -31.637932332409644 ], [ -62.47829936908682, -31.637951239727304 ], [ -62.478286654227588, -31.637962014359019 ], [ -62.47826446366313, -31.637970043618495 ], [ -62.478256027384404, -31.637970009142158 ], [ -62.478247591105692, -31.637969974665264 ], [ -62.478225400536068, -31.637978003917887 ], [ -62.478212685664737, -31.637988778542059 ], [ -62.478203089055903, -31.638007685852031 ], [ -62.47820300845131, -31.638022120975617 ], [ -62.478193411836997, -31.638041028284718 ], [ -62.478180696953345, -31.638051802905444 ], [ -62.478158506358604, -31.638059832146073 ], [ -62.478150070071912, -31.638059797662656 ], [ -62.478141633785249, -31.638059763178671 ], [ -62.478119443185356, -31.638067792412421 ], [ -62.478106728289589, -31.63807856702563 ], [ -62.478097131649939, -31.63809747432704 ], [ -62.478097051028691, -31.638111909450188 ], [ -62.478087454383584, -31.638130816750714 ], [ -62.478074739475488, -31.638141591360469 ], [ -62.478052548850485, -31.638149620582233 ], [ -62.478044112555828, -31.638149586091732 ], [ -62.4780356762612, -31.638149551600659 ], [ -62.478013485631045, -31.638157580815562 ], [ -62.478000770710842, -31.638168355417793 ], [ -62.477991174040383, -31.638187262710652 ], [ -62.477991093402487, -31.638201697833331 ], [ -62.477981496726564, -31.638220605125305 ], [ -62.47796878179404, -31.638231379724107 ], [ -62.477946591138775, -31.638239408926999 ], [ -62.477938154836153, -31.6382393744294 ], [ -62.477929718533545, -31.638239339931246 ], [ -62.477907618605428, -31.638231129614599 ], [ -62.477895024642343, -31.638220251522338 ], [ -62.477885639662624, -31.638201266610533 ], [ -62.477885720316813, -31.638186831488078 ], [ -62.477876335342245, -31.638167846575545 ], [ -62.477863741391268, -31.638156968480239 ], [ -62.477841641488496, -31.638148758152326 ], [ -62.477833205194202, -31.638148723647888 ], [ -62.477824768899922, -31.638148689142877 ], [ -62.477802487502096, -31.638172957833536 ], [ -62.477789651552243, -31.63820538509778 ], [ -62.477779843074877, -31.638262184569644 ], [ -62.477779601062387, -31.63830548993564 ], [ -62.477769792567514, -31.638362289405659 ], [ -62.477756956579391, -31.638394716665253 ], [ -62.477734675104514, -31.63841898534233 ], [ -62.477726238785969, -31.638418950830559 ], [ -62.477717802467431, -31.638418916318212 ], [ -62.47769570251625, -31.638410705964844 ], [ -62.477683108554245, -31.638399827851988 ], [ -62.477673723600319, -31.638380842925415 ], [ -62.477673804287797, -31.638366407803858 ], [ -62.477664419339028, -31.638347422876546 ], [ -62.477651825389138, -31.638336544760644 ], [ -62.477629725463288, -31.638328334396022 ], [ -62.47762128915307, -31.638328299877386 ], [ -62.477612852842853, -31.638328265358208 ], [ -62.477590525953119, -31.638360653765929 ], [ -62.477577629376476, -31.638403907347794 ], [ -62.477567714823635, -31.638479652896411 ], [ -62.477567392006385, -31.638537393380417 ], [ -62.477595440940917, -31.638613294276048 ], [ -62.477633162368967, -31.638656754976999 ], [ -62.477699417005951, -31.638689505814469 ], [ -62.477750035063764, -31.638689712888958 ], [ -62.477815350296936, -31.638682002572644 ], [ -62.477816516640289, -31.638681864888124 ], [ -62.477818037601907, -31.638681438045612 ], [ -62.477854540676596, -31.638671193820056 ], [ -62.477883119190253, -31.638652364170461 ], [ -62.477883199846239, -31.638637929049032 ], [ -62.477902287465, -31.638619060579916 ], [ -62.477927656962351, -31.638608337738059 ], [ -62.477971993087259, -31.638600399093782 ], [ -62.478005738428372, -31.638600537073263 ], [ -62.478049847771103, -31.638633197182042 ], [ -62.478074914906962, -31.638676606017675 ], [ -62.478093473402723, -31.638752468006292 ], [ -62.478093150906901, -31.638810208492675 ], [ -62.478102218536073, -31.638886031679235 ], [ -62.47811463121478, -31.638929388774184 ], [ -62.478136595283338, -31.638961958323318 ], [ -62.478153468019585, -31.638962027293125 ], [ -62.47817556814185, -31.63897023756838 ], [ -62.478188162237799, -31.638981115633136 ], [ -62.478197547355293, -31.639000100521915 ], [ -62.478197466746721, -31.639014535643238 ], [ -62.47818787002641, -31.639033442947863 ], [ -62.478175155005395, -31.639044217564916 ], [ -62.478152964173248, -31.639052246800773 ], [ -62.478144527796978, -31.639052212316027 ], [ -62.478136091420708, -31.63905217783071 ], [ -62.478113900583423, -31.63906020705971 ], [ -62.47810118555028, -31.639070981669231 ], [ -62.478091588804631, -31.639089888966168 ], [ -62.478091508179411, -31.63910432408705 ], [ -62.478081911428291, -31.639123231383117 ], [ -62.478069196382833, -31.639134005989209 ], [ -62.478047005520416, -31.639142035206191 ], [ -62.478038569136189, -31.639142000714354 ], [ -62.478030132751954, -31.639141966221953 ], [ -62.478008032602446, -31.639133755921439 ], [ -62.477995438507421, -31.639122877839171 ], [ -62.477986053419244, -31.639103892936223 ], [ -62.477986134060757, -31.639089457815583 ], [ -62.477976748977746, -31.639070472911907 ], [ -62.477964154894813, -31.639059594826591 ], [ -62.477942054770651, -31.639051384514811 ], [ -62.477933618394736, -31.639051350016128 ], [ -62.477925182018836, -31.63905131551687 ], [ -62.477903081900145, -31.639043105198411 ], [ -62.477890487829555, -31.639032227105911 ], [ -62.477881102771647, -31.639013242195297 ], [ -62.477881183429091, -31.638998807074692 ], [ -62.477890780207453, -31.638979899793657 ], [ -62.477903495251994, -31.63896912520508 ], [ -62.477925686085079, -31.638961096012515 ], [ -62.477942558820608, -31.638961165010183 ], [ -62.477964749648528, -31.638953135810745 ], [ -62.477977464680954, -31.638942361214642 ], [ -62.477987061433993, -31.638923453925926 ], [ -62.477987142074781, -31.63890901880486 ], [ -62.477958775196008, -31.638889956283759 ], [ -62.477920872058171, -31.638878974700237 ], [ -62.477854481092933, -31.638870583242834 ], [ -62.477829172014545, -31.638870479728279 ], [ -62.477803862936298, -31.638870376208679 ], [ -62.477737381224443, -31.63887822420125 ], [ -62.477699357090678, -31.638888895233013 ], [ -62.477670778467555, -31.638907724839601 ], [ -62.477670697777903, -31.638922159959918 ], [ -62.477680082783941, -31.638941144885713 ], [ -62.477692676817625, -31.638952022998712 ], [ -62.477714776895859, -31.638960233353302 ], [ -62.477731649630663, -31.638960302378859 ], [ -62.477753658952714, -31.63898475223716 ], [ -62.477766131988076, -31.639017283023488 ], [ -62.477775305253822, -31.639074160132939 ], [ -62.477775063231554, -31.639117465493385 ], [ -62.477755763706277, -31.639174226130582 ], [ -62.477730273013115, -31.639206601615182 ], [ -62.477685845806192, -31.639230779681039 ], [ -62.477668973022674, -31.63923071064891 ], [ -62.477652100239212, -31.639230641614528 ], [ -62.477607854576846, -31.63922234063401 ], [ -62.477582605932355, -31.639211410729963 ], [ -62.477563729983217, -31.63919238695911 ], [ -62.477563810690249, -31.639177951839631 ], [ -62.477535443818411, -31.639158889225314 ], [ -62.477497540623567, -31.639147907515934 ], [ -62.477431149508867, -31.639139515837062 ], [ -62.477405840359367, -31.639139412237796 ], [ -62.477380531209974, -31.639139308633496 ], [ -62.477314049274156, -31.639147156402817 ], [ -62.477276024984022, -31.639157827306342 ], [ -62.477247446193935, -31.639176656815561 ], [ -62.477247365438032, -31.639191091934286 ], [ -62.477237768507855, -31.639209999164706 ], [ -62.477225053354353, -31.639220773685381 ], [ -62.477202862400858, -31.639228802754513 ], [ -62.477194426009923, -31.639228768206806 ], [ -62.477185989619002, -31.639228733658541 ], [ -62.477163798660357, -31.639236762720834 ], [ -62.477151083494739, -31.639247537233963 ], [ -62.477141486539232, -31.639266444456695 ], [ -62.47714140576668, -31.639280879574979 ], [ -62.477131808805701, -31.639299786796826 ], [ -62.477119093627756, -31.639310561306534 ], [ -62.477096902644, -31.639318590356805 ], [ -62.4770884662451, -31.639318555802017 ], [ -62.477080029846213, -31.639318521246665 ], [ -62.477057657089482, -31.639359029305453 ], [ -62.477044699531397, -31.639413109160902 ], [ -62.477034678391433, -31.639507800742102 ], [ -62.477034274441806, -31.639579976329248 ], [ -62.477014762286068, -31.639674629026892 ], [ -62.47698915000305, -31.639728657032151 ], [ -62.476944631452909, -31.639769074339679 ], [ -62.476927758574192, -31.639769005208535 ], [ -62.476910885695524, -31.63976893607515 ], [ -62.476866776226451, -31.639736275577167 ], [ -62.476841709378384, -31.63969286651448 ], [ -62.476823151726123, -31.639617004364037 ], [ -62.476823475016865, -31.639559263896654 ], [ -62.47683339029966, -31.639483518426402 ], [ -62.476846287376119, -31.639440264932364 ], [ -62.47686861478541, -31.639407876665874 ], [ -62.476885487598757, -31.639407945804102 ], [ -62.47690767862148, -31.63939991679112 ], [ -62.476920393835798, -31.639389142303013 ], [ -62.476929990848774, -31.6393702350979 ], [ -62.476930071654266, -31.639355799980294 ], [ -62.476920686761019, -31.639336815001805 ], [ -62.476908092767147, -31.639325936813705 ], [ -62.476885992675825, -31.639317726319767 ], [ -62.476877556277294, -31.639317691751039 ], [ -62.476869119878778, -31.639317657181742 ], [ -62.476847019792928, -31.639309446681114 ], [ -62.476834425811383, -31.639298568485831 ], [ -62.476825040943254, -31.639279583500418 ], [ -62.476825121764669, -31.639265148382847 ], [ -62.476815736901692, -31.639246163396709 ], [ -62.476803142932255, -31.639235285198367 ], [ -62.476781042871757, -31.639227074686474 ], [ -62.476772606481539, -31.639227040110899 ], [ -62.476764170091343, -31.639227005534764 ], [ -62.476742070036323, -31.639218795016184 ], [ -62.476729476079214, -31.639207916810641 ], [ -62.476720091241347, -31.639188931817582 ], [ -62.476720172078686, -31.639174496700051 ], [ -62.476710787245985, -31.63915551170626 ], [ -62.476698193300976, -31.639144633497668 ], [ -62.476676093271301, -31.63913642296783 ], [ -62.476667656889404, -31.63913638838541 ], [ -62.476659220507543, -31.639136353802424 ], [ -62.476637120483318, -31.639128143265896 ], [ -62.476624526550651, -31.639117265050125 ], [ -62.476615141743054, -31.639098280049403 ], [ -62.476615222596315, -31.6390838449319 ], [ -62.476605837793883, -31.63906485993045 ], [ -62.47659324387331, -31.639053981711623 ], [ -62.476571143874452, -31.639045771163833 ], [ -62.476562707500889, -31.639045736574563 ], [ -62.476554271127334, -31.639045701984735 ], [ -62.476532080159743, -31.639053730937317 ], [ -62.476519364947436, -31.639064505387331 ], [ -62.476509767884146, -31.639083412561934 ], [ -62.476509687014591, -31.639097847679171 ], [ -62.47650008994583, -31.639116754852882 ], [ -62.476487374721195, -31.639127529299461 ], [ -62.476465183728479, -31.639135558240049 ], [ -62.476456747346958, -31.639135523643692 ], [ -62.476448310965445, -31.639135489046758 ], [ -62.476426256456961, -31.639119158720618 ], [ -62.476413723213653, -31.639097454146576 ], [ -62.476404444613621, -31.639059523039652 ], [ -62.476404606384946, -31.639030652805438 ], [ -62.476414309624097, -31.638992799547417 ], [ -62.476427085499964, -31.638971198769788 ], [ -62.476449321950753, -31.638955050081702 ], [ -62.476466194681208, -31.638955119274492 ], [ -62.476488431121467, -31.638938970579417 ], [ -62.476501206972763, -31.638917369793941 ], [ -62.476510910160449, -31.638879516527339 ], [ -62.476511071897754, -31.638850646291832 ], [ -62.476501793281109, -31.638812715190358 ], [ -62.476489260060205, -31.638791010622938 ], [ -62.476467205624864, -31.638774680303793 ], [ -62.476458769275908, -31.638774645707919 ], [ -62.47645033292698, -31.638774611111479 ], [ -62.476428278502375, -31.638758280785694 ], [ -62.476415745305758, -31.638736576211137 ], [ -62.47640646673856, -31.6386986451026 ], [ -62.476406628506986, -31.638669774866745 ], [ -62.476387859071771, -31.638631804831842 ], [ -62.476362671400203, -31.638610048350287 ], [ -62.476318471656938, -31.638593627172668 ], [ -62.476301598992144, -31.638593557961055 ], [ -62.476284726327414, -31.638593488747212 ], [ -62.476242601259898, -31.638608730059282 ], [ -62.476240344559464, -31.638609546557742 ], [ -62.476214914187914, -31.638631095400406 ], [ -62.47619572002651, -31.638668909705199 ], [ -62.476195558192934, -31.638697779940063 ], [ -62.476176364009639, -31.638735594241307 ], [ -62.476150933588777, -31.638757143070276 ], [ -62.476106551720378, -31.638773200832759 ], [ -62.476089679023744, -31.638773131592803 ], [ -62.47607280632716, -31.638773062350602 ], [ -62.476028469968533, -31.638781000332461 ], [ -62.47600310021167, -31.638791722793741 ], [ -62.47598401217784, -31.638810590973865 ], [ -62.47598393122793, -31.638825026090512 ], [ -62.47597433408221, -31.638843933224649 ], [ -62.475961618835321, -31.638854707619068 ], [ -62.475939427863921, -31.63886273646882 ], [ -62.475930991507738, -31.63886270183799 ], [ -62.47592255515157, -31.638862667206585 ], [ -62.475900364175025, -31.638870696049477 ], [ -62.475887648916029, -31.638881470436345 ], [ -62.475878051744971, -31.63890037756282 ], [ -62.475877970778406, -31.638914812679019 ], [ -62.475906337233283, -31.638933875657894 ], [ -62.475944240147669, -31.6389448578371 ], [ -62.47601063097931, -31.638953250286548 ], [ -62.476061249166314, -31.638953458032145 ], [ -62.476127548971242, -31.638978089927125 ], [ -62.476165330546749, -31.639010724716037 ], [ -62.476193484679591, -31.639067679812825 ], [ -62.476193241924314, -31.639110985162368 ], [ -62.476183432375151, -31.639167784491999 ], [ -62.476170595724064, -31.639200211580832 ], [ -62.476148313646092, -31.639224479971404 ], [ -62.476139877256976, -31.639224445354021 ], [ -62.476131440867867, -31.63922441073607 ], [ -62.476109340870671, -31.639216200108567 ], [ -62.476096746988496, -31.639205321841406 ], [ -62.476087362280133, -31.639186336803228 ], [ -62.476087443215214, -31.639171901687146 ], [ -62.476078058511995, -31.639152916648229 ], [ -62.476065464641934, -31.639142038378033 ], [ -62.476043364670083, -31.639133827739258 ], [ -62.47603492828928, -31.639133793115032 ], [ -62.476026491908499, -31.639133758490232 ], [ -62.476004164276411, -31.639166146608382 ], [ -62.475991266851103, -31.639209400015371 ], [ -62.475981350918985, -31.639285145416373 ], [ -62.475981027111345, -31.639342885878449 ], [ -62.475971111155175, -31.639418631276836 ], [ -62.475958213678041, -31.639461884678234 ], [ -62.475935885942349, -31.639494272781679 ], [ -62.475927449529152, -31.639494238149986 ], [ -62.475919013115977, -31.639494203517742 ], [ -62.475896958617604, -31.639477873101153 ], [ -62.475884425451149, -31.639456168477178 ], [ -62.475875147033079, -31.639418237335853 ], [ -62.47587530897021, -31.639389367105714 ], [ -62.475866030562088, -31.639351435963448 ], [ -62.475853497419386, -31.63932973133625 ], [ -62.475831442971028, -31.63931340090847 ], [ -62.475823006574302, -31.639313366270059 ], [ -62.475814570177583, -31.63931333163109 ], [ -62.475792561291769, -31.639288881444415 ], [ -62.475780088911527, -31.639256350473698 ], [ -62.475770916846159, -31.6391994732355 ], [ -62.475771159797993, -31.639156167889478 ], [ -62.475761987746992, -31.639099290649909 ], [ -62.475749515401766, -31.639066759675639 ], [ -62.47572750659026, -31.639042309477603 ], [ -62.475719070218148, -31.639042274832597 ], [ -62.475710633846056, -31.63904224018701 ], [ -62.47568853392977, -31.639034029487298 ], [ -62.475675940121434, -31.639023151179124 ], [ -62.475666555516781, -31.639004166110585 ], [ -62.475666636516287, -31.638989730995071 ], [ -62.475657251916786, -31.638970745925796 ], [ -62.475644658120565, -31.638959867614592 ], [ -62.475622558229624, -31.638951656903611 ], [ -62.475614121865831, -31.638951622251749 ], [ -62.475605685502067, -31.638951587599319 ], [ -62.475583403339087, -31.638975855891296 ], [ -62.475570566508019, -31.639008282918798 ], [ -62.475560756592756, -31.639065082197476 ], [ -62.475560513544288, -31.639108387542656 ], [ -62.475550703611525, -31.639165186819493 ], [ -62.475537866742172, -31.639197613842342 ], [ -62.475515584502133, -31.639221882120722 ], [ -62.475507148114097, -31.639221847461528 ], [ -62.475498711726068, -31.639221812801775 ], [ -62.475476520628447, -31.639229841569218 ], [ -62.475463805271723, -31.6392406159122 ], [ -62.475454207977407, -31.639259523004419 ], [ -62.475454126944229, -31.639273958118814 ], [ -62.475463511531785, -31.639292943202005 ], [ -62.475476105350971, -31.639303821530802 ], [ -62.475498205311489, -31.639312032267433 ], [ -62.475515078103832, -31.639312101586619 ], [ -62.475537178069835, -31.639320312316563 ], [ -62.475549771901349, -31.639331190638178 ], [ -62.475559156514002, -31.639350175714441 ], [ -62.475559075496754, -31.639364610828881 ], [ -62.475521005349549, -31.639383400957975 ], [ -62.475470326160725, -31.639394019331284 ], [ -62.475381698336875, -31.639401775100403 ], [ -62.475347952720583, -31.639401636424179 ], [ -62.475314207104532, -31.639401497739062 ], [ -62.475225579262215, -31.639409253399556 ], [ -62.475174900027504, -31.639419871655033 ], [ -62.475136829782059, -31.639438661668319 ], [ -62.475136748699285, -31.63945309678158 ], [ -62.475127151316698, -31.639472003847615 ], [ -62.475114435886823, -31.639482778154587 ], [ -62.475092244694871, -31.639490806853878 ], [ -62.475083808283117, -31.639490772166457 ], [ -62.475075371871391, -31.639490737478457 ], [ -62.475053180674287, -31.639498766170881 ], [ -62.475040465232304, -31.639509540470318 ], [ -62.475030867824366, -31.639528447528676 ], [ -62.475030786724943, -31.639542882641493 ], [ -62.475021189311541, -31.639561789698973 ], [ -62.47500847385723, -31.639572563994985 ], [ -62.474986282635008, -31.639580592675397 ], [ -62.474977846215303, -31.639580557980874 ], [ -62.474969409795612, -31.639580523285794 ], [ -62.474947218568225, -31.639588551959367 ], [ -62.474934503101807, -31.639599326247829 ], [ -62.474924905663059, -31.639618233297625 ], [ -62.474924824546981, -31.639632668409977 ], [ -62.474915227102763, -31.639651575458902 ], [ -62.47490251162403, -31.639662349743944 ], [ -62.474880320371525, -31.639670378405491 ], [ -62.474871883943862, -31.639670343703884 ], [ -62.474863447516206, -31.639670309001712 ], [ -62.474841268279725, -31.639676198758927 ], [ -62.474828568817792, -31.639684121173136 ], [ -62.474818999399375, -31.63969803745362 ], [ -62.474818939638581, -31.63970867008118 ], [ -62.474818782766391, -31.639736580728417 ], [ -62.474869734187934, -31.63996612929261 ], [ -62.475208260403221, -31.641491243973864 ] ] ] ] } }
]
}
