{
"type": "FeatureCollection",
"name": "Daniel_1_zonas",
"crs": { "type": "name", "properties": { "name": "urn:ogc:def:crs:OGC:1.3:CRS84" } },
"features": [
{ "type": "Feature", "properties": { "zona": "5", "zona_id": "5" }, "geometry": { "type": "MultiPolygon", "coordinates": [ [ [ [ -62.511025251005023, -31.620083810885351 ], [ -62.510958912612779, -31.620067316903022 ], [ -62.51092106968305, -31.620045518694404 ], [ -62.510892800750256, -31.620007517174802 ], [ -62.51089295175391, -31.619978646700218 ], [ -62.510883660914722, -31.619940717860228 ], [ -62.510871122130716, -31.61991901654719 ], [ -62.510849066010174, -31.619902692102496 ], [ -62.510832196628456, -31.619902627488433 ], [ -62.510810140518636, -31.619886303037092 ], [ -62.51079760175891, -31.619864601716902 ], [ -62.510788310969183, -31.619826672869813 ], [ -62.510788462004029, -31.619797802394856 ], [ -62.510750704186428, -31.619759764494152 ], [ -62.510700209415795, -31.619737917750925 ], [ -62.510697959946555, -31.619737496251879 ], [ -62.5106117303079, -31.619721338758641 ], [ -62.510544252914599, -31.619721080164936 ], [ -62.510455731344479, -31.619712620885792 ], [ -62.510405179987515, -31.61970160045443 ], [ -62.510367323164324, -31.619682508690214 ], [ -62.510367398746325, -31.619668073453322 ], [ -62.510386475949304, -31.619649199964083 ], [ -62.51041183663294, -31.619638470544178 ], [ -62.510456161139302, -31.619630520474942 ], [ -62.510489899802728, -31.619630649799195 ], [ -62.510534224299121, -31.619622699702742 ], [ -62.510559584958983, -31.61961197025321 ], [ -62.510560330398114, -31.61961123277128 ], [ -62.510578662111968, -31.619593096734583 ], [ -62.510578737661085, -31.619578661497052 ], [ -62.510588325811277, -31.619559751611899 ], [ -62.510601034459903, -31.619548973668103 ], [ -62.510623217931375, -31.619540938691618 ], [ -62.510640087247324, -31.619541003332632 ], [ -62.510662270713638, -31.619532968349294 ], [ -62.510674979350163, -31.619522190397984 ], [ -62.510684567475046, -31.619503280505185 ], [ -62.510684643007551, -31.619488845267224 ], [ -62.510694231126976, -31.619469935373541 ], [ -62.510706939751202, -31.619459157418802 ], [ -62.510729123192412, -31.619451122423502 ], [ -62.510745992492431, -31.619451187050366 ], [ -62.510768090969059, -31.619459391691247 ], [ -62.510780686307072, -31.619470266586429 ], [ -62.510790076175368, -31.619489249185683 ], [ -62.510790000659121, -31.619503684423854 ], [ -62.510799390532583, -31.619522667022384 ], [ -62.510811985882697, -31.619533541914485 ], [ -62.510823035133171, -31.619537644229766 ], [ -62.510834084384641, -31.619541746544105 ], [ -62.510850953701265, -31.619541811157269 ], [ -62.510873222091575, -31.619517536494019 ], [ -62.510886043954095, -31.61948510566382 ], [ -62.510895830219518, -31.619428303253454 ], [ -62.510896056718387, -31.619384997537587 ], [ -62.510886865028418, -31.619328122444021 ], [ -62.510874382950831, -31.619295594700919 ], [ -62.510852369447342, -31.619271150434866 ], [ -62.510835500179539, -31.61927108582238 ], [ -62.510813401741103, -31.619262881193318 ], [ -62.510800806426843, -31.61925200630127 ], [ -62.510791416579515, -31.619233023702321 ], [ -62.510791492094739, -31.619218588463514 ], [ -62.510782102252577, -31.619199605863841 ], [ -62.51076950695041, -31.619188730968695 ], [ -62.510747408537284, -31.619180526328375 ], [ -62.510730539286087, -31.6191804617022 ], [ -62.510723592755589, -31.619182977791695 ], [ -62.510708355909522, -31.619188496698726 ], [ -62.510695647322692, -31.619199274654434 ], [ -62.51068605923205, -31.619218184549318 ], [ -62.510685983700554, -31.619232619787887 ], [ -62.51067639560447, -31.619251529681883 ], [ -62.510663687005326, -31.619262307634166 ], [ -62.510641503603665, -31.619270342618741 ], [ -62.510624634336537, -31.619270277978405 ], [ -62.510602535917286, -31.619262073313045 ], [ -62.510589940627945, -31.619251198400438 ], [ -62.510580550823718, -31.619232215786422 ], [ -62.510580626371485, -31.619217780548066 ], [ -62.510571236572417, -31.619198797933326 ], [ -62.510558641295177, -31.619187923017627 ], [ -62.510536542901242, -31.619179718341005 ], [ -62.510519673650727, -31.619179653686984 ], [ -62.510497575262256, -31.619171449003641 ], [ -62.510484979997315, -31.61916057408078 ], [ -62.510475590223344, -31.619141591459098 ], [ -62.510475665787048, -31.619127156220763 ], [ -62.510466276018242, -31.619108173598349 ], [ -62.510453680765401, -31.619097298672393 ], [ -62.510431582402248, -31.619089093977806 ], [ -62.510414713168338, -31.619089029310082 ], [ -62.510392614810634, -31.619080824608773 ], [ -62.5103800195701, -31.619069949675652 ], [ -62.510370629826397, -31.619050967046299 ], [ -62.510370705406032, -31.619036531807975 ], [ -62.510380293540969, -31.61901762193671 ], [ -62.510393002138741, -31.619006844012194 ], [ -62.510415185498324, -31.618998809070035 ], [ -62.51043205471597, -31.618998873737535 ], [ -62.510454280576582, -31.618982718966823 ], [ -62.510467045834538, -31.618961114605735 ], [ -62.510476733118509, -31.618923258475832 ], [ -62.510476884244206, -31.618894387998132 ], [ -62.510458104755308, -31.61885642275185 ], [ -62.510432914321491, -31.618834672896977 ], [ -62.510388717726308, -31.618818263497431 ], [ -62.510354979356478, -31.618818134149411 ], [ -62.510310655228011, -31.618826084188374 ], [ -62.510285294754674, -31.618836813591653 ], [ -62.510266217699488, -31.618855687069669 ], [ -62.510266142104257, -31.618870122308149 ], [ -62.510256553961888, -31.618889032171211 ], [ -62.510243845364784, -31.618899810082343 ], [ -62.51022166201448, -31.618907844994936 ], [ -62.510204792813795, -31.618907780299821 ], [ -62.510182609458347, -31.618915815205586 ], [ -62.510169900849121, -31.618926593109183 ], [ -62.51016031268145, -31.618945502964586 ], [ -62.510160237069613, -31.618959938202639 ], [ -62.510141159963993, -31.618978811661094 ], [ -62.51011579942999, -31.61898954102984 ], [ -62.510071475200903, -31.618997490984544 ], [ -62.51003773676802, -31.618997361552061 ], [ -62.509993369982723, -31.61901343130069 ], [ -62.509967952691419, -31.619034987067892 ], [ -62.509948776248059, -31.619072806745855 ], [ -62.509948624958263, -31.619101677220463 ], [ -62.50995791533861, -31.619139606128748 ], [ -62.509970453807448, -31.619161307530863 ], [ -62.509992509599421, -31.619177632125851 ], [ -62.510009378848252, -31.619177696849508 ], [ -62.510031392107685, -31.619202141258775 ], [ -62.510043873878885, -31.619234669081628 ], [ -62.510053065046911, -31.619291544231391 ], [ -62.510052838158494, -31.619334849942426 ], [ -62.510062029340972, -31.619391725090804 ], [ -62.510074511147252, -31.619424252910068 ], [ -62.510096524481028, -31.619448697307934 ], [ -62.510113393779008, -31.619448762018344 ], [ -62.510135449663387, -31.619465086588846 ], [ -62.510147988216254, -31.619486787973322 ], [ -62.510157278713748, -31.619524716866028 ], [ -62.51015712748567, -31.619553587339478 ], [ -62.51016641799314, -31.619591516231228 ], [ -62.510178956569781, -31.619613217612457 ], [ -62.510201012504155, -31.619629542171733 ], [ -62.510217881835032, -31.619629606868681 ], [ -62.51023998030599, -31.619637811600661 ], [ -62.510252575605612, -31.619648686547261 ], [ -62.510261965383577, -31.619667669183908 ], [ -62.510261889785291, -31.619682104420551 ], [ -62.510242812550622, -31.619700977890755 ], [ -62.510217451831011, -31.619711707276618 ], [ -62.510173127266917, -31.619719657262305 ], [ -62.510139388572981, -31.619719527854048 ], [ -62.510095149076093, -31.619711238171817 ], [ -62.510069901779204, -31.61970031467391 ], [ -62.510051023033604, -31.619681295620133 ], [ -62.510051098664434, -31.619666860383926 ], [ -62.510032219929357, -31.619647841327357 ], [ -62.510006972656996, -31.619636917817132 ], [ -62.509962733211474, -31.619628628089455 ], [ -62.509928994551437, -31.61962849862595 ], [ -62.50988475511717, -31.61962020887135 ], [ -62.509859507869862, -31.619609285332203 ], [ -62.509840629185604, -31.619590266247656 ], [ -62.509840704848635, -31.619575831011698 ], [ -62.509793359202938, -31.619556702658947 ], [ -62.509730156025817, -31.619545633397305 ], [ -62.509619493730085, -31.619537088541204 ], [ -62.50953514716732, -31.619536764639875 ], [ -62.509424399709189, -31.619544459254612 ], [ -62.50936108298113, -31.619555042663389 ], [ -62.509313538617683, -31.619573806625386 ], [ -62.509313462873273, -31.619588241860178 ], [ -62.509265918483543, -31.619607005804088 ], [ -62.509202601696195, -31.619617589133561 ], [ -62.509091854118914, -31.619625283458557 ], [ -62.509007507483261, -31.619624959207947 ], [ -62.508896759883548, -31.619632653363499 ], [ -62.508833443039549, -31.619643236509308 ], [ -62.508785898527861, -31.619662000273088 ], [ -62.508785822701761, -31.619676435506538 ], [ -62.508795212183173, -31.619695418247929 ], [ -62.508807807320458, -31.619706293335287 ], [ -62.50882990568234, -31.619714498310103 ], [ -62.50884677502507, -31.619714563188303 ], [ -62.508868873392409, -31.619722768156436 ], [ -62.508881468542008, -31.619733643236593 ], [ -62.508890858048517, -31.619752625971046 ], [ -62.508890782238332, -31.619767061204534 ], [ -62.508928638787971, -31.619786153403489 ], [ -62.508979190008361, -31.619797174417869 ], [ -62.509067711510625, -31.619805634719842 ], [ -62.509135188950005, -31.619805894094306 ], [ -62.509223795704912, -31.619798114649985 ], [ -62.509274460594781, -31.619787482696609 ], [ -62.509312516063645, -31.619768682292513 ], [ -62.50931259180873, -31.619754247058108 ], [ -62.509322180232147, -31.619735337271329 ], [ -62.509334889049093, -31.619724559455548 ], [ -62.509357072668159, -31.619716524700763 ], [ -62.509373942012594, -31.619716589509338 ], [ -62.509396040427937, -31.619724794386713 ], [ -62.509408635639822, -31.619735669415512 ], [ -62.509418025254092, -31.619754652112299 ], [ -62.509417949525293, -31.619769087346906 ], [ -62.509427339144715, -31.619788070042965 ], [ -62.509439934368714, -31.619798945068677 ], [ -62.50945098358855, -31.619803047502209 ], [ -62.509462032809367, -31.61980714993479 ], [ -62.509478902170407, -31.619807214729665 ], [ -62.509501000616524, -31.619815419589077 ], [ -62.509513595852809, -31.619826294607616 ], [ -62.509522985497348, -31.619845277296715 ], [ -62.509522909784472, -31.619859712531348 ], [ -62.509541788457085, -31.619878731661981 ], [ -62.509567035738719, -31.619889655263847 ], [ -62.509611275270437, -31.619897945129161 ], [ -62.50964501402607, -31.619898074677593 ], [ -62.509689253569043, -31.619906364516009 ], [ -62.509714500875717, -31.619917288088931 ], [ -62.509733379599169, -31.61993630719159 ], [ -62.509733303918509, -31.619950742426465 ], [ -62.509723715555104, -31.619969652244105 ], [ -62.509711006748724, -31.61998043009827 ], [ -62.509688823096283, -31.619988464913881 ], [ -62.509671953702018, -31.619988400146401 ], [ -62.509660798008561, -31.620004597280488 ], [ -62.509649642311189, -31.620020794413506 ], [ -62.509636763173631, -31.620064051537579 ], [ -62.509626876719672, -31.620139800082303 ], [ -62.509626573928514, -31.620197541018932 ], [ -62.509635665576901, -31.620273362433135 ], [ -62.509648090576533, -31.620316716714687 ], [ -62.509670061428139, -31.620349281002678 ], [ -62.509686930887504, -31.620349345771061 ], [ -62.509709029479822, -31.620357550595276 ], [ -62.509721624812748, -31.620368425593366 ], [ -62.509731014552628, -31.620387408266556 ], [ -62.509730938870256, -31.620401843500403 ], [ -62.509740328615301, -31.620420826172868 ], [ -62.509752923960328, -31.620431701167881 ], [ -62.509763973268647, -31.620435803574818 ], [ -62.509775022577962, -31.620439905980827 ], [ -62.509791892053933, -31.620439970735497 ], [ -62.50981411836959, -31.62042381608444 ], [ -62.50982688397589, -31.620402211795724 ], [ -62.509836571675756, -31.620364355727041 ], [ -62.509836723007588, -31.620335485258646 ], [ -62.50982743256445, -31.620297556347921 ], [ -62.50981489398032, -31.620275854934388 ], [ -62.509792837963396, -31.620259530309205 ], [ -62.509775968519975, -31.62025946555497 ], [ -62.509753869944674, -31.6202512607424 ], [ -62.509741274623543, -31.620240385747412 ], [ -62.50973188489592, -31.620221403074687 ], [ -62.509731960577611, -31.620206967840396 ], [ -62.509751038018976, -31.620188094450093 ], [ -62.509776398920778, -31.620177365159503 ], [ -62.50982072373418, -31.620169415314628 ], [ -62.50985446258882, -31.620169544808711 ], [ -62.509898787392245, -31.620161594936633 ], [ -62.509924148270279, -31.620150865616434 ], [ -62.509924893718726, -31.620150128138352 ], [ -62.509943225661651, -31.620131992196736 ], [ -62.509943301310443, -31.620117556961794 ], [ -62.509952889645248, -31.620098647127815 ], [ -62.509965598440338, -31.620087869249641 ], [ -62.509987782093361, -31.620079834386072 ], [ -62.510004651504914, -31.620079899112 ], [ -62.510026835152779, -31.620071864241577 ], [ -62.510039543935768, -31.620061086355907 ], [ -62.510049132245257, -31.620042176514271 ], [ -62.510049207877437, -31.6200277412789 ], [ -62.510039818107749, -31.620008758627751 ], [ -62.510027222785247, -31.619997883660535 ], [ -62.510005124248799, -31.619989678891528 ], [ -62.509988254853518, -31.619989614165828 ], [ -62.50996615632252, -31.619981409390096 ], [ -62.509953561012324, -31.619970534415724 ], [ -62.509944171267726, -31.619951551757634 ], [ -62.50994424691585, -31.619937116522276 ], [ -62.509963324258997, -31.619918243098464 ], [ -62.509988685063412, -31.619907513764279 ], [ -62.510033009731551, -31.619899563843894 ], [ -62.510066748489919, -31.619899693280924 ], [ -62.51011090299798, -31.619924222613864 ], [ -62.510136036932103, -31.61995679895761 ], [ -62.510154717258658, -31.620013710492437 ], [ -62.510154490410912, -31.620057016199233 ], [ -62.510163681720208, -31.62011389133524 ], [ -62.510176163654897, -31.620146419142234 ], [ -62.510195499861275, -31.620167890556932 ], [ -62.510198177182858, -31.620170863521807 ], [ -62.510215046611371, -31.620170928220109 ], [ -62.510237102682339, -31.620187252773139 ], [ -62.510249641353425, -31.620208954146385 ], [ -62.51025893195996, -31.620246883028571 ], [ -62.510258780758981, -31.620275753499204 ], [ -62.510277560443598, -31.620313718768447 ], [ -62.510302751234512, -31.62033546865262 ], [ -62.510346948527584, -31.62035187808517 ], [ -62.51038068745072, -31.620352007440903 ], [ -62.510424842254579, -31.62037653666658 ], [ -62.510449976418315, -31.620409112948575 ], [ -62.510468657023104, -31.620466024436325 ], [ -62.510468430316756, -31.620509330142085 ], [ -62.510458643669914, -31.620566132506333 ], [ -62.510445821506345, -31.620598563285132 ], [ -62.510423552744783, -31.620622837866001 ], [ -62.510406683234223, -31.620622773194416 ], [ -62.510384499486719, -31.620630808129128 ], [ -62.510371790664685, -31.620641586047803 ], [ -62.510362202356951, -31.620660495911935 ], [ -62.51036212677122, -31.620674931146546 ], [ -62.510390494885414, -31.620693986534111 ], [ -62.510428394631347, -31.620704958473151 ], [ -62.510494775882549, -31.620713332913507 ], [ -62.510545384464059, -31.620713526887165 ], [ -62.510611765732662, -31.620721901266872 ], [ -62.510649665516745, -31.620732873140575 ], [ -62.51067803370784, -31.62075192846488 ], [ -62.510677958170582, -31.62076636369995 ], [ -62.510687348144415, -31.620785346304022 ], [ -62.510699943649385, -31.620796221206636 ], [ -62.510722042438097, -31.620804425856949 ], [ -62.510738911982223, -31.620804490487203 ], [ -62.510761138224069, -31.620788335671445 ], [ -62.510773903663825, -31.620766731287578 ], [ -62.510783591021088, -31.620728875145705 ], [ -62.510783742062699, -31.620700004674848 ], [ -62.510793429408707, -31.620662148531729 ], [ -62.510806194823424, -31.620640544143942 ], [ -62.510828421014445, -31.620624389315552 ], [ -62.510845290526355, -31.620624453931427 ], [ -62.510867601652819, -31.620592059455749 ], [ -62.51088048029883, -31.620548802206077 ], [ -62.510890365786459, -31.620473053559255 ], [ -62.510890667800545, -31.620415312614185 ], [ -62.510910042335972, -31.620339600305833 ], [ -62.510935573015743, -31.62029639150191 ], [ -62.510980025180793, -31.620264081792264 ], [ -62.511013764075443, -31.620264210980434 ], [ -62.511058088830872, -31.620256260705531 ], [ -62.511083449604904, -31.620245531154165 ], [ -62.511102526784263, -31.620226657559403 ], [ -62.51110260225439, -31.62021222232217 ], [ -62.511121679423042, -31.620193348724314 ], [ -62.511147040172773, -31.620182619159959 ], [ -62.511191364878748, -31.620174668838199 ], [ -62.511225103742198, -31.620174797970215 ], [ -62.511269301126021, -31.620191207084837 ], [ -62.511294492117706, -31.620212956775791 ], [ -62.511313272212675, -31.620250921897249 ], [ -62.511313121337189, -31.620279792372411 ], [ -62.511322412382796, -31.620317721181252 ], [ -62.511334951324322, -31.620339422450233 ], [ -62.511357007632796, -31.620355746811793 ], [ -62.511373877097583, -31.620355811357364 ], [ -62.511396187976814, -31.620323416785475 ], [ -62.51140906634032, -31.620280159477815 ], [ -62.511418951368917, -31.620204410782268 ], [ -62.511419253053447, -31.620146669830213 ], [ -62.511400670922889, -31.620070812223329 ], [ -62.511375593085226, -31.620027409695606 ], [ -62.511331480622701, -31.619994760974972 ], [ -62.511297741823661, -31.619994631871723 ], [ -62.511285058911341, -31.619996906765696 ], [ -62.511253417211776, -31.620002582231578 ], [ -62.511228056523059, -31.620013311817981 ], [ -62.511208979412906, -31.620032185432837 ], [ -62.511208903959734, -31.620046620670696 ], [ -62.511180337794627, -31.620065457962511 ], [ -62.511142325020224, -31.620076139103741 ], [ -62.511075859249871, -31.620084004645346 ], [ -62.511025251005023, -31.620083810885351 ] ] ], [ [ [ -62.507894457318251, -31.619509972349864 ], [ -62.508308355445237, -31.621201258507295 ], [ -62.508330893570978, -31.621325401176982 ], [ -62.508335926808378, -31.621353124801452 ], [ -62.508336403160712, -31.621355748601601 ], [ -62.508339479538797, -31.621372693621055 ], [ -62.508362017744076, -31.62149683628278 ], [ -62.508846383082108, -31.621421204034792 ], [ -62.509030903011542, -31.621392391264216 ], [ -62.509515267301445, -31.621316756466967 ], [ -62.509515412369403, -31.621289100159789 ], [ -62.509515467633335, -31.621278564423708 ], [ -62.509506051003669, -31.621264699824422 ], [ -62.509493440235403, -31.621256749427086 ], [ -62.509471329944517, -31.621250738030863 ], [ -62.509454460323099, -31.621250673232353 ], [ -62.509432361543737, -31.621242468363327 ], [ -62.509419766128538, -31.621231593337342 ], [ -62.509410376369765, -31.621212610643557 ], [ -62.509410452104014, -31.621198175412211 ], [ -62.509401062350413, -31.621179192717694 ], [ -62.509388466947314, -31.621168317688621 ], [ -62.509366368193263, -31.621160112808326 ], [ -62.509349498588463, -31.621160047996121 ], [ -62.509327570270266, -31.621119363838652 ], [ -62.509315202129599, -31.621065183108197 ], [ -62.509306210094763, -31.620970415440922 ], [ -62.509306588842279, -31.620898239282269 ], [ -62.509288107713452, -31.620803435150833 ], [ -62.509263087487099, -31.620749205797175 ], [ -62.509219018051603, -31.620708436536511 ], [ -62.509185279005749, -31.620708306872594 ], [ -62.509141081754521, -31.620691897039269 ], [ -62.509115891142137, -31.620670146928944 ], [ -62.509097111861976, -31.620632181495051 ], [ -62.509097263423691, -31.620603311031065 ], [ -62.509116440532139, -31.620565491496688 ], [ -62.509141858438277, -31.62054393591038 ], [ -62.509186226095622, -31.620527866470301 ], [ -62.50921996507639, -31.620527996133315 ], [ -62.509264290101036, -31.62052004648417 ], [ -62.509289651147903, -31.620509317292303 ], [ -62.5092903966042, -31.620508579818068 ], [ -62.509308728740159, -31.620490443970507 ], [ -62.509308804487951, -31.620476008737747 ], [ -62.509270947581811, -31.620456916649907 ], [ -62.509220395969848, -31.620445895748155 ], [ -62.509131873847011, -31.620437435546553 ], [ -62.509064395951938, -31.620437176165712 ], [ -62.508975873852954, -31.620428715856189 ], [ -62.508925322292605, -31.62041769483811 ], [ -62.508887465489778, -31.620398602637458 ], [ -62.508887541302336, -31.620384167405401 ], [ -62.508897129877624, -31.620365257653933 ], [ -62.508909838829595, -31.620354479882884 ], [ -62.508932022634362, -31.620346445204603 ], [ -62.508948892091347, -31.620346510070483 ], [ -62.50897107589094, -31.620338475385363 ], [ -62.508983784830818, -31.620327697606804 ], [ -62.50899337338079, -31.620308787847684 ], [ -62.508993449176742, -31.620294352615193 ], [ -62.508984059596429, -31.620275369889125 ], [ -62.508971464362673, -31.620264494819125 ], [ -62.508949365858719, -31.620256289868049 ], [ -62.508932496418019, -31.620256225002418 ], [ -62.508910397919507, -31.620248020044656 ], [ -62.508897802698066, -31.620237144967476 ], [ -62.508888413142856, -31.620218162234462 ], [ -62.508888488954732, -31.620203727001989 ], [ -62.508879099404687, -31.620184744268251 ], [ -62.508866504195346, -31.62017386918799 ], [ -62.508844405722151, -31.620165664218963 ], [ -62.508827536298064, -31.620165599339618 ], [ -62.508805437830333, -31.620157394363893 ], [ -62.508792842633305, -31.620146519276464 ], [ -62.50878345310835, -31.620127536535776 ], [ -62.508783528936156, -31.620113101303325 ], [ -62.50877413941636, -31.620094118561902 ], [ -62.508761544231433, -31.620083243471388 ], [ -62.508739445789018, -31.620075038484391 ], [ -62.508722576381537, -31.620074973591347 ], [ -62.508700605925291, -31.620042409142965 ], [ -62.508688181400906, -31.619999054772226 ], [ -62.508679090545286, -31.619923233295435 ], [ -62.508679393918236, -31.619865492364525 ], [ -62.508670303081225, -31.619789670885734 ], [ -62.508657878602875, -31.619746316510813 ], [ -62.508635908244933, -31.619713752050636 ], [ -62.508619038902893, -31.619713687144575 ], [ -62.508596983228848, -31.619697362314913 ], [ -62.508584445010491, -31.619675660782274 ], [ -62.508575155138395, -31.61963773178239 ], [ -62.50857530685537, -31.619608861316159 ], [ -62.508566016993242, -31.619570932315323 ], [ -62.50855347879866, -31.619549230779448 ], [ -62.508531423174603, -31.619532905938545 ], [ -62.508514553865453, -31.61953284101903 ], [ -62.508492540929502, -31.619508396352792 ], [ -62.508480059664826, -31.619475868384843 ], [ -62.508470869438554, -31.619418993133078 ], [ -62.508471097060287, -31.619375687432889 ], [ -62.508480884777683, -31.619318885221436 ], [ -62.508493707438333, -31.619286454638576 ], [ -62.508515976373126, -31.619262180391036 ], [ -62.508532845633454, -31.61926224530988 ], [ -62.508555029209276, -31.619254210693402 ], [ -62.508567738047418, -31.619243432953414 ], [ -62.508577326566865, -31.619224523222041 ], [ -62.508577402423818, -31.619210087988009 ], [ -62.508539546178923, -31.619190995686321 ], [ -62.508488995339469, -31.619179974500724 ], [ -62.508400474486635, -31.619171513803369 ], [ -62.508332997512426, -31.619171254045366 ], [ -62.508244519381812, -31.619154673421267 ], [ -62.508194025535246, -31.619132825694358 ], [ -62.508156269048406, -31.619094787036108 ], [ -62.508156420891481, -31.619065916569244 ], [ -62.508166109119848, -31.619028060624863 ], [ -62.508178874909575, -31.619006456498091 ], [ -62.508201101155812, -31.61899030212351 ], [ -62.50821797036631, -31.618990367083452 ], [ -62.5082401539036, -31.61898233252095 ], [ -62.508252862740207, -31.618971554811832 ], [ -62.50826245129435, -31.618952645103676 ], [ -62.508262527199101, -31.6189382098697 ], [ -62.508224671129078, -31.618919117475656 ], [ -62.508174120474997, -31.618908096166827 ], [ -62.508085599910714, -31.618899635253769 ], [ -62.508018123135876, -31.618899375331388 ], [ -62.507929645320701, -31.618882794491636 ], [ -62.507879151695363, -31.618860946641551 ], [ -62.507841395446114, -31.618822907891023 ], [ -62.507841547384785, -31.618794037424291 ], [ -62.507851235710582, -31.618756181503205 ], [ -62.507864001534635, -31.618734577407366 ], [ -62.50788622776922, -31.618718423086804 ], [ -62.507903096929866, -31.618718488087818 ], [ -62.507925280428623, -31.618710453579286 ], [ -62.507937989263716, -31.618699675901048 ], [ -62.507947577852541, -31.618680766216094 ], [ -62.507947653805104, -31.618666330982187 ], [ -62.507957242388471, -31.618647421296362 ], [ -62.507969951211251, -31.618636643614678 ], [ -62.507992134684919, -31.618628609094177 ], [ -62.508009003829635, -31.618628674081059 ], [ -62.508031187298137, -31.618620639553708 ], [ -62.508043896108816, -31.61860986186452 ], [ -62.508053484666881, -31.61859095217104 ], [ -62.508053560602832, -31.618576516936709 ], [ -62.50806314915544, -31.618557607242344 ], [ -62.508075857953799, -31.618546829549715 ], [ -62.508098041397211, -31.618538795010412 ], [ -62.508114910526004, -31.618538859983126 ], [ -62.508137093964251, -31.618530825436959 ], [ -62.508149802750516, -31.618520047736823 ], [ -62.508159391277822, -31.618501138034809 ], [ -62.508159467197139, -31.618486702800041 ], [ -62.508169055718994, -31.61846779309715 ], [ -62.508181764492946, -31.618457015393595 ], [ -62.508203947906104, -31.618448980835456 ], [ -62.508220817018952, -31.618449045794026 ], [ -62.508243000426951, -31.618441011229049 ], [ -62.508255709188809, -31.618430233517966 ], [ -62.508265297685341, -31.618411323807425 ], [ -62.50826537358806, -31.618396888572221 ], [ -62.508274962079142, -31.618377978860803 ], [ -62.508287670828686, -31.618367201146299 ], [ -62.508309854211582, -31.618359166569348 ], [ -62.5083267233085, -31.618359231513764 ], [ -62.508348906686244, -31.618351196929957 ], [ -62.508361615423695, -31.618340419207954 ], [ -62.50837120388946, -31.618321509488869 ], [ -62.50837127977556, -31.618307074253238 ], [ -62.508380868235868, -31.618288164533279 ], [ -62.508393576961012, -31.618277386807843 ], [ -62.508415760313653, -31.618269352212085 ], [ -62.508432629394648, -31.618269417142347 ], [ -62.508454812742123, -31.618261382539718 ], [ -62.508467521455174, -31.618250604806761 ], [ -62.508477109890173, -31.618231695079171 ], [ -62.508477185759659, -31.618217259843089 ], [ -62.508524729593105, -31.618198496183169 ], [ -62.508588045489432, -31.61818791317841 ], [ -62.508698791398182, -31.618180219271647 ], [ -62.508783136726898, -31.618180543712938 ], [ -62.508893925253524, -31.618164729815888 ], [ -62.50895729793406, -31.618143320199426 ], [ -62.509004941107236, -31.618105610110003 ], [ -62.509005092682457, -31.618076739634994 ], [ -62.508986313953649, -31.618038774175197 ], [ -62.508961124083797, -31.618017024032952 ], [ -62.50891692813839, -31.618000614128523 ], [ -62.508883190070968, -31.618000484394695 ], [ -62.508870507374375, -31.618002759051752 ], [ -62.508838866213004, -31.618008433926519 ], [ -62.508813505797903, -31.618019163039467 ], [ -62.50879442861784, -31.618038036298707 ], [ -62.508794352797842, -31.618052471535851 ], [ -62.508765786768613, -31.618071308294681 ], [ -62.50872777454218, -31.618081988725979 ], [ -62.508661310005891, -31.618089853025751 ], [ -62.508610702858505, -31.618089658319885 ], [ -62.508544366319342, -31.618073163096906 ], [ -62.508506524762907, -31.618051364179959 ], [ -62.50847825741031, -31.618013362130181 ], [ -62.508478409147578, -31.617984491657023 ], [ -62.50848809712781, -31.617946635679342 ], [ -62.508500862692493, -31.617925031514488 ], [ -62.508523088624251, -31.617908877077941 ], [ -62.508539957640501, -31.617908941993367 ], [ -62.508562140893083, -31.617900907370682 ], [ -62.508574849544324, -31.617890129625824 ], [ -62.508584437919765, -31.617871219888503 ], [ -62.508584513771616, -31.617856784651384 ], [ -62.508546658069214, -31.617837692353341 ], [ -62.508496107958202, -31.617826671175685 ], [ -62.508407588383967, -31.61781821049453 ], [ -62.508340112386129, -31.617817950750194 ], [ -62.508251592835762, -31.617809489961129 ], [ -62.508201042776342, -31.61779846866715 ], [ -62.508163187177253, -31.617779376256312 ], [ -62.508163263093849, -31.6177649410199 ], [ -62.508172851538902, -31.617746031313825 ], [ -62.508185560213171, -31.617735253607666 ], [ -62.508207743453944, -31.617727219046227 ], [ -62.508224612436621, -31.617727284002974 ], [ -62.508246881063677, -31.617703009793349 ], [ -62.508259703575774, -31.617670579224392 ], [ -62.508269491228454, -31.617613777013492 ], [ -62.508269718927394, -31.617570471302354 ], [ -62.508260529000346, -31.617513596021737 ], [ -62.508248048073256, -31.617481068024507 ], [ -62.508226035683116, -31.617456623310169 ], [ -62.508209166749253, -31.617456558354107 ], [ -62.508187111674594, -31.617440233454055 ], [ -62.508174573847235, -31.617418531877583 ], [ -62.508165284353254, -31.617380602838487 ], [ -62.508165436183383, -31.617351732363822 ], [ -62.50815614669937, -31.617313803323793 ], [ -62.508143608895786, -31.617292101744084 ], [ -62.508121553871106, -31.617275776832802 ], [ -62.508104684970135, -31.617275711863275 ], [ -62.508082587246946, -31.617267506766371 ], [ -62.508069992519509, -31.617256631607585 ], [ -62.508060603423999, -31.617237648809635 ], [ -62.508060679354834, -31.61722321357222 ], [ -62.50805129026449, -31.617204230773545 ], [ -62.50803869554916, -31.617193355611654 ], [ -62.508016597851267, -31.617185150503499 ], [ -62.507999728966908, -31.617185085520276 ], [ -62.507977631274464, -31.617176880405395 ], [ -62.507965036571441, -31.61716600523636 ], [ -62.507955647506201, -31.617147022430718 ], [ -62.507955723452959, -31.617132587193339 ], [ -62.507974800613276, -31.617113714056561 ], [ -62.508000160875305, -31.617102985107135 ], [ -62.508044484370295, -31.61709503586162 ], [ -62.508078222106825, -31.617095165813669 ], [ -62.508080478015174, -31.617094348741489 ], [ -62.508122588297297, -31.617079096719639 ], [ -62.508145181341142, -31.617059936357606 ], [ -62.508148005470971, -31.617057541312057 ], [ -62.50816718221423, -31.617019721895794 ], [ -62.508167334041644, -31.616990851419494 ], [ -62.508139067142466, -31.616952849293011 ], [ -62.50810122613187, -31.616931050257751 ], [ -62.508034890505243, -31.616914554776461 ], [ -62.507984283998582, -31.61691435982884 ], [ -62.507917905682284, -31.616905984108381 ], [ -62.507880007774695, -31.616895011436505 ], [ -62.507851641321466, -31.616875955496948 ], [ -62.507851717283465, -31.616861520259171 ], [ -62.507832839558596, -31.616842500879475 ], [ -62.507807593302005, -31.616831576940012 ], [ -62.507763355385691, -31.616823286462356 ], [ -62.507729617748822, -31.616823156428108 ], [ -62.507716935185826, -31.616825430972369 ], [ -62.507685294357778, -31.616831105565726 ], [ -62.507659934134672, -31.616841834453478 ], [ -62.507640856967683, -31.616860707543935 ], [ -62.507640780973141, -31.616875142781254 ], [ -62.507631192512804, -31.616894052449776 ], [ -62.507618483891079, -31.616904830102669 ], [ -62.507596300797182, -31.616912864564277 ], [ -62.507579431962988, -31.616912799526055 ], [ -62.50757248551939, -31.616915315445908 ], [ -62.507557248863925, -31.616920833980803 ], [ -62.5075445402301, -31.6169316116262 ], [ -62.507534951744461, -31.616950521287066 ], [ -62.507534875733299, -31.616964956523937 ], [ -62.507525287242217, -31.616983866183933 ], [ -62.507512578596078, -31.616994643825894 ], [ -62.507490395471926, -31.617002678268687 ], [ -62.507473526621801, -31.6170026132163 ], [ -62.507466580168732, -31.617005129130266 ], [ -62.507451343492491, -31.617010647652243 ], [ -62.507438634834251, -31.617021425286694 ], [ -62.507429046317853, -31.617040334939023 ], [ -62.507428970290071, -31.617054770175475 ], [ -62.50741938176823, -31.61707367982693 ], [ -62.507406673097684, -31.61708445745796 ], [ -62.50738448994327, -31.617092491881937 ], [ -62.507367621077215, -31.61709242681539 ], [ -62.507366635589143, -31.617092751446318 ], [ -62.50734544175414, -31.61709973293318 ], [ -62.507332738187039, -31.617109539490933 ], [ -62.507323158592243, -31.617126749769643 ], [ -62.507323089368604, -31.617139890251334 ], [ -62.507322907656317, -31.617174384015595 ], [ -62.507552543482149, -31.618112784999038 ], [ -62.507736785671874, -31.61886567242987 ], [ -62.507801899457313, -31.619131750556814 ], [ -62.507894457318251, -31.619509972349864 ] ] ], [ [ [ -62.514158623644263, -31.6205251454255 ], [ -62.514158773090664, -31.620496381191693 ], [ -62.514158830022573, -31.62048542338831 ], [ -62.514149415656064, -31.62047100517152 ], [ -62.514136806237481, -31.620462738684811 ], [ -62.5141146970576, -31.620456490682663 ], [ -62.514097827567767, -31.620456426498951 ], [ -62.514075897333122, -31.620415743133126 ], [ -62.514063526522229, -31.620361562829704 ], [ -62.51405452972827, -31.620266795438354 ], [ -62.51405490480051, -31.620194619220584 ], [ -62.514045908029033, -31.620099851826417 ], [ -62.514033537274813, -31.620045671518003 ], [ -62.514011607162161, -31.620004988139787 ], [ -62.513994737754039, -31.620004923943281 ], [ -62.513972681060693, -31.619988600032571 ], [ -62.513960141549369, -31.619966899015679 ], [ -62.513950849464109, -31.619928970386201 ], [ -62.513950999523189, -31.619900099898118 ], [ -62.513960685502944, -31.619862243496186 ], [ -62.513973450078502, -31.619840638780602 ], [ -62.51399567553792, -31.619824483391504 ], [ -62.514012544913498, -31.619824547587566 ], [ -62.514035023542078, -31.619759673241255 ], [ -62.514048125649026, -31.61967310991631 ], [ -62.514058402284412, -31.619521575950369 ], [ -62.514059002377117, -31.61940609398799 ], [ -62.514050301027581, -31.619254487803261 ], [ -62.514038099157318, -31.619167828185958 ], [ -62.514016295834679, -31.619102785327406 ], [ -62.513999426589294, -31.619102721133139 ], [ -62.513977370105749, -31.619086397223093 ], [ -62.513964830711409, -31.619064696204806 ], [ -62.513955538708849, -31.61902676757121 ], [ -62.513955688761207, -31.618997897079012 ], [ -62.513974863576593, -31.618960076782365 ], [ -62.51400027993467, -31.618938520207895 ], [ -62.514044646014916, -31.618922449059728 ], [ -62.514078384440943, -31.618922577433423 ], [ -62.514122708313003, -31.618914626084116 ], [ -62.514148068377814, -31.618903895914698 ], [ -62.514148813783216, -31.618903158411385 ], [ -62.51416714466751, -31.618885021849131 ], [ -62.514167219660635, -31.618870586602277 ], [ -62.51417680701433, -31.618851676437544 ], [ -62.514189515156929, -31.618840898130298 ], [ -62.514211698159855, -31.618832862524769 ], [ -62.514228567357108, -31.618832926690512 ], [ -62.514250750354876, -31.618824891078141 ], [ -62.514263458485374, -31.618814112763378 ], [ -62.514273045813745, -31.618795202591002 ], [ -62.514273120790257, -31.618780767343704 ], [ -62.514282708113186, -31.618761857170458 ], [ -62.514295416231384, -31.61875107885227 ], [ -62.514317599204048, -31.618743043227933 ], [ -62.514334468385357, -31.618743107379522 ], [ -62.51435665135287, -31.618735071748322 ], [ -62.514369359458954, -31.618724293422638 ], [ -62.514378946756565, -31.618705383241743 ], [ -62.514379021716472, -31.618690947994015 ], [ -62.514386644710861, -31.618672030343198 ], [ -62.514396733741457, -31.618661242055747 ], [ -62.514414333323657, -31.618653188986684 ], [ -62.514427710404753, -31.618653239848182 ], [ -62.514462825242752, -31.618653373352938 ], [ -62.514447512652254, -31.618592098002974 ], [ -62.514141948005474, -31.617369323965423 ], [ -62.514075929084498, -31.617105132709231 ], [ -62.514051292599881, -31.617006543259368 ], [ -62.514019711314752, -31.616880162037546 ], [ -62.51369884592529, -31.61559611130382 ], [ -62.513620353526875, -31.615287123739979 ], [ -62.513590451793711, -31.615169414176595 ], [ -62.513511960092984, -31.614860426532776 ], [ -62.513485954303711, -31.614860327474023 ], [ -62.513476047336411, -31.614860289735947 ], [ -62.513463002203686, -31.614868360034176 ], [ -62.513455515659174, -31.614879158170165 ], [ -62.513449844430518, -31.614898083212601 ], [ -62.513449769338308, -31.614912518466888 ], [ -62.513440182253156, -31.614931428591287 ], [ -62.513427474562654, -31.614942206835018 ], [ -62.513405292421666, -31.61495024231786 ], [ -62.513388423926784, -31.614950178050414 ], [ -62.513387350597228, -31.614950566863854 ], [ -62.513366241780631, -31.614958213526396 ], [ -62.513353534078036, -31.614968991762634 ], [ -62.513343946967595, -31.614987901879374 ], [ -62.513343871858766, -31.615002337133237 ], [ -62.513334284742868, -31.6150212472491 ], [ -62.513321577027966, -31.615032025481909 ], [ -62.513299394856723, -31.615040060945933 ], [ -62.513282526345904, -31.615039996664333 ], [ -62.513281453014876, -31.615040385476878 ], [ -62.513260344169495, -31.615048032121514 ], [ -62.5132476364425, -31.61505881034681 ], [ -62.513238049301293, -31.61507772045502 ], [ -62.513237974175865, -31.615092155708464 ], [ -62.513228387029201, -31.615111065815789 ], [ -62.5132156792899, -31.61512184403767 ], [ -62.513193497088395, -31.615129879482883 ], [ -62.513176628561652, -31.615129815187149 ], [ -62.513175555229154, -31.615130203998778 ], [ -62.513154446354996, -31.615137850625516 ], [ -62.513141738603579, -31.615148628839858 ], [ -62.513132151431613, -31.615167538939556 ], [ -62.513132076289587, -31.615181974192559 ], [ -62.513122489112156, -31.615200884291376 ], [ -62.513109781348454, -31.615211662502315 ], [ -62.513087599116695, -31.615219697928712 ], [ -62.513070730574015, -31.615219633618818 ], [ -62.513068022451968, -31.615222585993497 ], [ -62.513048463787605, -31.615243908697664 ], [ -62.513035643273781, -31.615276339779939 ], [ -62.513025858775102, -31.615333142408662 ], [ -62.513025633298177, -31.615376448165794 ], [ -62.513015848782125, -31.615433250792709 ], [ -62.51300302823018, -31.615465681870372 ], [ -62.512980761366883, -31.615489956935686 ], [ -62.512963892775737, -31.615489892611201 ], [ -62.5129611846424, -31.615492844983361 ], [ -62.512941625896538, -31.615514167669456 ], [ -62.512928805307467, -31.615546598738892 ], [ -62.512919020713483, -31.61560340135609 ], [ -62.512918795184703, -31.615646707110702 ], [ -62.512927987781573, -31.61570358209957 ], [ -62.512940470114088, -31.615736109662564 ], [ -62.512951476730116, -31.615748331621411 ], [ -62.512962483349007, -31.61576055357931 ], [ -62.512979351988974, -31.615760617904488 ], [ -62.513001449799297, -31.615768822156802 ], [ -62.51301404490895, -31.615779696835588 ], [ -62.51302343487265, -31.61579867928241 ], [ -62.51302335971198, -31.615813114533754 ], [ -62.513013772446236, -31.615832024621671 ], [ -62.513001064583392, -31.615842802819724 ], [ -62.512978882192115, -31.615850838224844 ], [ -62.512962013535883, -31.615850773899449 ], [ -62.512950901196014, -31.615858851513437 ], [ -62.512939788854226, -31.615866929126419 ], [ -62.512927024596323, -31.615888533755182 ], [ -62.512917338632981, -31.615926390102128 ], [ -62.512917188278109, -31.615955260603769 ], [ -62.512907502303513, -31.615993116949472 ], [ -62.512894738020584, -31.616014721574299 ], [ -62.512872513288116, -31.616030876788656 ], [ -62.512855644599682, -31.616030812448891 ], [ -62.5128335467409, -31.616022608171182 ], [ -62.512820951620164, -31.616011733474899 ], [ -62.512811561676976, -31.615992751014019 ], [ -62.51281163687085, -31.615978315763527 ], [ -62.512802246932822, -31.61595933330192 ], [ -62.512789651824178, -31.615948458602553 ], [ -62.512767553990713, -31.615940254313585 ], [ -62.512750685318878, -31.615940189960117 ], [ -62.512749611975316, -31.615940578768011 ], [ -62.512728502883483, -31.615948225321169 ], [ -62.512715794972181, -31.615959003490175 ], [ -62.512706207629201, -31.615977913553795 ], [ -62.512706132419041, -31.615992348804042 ], [ -62.512696545070618, -31.616011258866777 ], [ -62.512683837146994, -31.616022037032355 ], [ -62.512661654686511, -31.616030072381456 ], [ -62.512644785998738, -31.616030008013841 ], [ -62.512642077839551, -31.616032960378725 ], [ -62.512622518906952, -31.616054283012264 ], [ -62.512609698131058, -31.616086714045053 ], [ -62.51259991328255, -31.616143516630487 ], [ -62.512599687601266, -31.616186822379373 ], [ -62.512637346027837, -31.616243806012704 ], [ -62.512687782975902, -31.616276478424581 ], [ -62.512776216920841, -31.616301175786155 ], [ -62.512843691869165, -31.616301433175789 ], [ -62.512931999020232, -31.616350489914247 ], [ -62.512982267000204, -31.616415641523176 ], [ -62.513019629796297, -31.616529463840926 ], [ -62.513019178815107, -31.61661607533857 ], [ -62.513028075607743, -31.61672978910746 ], [ -62.51304038899525, -31.616794795967866 ], [ -62.513051332331472, -31.616819197658934 ], [ -62.513062275673342, -31.616843599349014 ], [ -62.513079144508886, -31.616843663662966 ], [ -62.513101158037081, -31.616868107554573 ], [ -62.513113640579896, -31.616900635096918 ], [ -62.513122833408168, -31.61695751006307 ], [ -62.51312260796184, -31.617000815809806 ], [ -62.513131800804594, -31.617057690774573 ], [ -62.513144283382495, -31.617090218313326 ], [ -62.513155290182318, -31.617102440253888 ], [ -62.513166296985013, -31.617114662193519 ], [ -62.513183165869712, -31.617114726494222 ], [ -62.513205264016719, -31.617122930712949 ], [ -62.513217859330545, -31.617133805371424 ], [ -62.513227249467981, -31.617152787801047 ], [ -62.513227174334808, -31.617167223049755 ], [ -62.513208098212516, -31.617186096981605 ], [ -62.51318273851097, -31.617196826970861 ], [ -62.513138415379686, -31.617204778003483 ], [ -62.51310467757807, -31.617204649387702 ], [ -62.51309199508654, -31.617206924466405 ], [ -62.51306035443681, -31.617212600393103 ], [ -62.513034994711496, -31.617223330352775 ], [ -62.51301591853921, -31.617242204255223 ], [ -62.513015843373147, -31.617256639503292 ], [ -62.512987278426465, -31.617275477219799 ], [ -62.512949266989501, -31.6172861589171 ], [ -62.512882803344326, -31.617294025424176 ], [ -62.51283219659561, -31.61729383239539 ], [ -62.512765690633245, -31.617309818668026 ], [ -62.512727622749793, -31.61733132673438 ], [ -62.512698959002854, -31.617369110647257 ], [ -62.512698808572082, -31.617397981141437 ], [ -62.512708099910952, -31.617435909869332 ], [ -62.512720638798768, -31.617457611011378 ], [ -62.512742694679716, -31.617473935136523 ], [ -62.512759563628151, -31.617473999493832 ], [ -62.512781661821457, -31.61748220378589 ], [ -62.512794257133251, -31.617493078485509 ], [ -62.512803647219336, -31.617512060944698 ], [ -62.512803572019727, -31.617526496191694 ], [ -62.5128604060654, -31.617545659623655 ], [ -62.512936260008942, -31.617556775579999 ], [ -62.5130026604132, -31.617561088787237 ], [ -62.513069060824066, -31.617565401960011 ], [ -62.513170274619441, -31.617565787812765 ], [ -62.513303075472294, -31.617574413949775 ], [ -62.513378929495353, -31.617585529643929 ], [ -62.513435763698176, -31.617604692821214 ], [ -62.513435688595848, -31.617619128069354 ], [ -62.513397634819661, -31.617637929725682 ], [ -62.513346971543903, -31.617648563334939 ], [ -62.51325836713162, -31.61765634566672 ], [ -62.513190891201596, -31.617656088486338 ], [ -62.513102286770689, -31.617663870709624 ], [ -62.513051623448874, -31.617674504201208 ], [ -62.513013569574341, -31.617693305741906 ], [ -62.5130134944066, -31.617707740988955 ], [ -62.512994418129864, -31.617726614885722 ], [ -62.512969058256964, -31.617737344829933 ], [ -62.51292473485173, -31.617745295784953 ], [ -62.5128909968562, -31.617745167110765 ], [ -62.512846504255116, -31.617785597343264 ], [ -62.512820918756155, -31.617839632996755 ], [ -62.51280144760829, -31.617934291905982 ], [ -62.512801071601778, -31.618006468135864 ], [ -62.512791089243983, -31.618101163238048 ], [ -62.512778155427839, -31.618155247143438 ], [ -62.512755803246634, -31.618195761803353 ], [ -62.512738934168013, -31.618195697444257 ], [ -62.512727821527719, -31.61820377503285 ], [ -62.512716708885492, -31.618211852620465 ], [ -62.512703944248841, -31.61823345721524 ], [ -62.512694257939458, -31.618271313528044 ], [ -62.512694107501943, -31.618300184018118 ], [ -62.512712887794592, -31.618338148946947 ], [ -62.512738078632758, -31.618359898357795 ], [ -62.512782275435924, -31.618376306947454 ], [ -62.512816013658579, -31.61837643565265 ], [ -62.512860252779866, -31.618384724390115 ], [ -62.51288550005728, -31.618395647338328 ], [ -62.512904379129232, -31.618414665980147 ], [ -62.51290430394252, -31.618429101225303 ], [ -62.512885227494813, -31.618447975101951 ], [ -62.512859867412921, -31.618458705021162 ], [ -62.512815543656174, -31.618466655933823 ], [ -62.512781805400955, -31.618466527228165 ], [ -62.512769122730468, -31.61846880227257 ], [ -62.512737481634232, -31.618474478113633 ], [ -62.512712121528565, -31.618485208003225 ], [ -62.512693045030872, -31.618504081850482 ], [ -62.512692969811262, -31.618518517094984 ], [ -62.512702359976785, -31.618537499559416 ], [ -62.512714955419696, -31.618548374266418 ], [ -62.512726004640129, -31.618552476417356 ], [ -62.512737053861535, -31.618556578567343 ], [ -62.512753923005249, -31.618556642927356 ], [ -62.512775979148643, -31.618572967046628 ], [ -62.51278851820112, -31.618594668179863 ], [ -62.512797809688649, -31.618632596895711 ], [ -62.512797659280977, -31.618661467384594 ], [ -62.512787972962698, -31.618699323701907 ], [ -62.51277520827432, -31.618720928301652 ], [ -62.512752982871902, -31.618737083481644 ], [ -62.512736113695652, -31.618737019121188 ], [ -62.512729167250711, -31.618739535320838 ], [ -62.512713930592305, -31.618745054469461 ], [ -62.512701222294844, -31.618755832628466 ], [ -62.512691634654388, -31.618774742679783 ], [ -62.512691559433776, -31.618789177923684 ], [ -62.51268197178787, -31.618808087974131 ], [ -62.512669263478088, -31.61881886612969 ], [ -62.512647080349652, -31.618826901466008 ], [ -62.512630211157465, -31.618826837091401 ], [ -62.512627502915599, -31.618829789453862 ], [ -62.512607943385959, -31.618851112069901 ], [ -62.512595122208197, -31.618883543083125 ], [ -62.51258533703475, -31.61894034563959 ], [ -62.512585111322068, -31.61898365136939 ], [ -62.512575326131234, -31.619040453924011 ], [ -62.512562504915344, -31.619072884932624 ], [ -62.512540237066943, -31.619097159897631 ], [ -62.512523367826269, -31.619097095508415 ], [ -62.51251225505942, -31.619105173075848 ], [ -62.512501142290645, -31.619113250642293 ], [ -62.512488377478569, -31.619134855210731 ], [ -62.512478690983741, -31.619172711500021 ], [ -62.512478540474383, -31.619201581985084 ], [ -62.512497320855047, -31.619239546941216 ], [ -62.512522511882402, -31.619261296393471 ], [ -62.512566709070541, -31.619277705059346 ], [ -62.512600447617331, -31.619277833824764 ], [ -62.512644644827297, -31.619294242463841 ], [ -62.512669835903878, -31.619315991887358 ], [ -62.512688616384928, -31.619353956815701 ], [ -62.512688465939313, -31.61938282730085 ], [ -62.512678779498202, -31.61942068360441 ], [ -62.512666014683973, -31.61944228818955 ], [ -62.512643789089772, -31.619458443346815 ], [ -62.512626919783671, -31.619458378970609 ], [ -62.51262584639904, -31.619458767776834 ], [ -62.512604736499235, -31.619466414297207 ], [ -62.512592028090147, -31.619477192442982 ], [ -62.512582440351764, -31.619496102483023 ], [ -62.512582365112166, -31.619510537725038 ], [ -62.512591755351963, -31.619529520195442 ], [ -62.512604350913875, -31.619540394912878 ], [ -62.512615400245942, -31.619544497073889 ], [ -62.512626449578981, -31.619548599233944 ], [ -62.512643318901368, -31.61954866361036 ], [ -62.512665332941594, -31.619573107572062 ], [ -62.512677815680284, -31.619605635145387 ], [ -62.51268700848626, -31.619662510118882 ], [ -62.512686782814306, -31.619705815844426 ], [ -62.512676997603492, -31.619762618400316 ], [ -62.512664176320236, -31.619795049414822 ], [ -62.512641908323445, -31.619819324393344 ], [ -62.512625038952244, -31.619819260016236 ], [ -62.512623965563421, -31.619819648822368 ], [ -62.512602855581612, -31.619827295341189 ], [ -62.51259014712268, -31.619838073485667 ], [ -62.512580559345913, -31.619856983524102 ], [ -62.512580484104966, -31.619871418765317 ], [ -62.512589874379593, -31.619890401235157 ], [ -62.512602469989318, -31.61990127595266 ], [ -62.512613519363718, -31.619905378114019 ], [ -62.512624568739099, -31.619909480274433 ], [ -62.512641438126572, -31.619909544651758 ], [ -62.512663536881817, -31.619917748966852 ], [ -62.512676132503842, -31.619928623677175 ], [ -62.512685522803572, -31.619947606140066 ], [ -62.512685447578583, -31.619962041381289 ], [ -62.51269483788348, -31.61998102384344 ], [ -62.512707433517605, -31.619991898550687 ], [ -62.512718482907381, -31.619996000703065 ], [ -62.512729532298145, -31.620000102854501 ], [ -62.512746401702238, -31.620000167218127 ], [ -62.512768500488235, -31.620008371515233 ], [ -62.512781096134681, -31.620019246215303 ], [ -62.512790486464674, -31.620038228670516 ], [ -62.512790411255615, -31.620052663911753 ], [ -62.512780823496513, -31.620071573964793 ], [ -62.512768115024272, -31.620082352126435 ], [ -62.512745931602872, -31.620090387475393 ], [ -62.512729062182508, -31.620090323111551 ], [ -62.512722115636358, -31.620092839309272 ], [ -62.512706878755942, -31.620098358453646 ], [ -62.512694170271601, -31.620109136607791 ], [ -62.512684582487196, -31.620128046653168 ], [ -62.512684507261518, -31.620142481893989 ], [ -62.512722364752221, -31.62016157297662 ], [ -62.512772916642867, -31.620172592495244 ], [ -62.512861438879682, -31.620181050174097 ], [ -62.512928916628233, -31.620181307546854 ], [ -62.513017234819145, -31.620228951213001 ], [ -62.513067514716994, -31.620292218742389 ], [ -62.513104896268032, -31.620402743933685 ], [ -62.513104458377384, -31.620486843342302 ], [ -62.513103308905713, -31.620707604284672 ], [ -62.513546541583459, -31.620630972631716 ], [ -62.513715391941652, -31.620601779214251 ], [ -62.514101971821674, -31.620534940494331 ], [ -62.514158623644263, -31.6205251454255 ] ] ], [ [ [ -62.508800939456194, -31.616798410185275 ], [ -62.508791848784028, -31.61672258868084 ], [ -62.508779424636856, -31.616679234300552 ], [ -62.508757454941978, -31.616646669852607 ], [ -62.508740586152854, -31.61664660496821 ], [ -62.508718573826158, -31.616622160336266 ], [ -62.508706092853778, -31.616589632378865 ], [ -62.508696902748987, -31.616532757119209 ], [ -62.508697130240414, -31.616489451397953 ], [ -62.508706917494266, -31.616432649139099 ], [ -62.508719739667178, -31.61640021851408 ], [ -62.508742007846131, -31.616375944208567 ], [ -62.508758876586434, -31.616376009092278 ], [ -62.50878114474947, -31.616351734779681 ], [ -62.508793966885257, -31.616319304146455 ], [ -62.508803754061148, -31.616262501877866 ], [ -62.508803981500705, -31.616219196154091 ], [ -62.508785302724746, -31.616162284404044 ], [ -62.508760170266264, -31.61612970779035 ], [ -62.508716017896695, -31.616105177997724 ], [ -62.508682280514044, -31.616105048217754 ], [ -62.508638042858713, -31.61609675804484 ], [ -62.508612796705961, -31.616085834264393 ], [ -62.508593918979116, -31.616066814994916 ], [ -62.508593994824146, -31.616052379753693 ], [ -62.508584605739252, -31.616033396990844 ], [ -62.508572011116946, -31.616022521880552 ], [ -62.508549913646192, -31.61601431686551 ], [ -62.508533044971649, -31.616014251954866 ], [ -62.508526098620059, -31.616016767927889 ], [ -62.508510862166411, -31.616022286579401 ], [ -62.508498153764698, -31.616033064323563 ], [ -62.508488565565543, -31.616051974061588 ], [ -62.50848848970422, -31.616066409302576 ], [ -62.508478901499601, -31.61608531903973 ], [ -62.508466193085582, -31.616096096780463 ], [ -62.508444010255253, -31.616104131393033 ], [ -62.508427141564781, -31.616104066468242 ], [ -62.508420195203712, -31.616106582435371 ], [ -62.508404958729287, -31.616112101073963 ], [ -62.50839225030316, -31.616122878807182 ], [ -62.508382662073238, -31.61614178853668 ], [ -62.508382586195317, -31.616156223777221 ], [ -62.508372997959938, -31.616175133505845 ], [ -62.508360289521512, -31.616185911235661 ], [ -62.508338106660929, -31.616193945829398 ], [ -62.508321237954519, -31.61619388089046 ], [ -62.508314291583986, -31.616196396851702 ], [ -62.508299055088784, -31.616201915477365 ], [ -62.508286346638243, -31.616212693199657 ], [ -62.508276758377562, -31.616231602920614 ], [ -62.508276682483022, -31.616246038160728 ], [ -62.508295560180379, -31.616265057476287 ], [ -62.508320806343299, -31.616275981319259 ], [ -62.508365044053512, -31.61628427160241 ], [ -62.50839878149921, -31.616284401466832 ], [ -62.508443019220692, -31.616292691723061 ], [ -62.508468265408652, -31.616303615537099 ], [ -62.50848714315682, -31.616322634824687 ], [ -62.508487067294482, -31.61633707006505 ], [ -62.508467990397065, -31.61635594328331 ], [ -62.508442630391194, -31.616366672329484 ], [ -62.508398307274184, -31.616374621717966 ], [ -62.508364569795951, -31.616374491853087 ], [ -62.508351887308507, -31.61637676646134 ], [ -62.508320246668966, -31.616382441214348 ], [ -62.508294886639327, -31.616393170230932 ], [ -62.508275809691938, -31.616412043419793 ], [ -62.508275733796715, -31.616426478659506 ], [ -62.508304100202615, -31.616445534505694 ], [ -62.50834199798031, -31.616456507051158 ], [ -62.508408376019204, -31.616464882548911 ], [ -62.50845898228588, -31.616465077326023 ], [ -62.508525275003159, -31.616489692408258 ], [ -62.508563059048839, -31.616522317748657 ], [ -62.508591226444764, -31.616579266036851 ], [ -62.5085909989035, -31.616622571756807 ], [ -62.508600188951846, -31.616679447022715 ], [ -62.508612669898795, -31.616711974989741 ], [ -62.508623676057155, -31.616724197315126 ], [ -62.508634682218378, -31.616736419639548 ], [ -62.508651551023426, -31.616736484538091 ], [ -62.50867356335894, -31.61676092918125 ], [ -62.508686044341992, -31.616793457141089 ], [ -62.50869523446358, -31.616850332399395 ], [ -62.508695006968068, -31.616893638118196 ], [ -62.508704197104109, -31.616950513375123 ], [ -62.508716678122241, -31.616983041331363 ], [ -62.508727684325727, -31.616995263647709 ], [ -62.508738690532063, -31.617007485963121 ], [ -62.508755559386266, -31.617007550848417 ], [ -62.508777870351224, -31.616975156718109 ], [ -62.508790749439576, -31.616931899659509 ], [ -62.508800636194614, -31.616856151144994 ], [ -62.508800939456194, -31.616798410185275 ] ] ], [ [ [ -62.509983089950552, -31.616749720261538 ], [ -62.510005272806275, -31.616741685382678 ], [ -62.51002214161575, -31.616741750100203 ], [ -62.510044367004348, -31.616725595390392 ], [ -62.510057132041084, -31.616703991060497 ], [ -62.510066819244066, -31.616666134947636 ], [ -62.510066970482995, -31.616637264461509 ], [ -62.510076657674716, -31.616599408347387 ], [ -62.510089422686406, -31.616577804013588 ], [ -62.510111648024186, -31.616561649291132 ], [ -62.510128516801466, -31.61656171399428 ], [ -62.510150699600217, -31.616553679089336 ], [ -62.510163407885365, -31.616542901180388 ], [ -62.510172995799344, -31.616523991315152 ], [ -62.510173071402015, -31.616509556071545 ], [ -62.510163681950388, -31.616490573422414 ], [ -62.510151087081468, -31.616479698466119 ], [ -62.510128989360922, -31.616471493722365 ], [ -62.510112120599921, -31.616471429019445 ], [ -62.510090022884832, -31.616463224268998 ], [ -62.510077428028225, -31.616452349305526 ], [ -62.510068038601688, -31.616433366649456 ], [ -62.510068114220289, -31.61641893140586 ], [ -62.510058724798917, -31.61639994874907 ], [ -62.510046129954404, -31.616389073782504 ], [ -62.51002403226461, -31.616380869020798 ], [ -62.510007163520235, -31.616380804304175 ], [ -62.509985236006109, -31.616340120237751 ], [ -62.509972868077128, -31.616285939533103 ], [ -62.509963875767411, -31.616191171839283 ], [ -62.509964253936737, -31.616118995619445 ], [ -62.509955261649445, -31.616024227922793 ], [ -62.509942893777101, -31.615970047213178 ], [ -62.509920966384918, -31.615929363134374 ], [ -62.509904097722234, -31.615929298404968 ], [ -62.509882000153326, -31.61592109361931 ], [ -62.509869405393317, -31.615910218635396 ], [ -62.509860016062106, -31.615891235963403 ], [ -62.509860091711232, -31.61587680071904 ], [ -62.509841213769761, -31.615857781631156 ], [ -62.509815967537293, -31.615846858087355 ], [ -62.509771729897828, -31.615838568307019 ], [ -62.509737992605984, -31.615838438806886 ], [ -62.509725310222933, -31.615840713552792 ], [ -62.509693669843799, -31.615846388649246 ], [ -62.509668310114122, -31.615857117942515 ], [ -62.50964923355189, -31.615875991342048 ], [ -62.509649157870236, -31.615890426585942 ], [ -62.509639569917617, -31.615909336413324 ], [ -62.509626861659932, -31.615920114271468 ], [ -62.509604678968458, -31.615928149087296 ], [ -62.509587810306783, -31.615928084316121 ], [ -62.509580863989207, -31.615930600346896 ], [ -62.509565627610158, -31.615936119125099 ], [ -62.509552919340379, -31.615946896975718 ], [ -62.509543331362458, -31.615965806795447 ], [ -62.509543255664184, -31.615980242038908 ], [ -62.509562133568807, -31.615999261170128 ], [ -62.50958737981184, -31.616010184763947 ], [ -62.509631617515041, -31.616018474608587 ], [ -62.509665354871267, -31.616018604137466 ], [ -62.509709422321883, -31.616059373253453 ], [ -62.509734441591341, -31.616113602549252 ], [ -62.509752922312835, -31.61620840668072 ], [ -62.509752543979097, -31.616280582897264 ], [ -62.509742558746247, -31.616375277757207 ], [ -62.509729623423908, -31.616429361352964 ], [ -62.509707270352294, -31.616469875481016 ], [ -62.50969040159265, -31.616469810722396 ], [ -62.509683455237315, -31.616472326758164 ], [ -62.509668218775445, -31.616477845547301 ], [ -62.509655510442869, -31.616488623406592 ], [ -62.509645922428525, -31.616507533232063 ], [ -62.50964584674449, -31.616521968474526 ], [ -62.509598303987168, -31.616540732567707 ], [ -62.509534989315981, -31.616551316088568 ], [ -62.50942424539673, -31.616559010742755 ], [ -62.509339901522267, -31.616558686739687 ], [ -62.509229114972051, -31.616574501047747 ], [ -62.509165743419935, -31.616595910815807 ], [ -62.509118101088347, -31.616633620982608 ], [ -62.509117949556547, -31.616662491464645 ], [ -62.509155705470306, -31.616700529846998 ], [ -62.509206198241465, -31.616722377190886 ], [ -62.509294674256665, -31.616738957133304 ], [ -62.509362149485717, -31.616739216365438 ], [ -62.509406451401979, -31.616735326555496 ], [ -62.509450753314752, -31.616731436730138 ], [ -62.509501416513793, -31.61672080466445 ], [ -62.509539470681474, -31.616702004170545 ], [ -62.509539546382449, -31.616687568928711 ], [ -62.509558623134424, -31.616668695549858 ], [ -62.509583983097734, -31.616657966282098 ], [ -62.509628306254307, -31.616650016482822 ], [ -62.509662043838325, -31.616650146014887 ], [ -62.509706281850441, -31.616658435835983 ], [ -62.50973152828756, -31.616669359402184 ], [ -62.50975040636802, -31.616688378505312 ], [ -62.509750330699582, -31.61670281374758 ], [ -62.509759720087601, -31.616721796425857 ], [ -62.50977231494268, -31.616732671420184 ], [ -62.509783363817085, -31.61673677382338 ], [ -62.509794412692472, -31.616740876225634 ], [ -62.509811281501271, -31.61674094097101 ], [ -62.50983337925652, -31.616749145769745 ], [ -62.509845974123905, -31.616760020756921 ], [ -62.509855363537021, -31.616779003428228 ], [ -62.509855287884498, -31.616793438670527 ], [ -62.509864677302787, -31.616812421341109 ], [ -62.50987727218228, -31.61682329632518 ], [ -62.509888321072069, -31.616827398719401 ], [ -62.509899369962831, -31.616831501112674 ], [ -62.509916238788236, -31.61683156584434 ], [ -62.509938421669048, -31.616823530977435 ], [ -62.509951130015466, -31.616812753090702 ], [ -62.509960718000563, -31.61679384324291 ], [ -62.5099607936368, -31.616779408000369 ], [ -62.509970381616448, -31.616760498151706 ], [ -62.509983089950552, -31.616749720261538 ] ] ], [ [ [ -62.508657238732241, -31.615653841459988 ], [ -62.50867933612794, -31.615662046456169 ], [ -62.508691930714924, -31.615672921556119 ], [ -62.508701319786539, -31.615691904311994 ], [ -62.508701243959123, -31.615706339554261 ], [ -62.508720121636287, -31.615725358808415 ], [ -62.508745367705153, -31.615736282567415 ], [ -62.508789605200448, -31.615744572701981 ], [ -62.50882334245361, -31.615744702452279 ], [ -62.50886775051432, -31.615720513264208 ], [ -62.508893223993049, -31.615688131266221 ], [ -62.508912499628494, -31.615631365467781 ], [ -62.508912727012081, -31.615588059739007 ], [ -62.508922514033266, -31.615531257453323 ], [ -62.508935336003788, -31.615498826800078 ], [ -62.508957603909423, -31.615474552450806 ], [ -62.508974472487701, -31.615474617304383 ], [ -62.508996655123688, -31.615466582596898 ], [ -62.509009363390753, -31.615455804800824 ], [ -62.509018951422362, -31.615436895020249 ], [ -62.509019027199948, -31.615422459776685 ], [ -62.509028615226107, -31.615403549995225 ], [ -62.509041323480872, -31.615392772195712 ], [ -62.509063506091756, -31.61538473747628 ], [ -62.509080374654118, -31.615384802315702 ], [ -62.509102599877373, -31.615368647764729 ], [ -62.50911536494079, -31.615347043524718 ], [ -62.509125052375786, -31.615309187477713 ], [ -62.509125203897391, -31.615280316989512 ], [ -62.509115914217219, -31.615242388005147 ], [ -62.509103376460615, -31.61522068651319 ], [ -62.509081321749555, -31.615204361765652 ], [ -62.509064453219736, -31.615204296926674 ], [ -62.509042355896916, -31.615196091997312 ], [ -62.509029761332158, -31.615185216931351 ], [ -62.509020372242958, -31.615166234197961 ], [ -62.50902044801952, -31.615151798953782 ], [ -62.509011058935485, -31.615132816219653 ], [ -62.508998464382827, -31.615121941150608 ], [ -62.508976367085324, -31.615113736209992 ], [ -62.508959498572125, -31.615113671357321 ], [ -62.508952552298901, -31.615116187354683 ], [ -62.508937316017168, -31.615121706059604 ], [ -62.508924607787819, -31.615132483849468 ], [ -62.508915019769297, -31.615151393623989 ], [ -62.508914943976464, -31.615165828867941 ], [ -62.508876890315179, -31.615184629185361 ], [ -62.508826227883176, -31.615195261013625 ], [ -62.508737625465336, -31.615203040231815 ], [ -62.508670151350842, -31.615202780680992 ], [ -62.508581548914407, -31.615210559790679 ], [ -62.508530886436368, -31.615221191501281 ], [ -62.508492832676794, -31.615239991703085 ], [ -62.508492756818541, -31.615254426945917 ], [ -62.508530611471443, -31.61527351925686 ], [ -62.508581160210902, -31.615284540411196 ], [ -62.50866967740761, -31.615293000951105 ], [ -62.508737151587184, -31.615293260502842 ], [ -62.508825668807738, -31.615301720934841 ], [ -62.508876217598804, -31.615312741972886 ], [ -62.508914072354997, -31.615331834171037 ], [ -62.508913996561489, -31.615346269414569 ], [ -62.508894919954216, -31.615365142702455 ], [ -62.508869560266383, -31.615375871838307 ], [ -62.508825237654328, -31.61538382138135 ], [ -62.508791500531316, -31.615383691632875 ], [ -62.508778818188361, -31.615385966285348 ], [ -62.508747177909285, -31.615391641148694 ], [ -62.508721818197692, -31.615402370254941 ], [ -62.508702741540446, -31.615421243513442 ], [ -62.508702665714047, -31.615435678756324 ], [ -62.508683589046093, -31.615454552011759 ], [ -62.508658229310221, -31.615465281105003 ], [ -62.508613906638743, -31.615473230573972 ], [ -62.50858016948456, -31.615473100769353 ], [ -62.508567487124594, -31.615475375400635 ], [ -62.508535846803106, -31.615481050211105 ], [ -62.508510487043459, -31.615491779274745 ], [ -62.508491410325526, -31.615510652500799 ], [ -62.508491334466257, -31.615525087743013 ], [ -62.508481746319234, -31.61554399748254 ], [ -62.50846903797995, -31.615554775225231 ], [ -62.508446855278905, -31.615562809840295 ], [ -62.508429986686053, -31.615562744916861 ], [ -62.508407889336169, -31.615554539877888 ], [ -62.508395294798369, -31.615543664750223 ], [ -62.508385905803635, -31.61552468197219 ], [ -62.508385981679176, -31.61551024673021 ], [ -62.508376592689594, -31.615491263951455 ], [ -62.508363998163887, -31.615480388820707 ], [ -62.508341900839326, -31.615472183770471 ], [ -62.508325032263073, -31.615472118833349 ], [ -62.508302977631068, -31.615455793952822 ], [ -62.508290440036276, -31.615434092383438 ], [ -62.508281150681071, -31.615396163342552 ], [ -62.508281302463679, -31.615367292858409 ], [ -62.508272013118443, -31.615329363816567 ], [ -62.508259475547433, -31.61530766224395 ], [ -62.508237420965401, -31.615291337352204 ], [ -62.508220552422031, -31.615291272401606 ], [ -62.508213606116243, -31.61529378835839 ], [ -62.508198369763051, -31.615299306974254 ], [ -62.508185661425152, -31.615310084689181 ], [ -62.508176073239298, -31.615328994405999 ], [ -62.508175997331904, -31.615343429647933 ], [ -62.508166409140578, -31.615362339363855 ], [ -62.50815370079038, -31.615373117075364 ], [ -62.50813151810631, -31.61538115163604 ], [ -62.508114649547011, -31.615381086671309 ], [ -62.508107703231758, -31.61538360262217 ], [ -62.508092466857789, -31.615389121225121 ], [ -62.508079758495491, -31.615399898929105 ], [ -62.508070170278863, -31.615418808637386 ], [ -62.508070094354849, -31.615433243878897 ], [ -62.508051017561073, -31.615452117038565 ], [ -62.508025657755034, -31.615462846005467 ], [ -62.507981335034017, -31.615470795254378 ], [ -62.50794759788392, -31.615470665282679 ], [ -62.507934915509779, -31.615472939850978 ], [ -62.50790327515292, -31.615478614504354 ], [ -62.507877915323121, -31.61548934344167 ], [ -62.507858838479358, -31.615508216571936 ], [ -62.50785876252246, -31.615522651812782 ], [ -62.507849174248456, -31.615541561503527 ], [ -62.507836465837507, -31.615552339182539 ], [ -62.507814283084222, -31.615560373687185 ], [ -62.507797414493417, -31.615560308680209 ], [ -62.507790468156472, -31.615562824613548 ], [ -62.507775231734968, -31.615568343178008 ], [ -62.507762523311911, -31.615579120849493 ], [ -62.507752935012604, -31.615598030532585 ], [ -62.507752859039101, -31.615612465772998 ], [ -62.507743270734345, -31.615631375455212 ], [ -62.507730562298974, -31.615642153123282 ], [ -62.507708379515449, -31.615650187609106 ], [ -62.507691510908707, -31.615650122587979 ], [ -62.507684564562304, -31.615652638515432 ], [ -62.507669328120016, -31.61565815706696 ], [ -62.507656619672559, -31.615668934727516 ], [ -62.507647031342486, -31.615687844402078 ], [ -62.507646955352364, -31.615702279642061 ], [ -62.507684810009096, -31.615721372202433 ], [ -62.507735358885554, -31.61573239369223 ], [ -62.507823876420858, -31.615740854821315 ], [ -62.507891350914932, -31.615741114823148 ], [ -62.507935652411888, -31.615737225518604 ], [ -62.507979953905348, -31.615733336198634 ], [ -62.508030616721207, -31.615722704710919 ], [ -62.508068670769532, -31.615703904651209 ], [ -62.508068746694562, -31.615689469410299 ], [ -62.508097312127816, -31.615670632794394 ], [ -62.508135323439689, -31.615659952537435 ], [ -62.508201786286669, -31.615652088491249 ], [ -62.508252392111991, -31.615652283345753 ], [ -62.508318769572426, -31.615660658885236 ], [ -62.508356667035144, -31.615671631424465 ], [ -62.508385033230972, -31.615690687252759 ], [ -62.50838495735475, -31.615705122494337 ], [ -62.508403834966693, -31.61572414179459 ], [ -62.508429080997416, -31.615735065615727 ], [ -62.508473318462578, -31.615743355859554 ], [ -62.508507055713707, -31.6157434856934 ], [ -62.508551378522135, -31.615735536263248 ], [ -62.508576738343692, -31.615724807192532 ], [ -62.508577483766899, -31.615724069721576 ], [ -62.508595815088874, -31.61570593395464 ], [ -62.508595890932561, -31.615691498712593 ], [ -62.508605479072166, -31.615672588964859 ], [ -62.508618187412097, -31.615661811208785 ], [ -62.508640370122443, -31.61565377656418 ], [ -62.508657238732241, -31.615653841459988 ] ] ] ] } },
{ "type": "Feature", "properties": { "zona": "6", "zona_id": "6" }, "geometry": { "type": "MultiPolygon", "coordinates": [ [ [ [ -62.514469419147204, -31.620471408569784 ], [ -62.514587817342694, -31.620450937186622 ], [ -62.514898612366103, -31.620397199280781 ], [ -62.514715579846644, -31.619664792610134 ], [ -62.514645853906913, -31.619385780461673 ], [ -62.514496818962584, -31.618789403417811 ], [ -62.514462825242752, -31.618653373352938 ], [ -62.514427710404753, -31.618653239848182 ], [ -62.514414333323657, -31.618653188986684 ], [ -62.514396733741457, -31.618661242055762 ], [ -62.514386644710861, -31.618672030343198 ], [ -62.514379021716472, -31.618690947994018 ], [ -62.514378946756565, -31.618705383241725 ], [ -62.514369359458954, -31.618724293422638 ], [ -62.51435665135287, -31.618735071748322 ], [ -62.514334468385357, -31.618743107379522 ], [ -62.514317599204048, -31.618743043227933 ], [ -62.514295416231384, -31.618751078852277 ], [ -62.514282708113186, -31.618761857170458 ], [ -62.514273120790257, -31.618780767343718 ], [ -62.514273045813745, -31.618795202590995 ], [ -62.514263458485374, -31.618814112763378 ], [ -62.514250750354876, -31.618824891078141 ], [ -62.514228567357108, -31.618832926690512 ], [ -62.514211698159855, -31.618832862524769 ], [ -62.514189515156929, -31.618840898130308 ], [ -62.51417680701433, -31.618851676437544 ], [ -62.514167219660635, -31.618870586602284 ], [ -62.51416714466751, -31.618885021849131 ], [ -62.514148068377814, -31.618903895914698 ], [ -62.514122708313003, -31.618914626084116 ], [ -62.514078384440943, -31.618922577433423 ], [ -62.514044646014916, -31.618922449059728 ], [ -62.51400027993467, -31.618938520207895 ], [ -62.513974863576593, -31.618960076782365 ], [ -62.513955688761207, -31.618997897079012 ], [ -62.513955538708849, -31.61902676757121 ], [ -62.513964830711409, -31.619064696204806 ], [ -62.513977370105749, -31.619086397223079 ], [ -62.513999426589294, -31.619102721133139 ], [ -62.514016295834679, -31.619102785327406 ], [ -62.514038099157318, -31.619167828185969 ], [ -62.514050301027581, -31.619254487803261 ], [ -62.514059002377117, -31.61940609398799 ], [ -62.514058402284412, -31.619521575950369 ], [ -62.514048125649026, -31.61967310991631 ], [ -62.514035023542078, -31.619759673241255 ], [ -62.514012544913498, -31.619824547587566 ], [ -62.51399567553792, -31.619824483391504 ], [ -62.513973450078502, -31.619840638780602 ], [ -62.513960685502944, -31.619862243496186 ], [ -62.513950999523189, -31.619900099898118 ], [ -62.513950849464109, -31.619928970386201 ], [ -62.513960141549369, -31.619966899015679 ], [ -62.513972681060693, -31.619988600032563 ], [ -62.513994737754039, -31.620004923943281 ], [ -62.514011607162161, -31.620004988139787 ], [ -62.514033537274813, -31.620045671518003 ], [ -62.514045908029033, -31.620099851826417 ], [ -62.51405490480051, -31.620194619220584 ], [ -62.51405452972827, -31.620266795438354 ], [ -62.514063526522229, -31.620361562829704 ], [ -62.514075897333122, -31.620415743133126 ], [ -62.514097827567767, -31.620456426498951 ], [ -62.5141146970576, -31.620456490682663 ], [ -62.514136806237481, -31.620462738684822 ], [ -62.514149415656064, -31.620471005171527 ], [ -62.514158830022573, -31.620485423388317 ], [ -62.514158773090664, -31.620496381191693 ], [ -62.514158623644263, -31.6205251454255 ], [ -62.514188437160449, -31.620519990674094 ], [ -62.514469419147204, -31.620471408569784 ] ] ], [ [ [ -62.50931918268752, -31.611613129493044 ], [ -62.508822036164268, -31.61169715034854 ], [ -62.506123573050289, -31.612153170911515 ], [ -62.50643118621668, -31.613528884581644 ], [ -62.506548374493271, -31.614052965731528 ], [ -62.506855999779454, -31.61542867809834 ], [ -62.506944291330257, -31.615454662058742 ], [ -62.506977926219847, -31.615464560694377 ], [ -62.50706621783943, -31.615490544571013 ], [ -62.507237040715268, -31.615480690727818 ], [ -62.507302116087907, -31.615476936822578 ], [ -62.507472938918411, -31.615467082663315 ], [ -62.507531357201877, -31.615867932645397 ], [ -62.507553611911554, -31.616020637388196 ], [ -62.507612030853942, -31.616421487305804 ], [ -62.507539791681836, -31.616415608066582 ], [ -62.507526031840612, -31.616414488206878 ], [ -62.507512271999751, -31.616413368345686 ], [ -62.507440032840968, -31.61640748905015 ], [ -62.507318670511175, -31.616373863983643 ], [ -62.507272437266025, -31.616361054404354 ], [ -62.507151075058736, -31.616327429179563 ], [ -62.507153797387275, -31.616399350438538 ], [ -62.507154315926428, -31.61641304972586 ], [ -62.507154834465716, -31.616426749013154 ], [ -62.507157556798965, -31.616498670270978 ], [ -62.507227003875968, -31.61678247007551 ], [ -62.507236549690155, -31.616821479505035 ], [ -62.507253460013146, -31.616890584274636 ], [ -62.50728290742564, -31.617010922161636 ], [ -62.507322907656317, -31.617174384015595 ], [ -62.507323089368604, -31.617139890251334 ], [ -62.507323158592243, -31.617126749769643 ], [ -62.507332738187039, -31.617109539490933 ], [ -62.50734544175414, -31.617099732933177 ], [ -62.507367621077229, -31.61709242681539 ], [ -62.50738448994327, -31.617092491881937 ], [ -62.507406673097684, -31.61708445745796 ], [ -62.50741938176823, -31.61707367982693 ], [ -62.507428970290071, -31.617054770175478 ], [ -62.507429046317853, -31.617040334939023 ], [ -62.507438634834251, -31.617021425286694 ], [ -62.507451343492491, -31.617010647652243 ], [ -62.507473526621801, -31.6170026132163 ], [ -62.507490395471926, -31.617002678268687 ], [ -62.507512578596078, -31.616994643825894 ], [ -62.507525287242217, -31.616983866183933 ], [ -62.507534875733299, -31.616964956523951 ], [ -62.507534951744461, -31.616950521287066 ], [ -62.5075445402301, -31.6169316116262 ], [ -62.507557248863925, -31.616920833980803 ], [ -62.507579431962988, -31.616912799526055 ], [ -62.507596300797182, -31.616912864564277 ], [ -62.507618483891079, -31.616904830102669 ], [ -62.507631192512804, -31.616894052449776 ], [ -62.507640780973141, -31.616875142781261 ], [ -62.507640856967683, -31.616860707543935 ], [ -62.507659934134672, -31.616841834453478 ], [ -62.507685294357778, -31.616831105565726 ], [ -62.507729617748822, -31.616823156428108 ], [ -62.507763355385691, -31.616823286462356 ], [ -62.507807593302005, -31.616831576940019 ], [ -62.507832839558596, -31.616842500879475 ], [ -62.507851717283465, -31.616861520259178 ], [ -62.507851641321466, -31.616875955496941 ], [ -62.507880007774695, -31.616895011436505 ], [ -62.507917905682284, -31.616905984108381 ], [ -62.507984283998582, -31.61691435982884 ], [ -62.508034890505243, -31.616914554776461 ], [ -62.50810122613187, -31.616931050257751 ], [ -62.508139067142466, -31.616952849293011 ], [ -62.508167334041644, -31.616990851419494 ], [ -62.50816718221423, -31.617019721895794 ], [ -62.508148005470971, -31.617057541312057 ], [ -62.508122588297297, -31.617079096719632 ], [ -62.508078222106825, -31.617095165813669 ], [ -62.508044484370295, -31.61709503586162 ], [ -62.508000160875305, -31.617102985107135 ], [ -62.507974800613276, -31.617113714056561 ], [ -62.507955723452959, -31.617132587193343 ], [ -62.507955647506201, -31.617147022430711 ], [ -62.507965036571441, -31.61716600523636 ], [ -62.507977631274464, -31.617176880405395 ], [ -62.507999728966908, -31.617185085520276 ], [ -62.508016597851267, -31.617185150503499 ], [ -62.50803869554916, -31.617193355611676 ], [ -62.50805129026449, -31.617204230773545 ], [ -62.508060679354834, -31.617223213572228 ], [ -62.508060603423999, -31.617237648809628 ], [ -62.508069992519509, -31.617256631607585 ], [ -62.508082587246932, -31.617267506766371 ], [ -62.508104684970135, -31.617275711863275 ], [ -62.508121553871106, -31.617275776832802 ], [ -62.508143608895786, -31.617292101744084 ], [ -62.50815614669937, -31.617313803323793 ], [ -62.508165436183383, -31.617351732363822 ], [ -62.508165284353254, -31.617380602838487 ], [ -62.508174573847235, -31.617418531877583 ], [ -62.508187111674594, -31.61744023345404 ], [ -62.508209166749253, -31.617456558354107 ], [ -62.508226035683116, -31.617456623310169 ], [ -62.508248048073256, -31.617481068024528 ], [ -62.508260529000346, -31.617513596021737 ], [ -62.508269718927394, -31.617570471302354 ], [ -62.508269491228454, -31.617613777013492 ], [ -62.508259703575774, -31.617670579224392 ], [ -62.508246881063677, -31.617703009793349 ], [ -62.508224612436621, -31.617727284002974 ], [ -62.50820774345393, -31.617727219046227 ], [ -62.508185560213185, -31.617735253607684 ], [ -62.508172851538902, -31.617746031313825 ], [ -62.508163263093849, -31.617764941019907 ], [ -62.508163187177253, -31.617779376256305 ], [ -62.508201042776342, -31.61779846866715 ], [ -62.508251592835762, -31.617809489961129 ], [ -62.508340112386129, -31.617817950750194 ], [ -62.508407588383967, -31.61781821049453 ], [ -62.508496107958202, -31.617826671175695 ], [ -62.508546658069214, -31.617837692353341 ], [ -62.508584513771616, -31.617856784651384 ], [ -62.508584437919765, -31.617871219888489 ], [ -62.508574849544324, -31.617890129625824 ], [ -62.508562140893083, -31.617900907370682 ], [ -62.508539957640501, -31.617908941993367 ], [ -62.508523088624251, -31.617908877077941 ], [ -62.508500862692493, -31.617925031514488 ], [ -62.50848809712781, -31.617946635679342 ], [ -62.508478409147578, -31.617984491657023 ], [ -62.50847825741031, -31.618013362130181 ], [ -62.508506524762907, -31.618051364179959 ], [ -62.508544366319342, -31.618073163096906 ], [ -62.508610702858505, -31.618089658319885 ], [ -62.508661310005891, -31.618089853025751 ], [ -62.50872777454218, -31.618081988725979 ], [ -62.508765786768613, -31.618071308294681 ], [ -62.508794352797842, -31.618052471535858 ], [ -62.50879442861784, -31.618038036298707 ], [ -62.508813505797903, -31.618019163039467 ], [ -62.508838866213004, -31.618008433926519 ], [ -62.508883190070968, -31.618000484394695 ], [ -62.50891692813839, -31.618000614128523 ], [ -62.508961124083797, -31.618017024032952 ], [ -62.508986313953649, -31.618038774175197 ], [ -62.509005092682457, -31.618076739634994 ], [ -62.509004941107236, -31.618105610110003 ], [ -62.50895729793406, -31.618143320199426 ], [ -62.508893925253524, -31.618164729815881 ], [ -62.508783136726898, -31.618180543712938 ], [ -62.508698791398182, -31.618180219271647 ], [ -62.508588045489432, -31.61818791317841 ], [ -62.508524729593105, -31.618198496183169 ], [ -62.508477185759659, -31.618217259843103 ], [ -62.508477109890173, -31.618231695079167 ], [ -62.508467521455174, -31.618250604806761 ], [ -62.508454812742123, -31.618261382539718 ], [ -62.508432629394648, -31.618269417142347 ], [ -62.508415760313653, -31.618269352212085 ], [ -62.508393576961012, -31.618277386807851 ], [ -62.508380868235868, -31.618288164533279 ], [ -62.50837127977556, -31.618307074253252 ], [ -62.50837120388946, -31.618321509488862 ], [ -62.508361615423695, -31.618340419207954 ], [ -62.508348906686244, -31.618351196929957 ], [ -62.5083267233085, -31.618359231513764 ], [ -62.508309854211582, -31.618359166569348 ], [ -62.508287670828686, -31.618367201146309 ], [ -62.508274962079142, -31.618377978860803 ], [ -62.50826537358806, -31.618396888572228 ], [ -62.508265297685341, -31.618411323807411 ], [ -62.508255709188809, -31.618430233517966 ], [ -62.508243000426951, -31.618441011229049 ], [ -62.508220817018952, -31.618449045794026 ], [ -62.508203947906104, -31.618448980835456 ], [ -62.508181764492946, -31.618457015393595 ], [ -62.508169055718994, -31.61846779309715 ], [ -62.508159467197139, -31.618486702800062 ], [ -62.508159391277822, -31.618501138034809 ], [ -62.508149802750516, -31.618520047736823 ], [ -62.508137093964251, -31.618530825436959 ], [ -62.508114910526004, -31.618538859983126 ], [ -62.508098041397211, -31.618538795010412 ], [ -62.508075857953813, -31.618546829549722 ], [ -62.50806314915544, -31.618557607242344 ], [ -62.508053560602832, -31.618576516936713 ], [ -62.508053484666881, -31.618590952171036 ], [ -62.508043896108816, -31.61860986186452 ], [ -62.508031187298137, -31.618620639553708 ], [ -62.508009003829635, -31.618628674081059 ], [ -62.507992134684919, -31.618628609094177 ], [ -62.507969951211251, -31.618636643614686 ], [ -62.507957242388471, -31.618647421296362 ], [ -62.507947653805104, -31.618666330982201 ], [ -62.507947577852541, -31.618680766216084 ], [ -62.507937989263716, -31.618699675901048 ], [ -62.507925280428623, -31.618710453579286 ], [ -62.507903096929866, -31.618718488087818 ], [ -62.50788622776922, -31.618718423086804 ], [ -62.507864001534635, -31.618734577407366 ], [ -62.507851235710582, -31.618756181503205 ], [ -62.507841547384785, -31.618794037424291 ], [ -62.507841395446114, -31.618822907891023 ], [ -62.507879151695363, -31.618860946641551 ], [ -62.507929645320701, -31.618882794491626 ], [ -62.508018123135876, -31.618899375331388 ], [ -62.508085599910714, -31.618899635253769 ], [ -62.508174120474997, -31.618908096166837 ], [ -62.508224671129078, -31.618919117475656 ], [ -62.508262527199101, -31.618938209869707 ], [ -62.50826245129435, -31.618952645103665 ], [ -62.508252862740207, -31.618971554811832 ], [ -62.5082401539036, -31.61898233252095 ], [ -62.50821797036631, -31.618990367083452 ], [ -62.508201101155805, -31.61899030212351 ], [ -62.508178874909575, -31.619006456498091 ], [ -62.508166109119848, -31.619028060624863 ], [ -62.508156420891481, -31.619065916569244 ], [ -62.508156269048406, -31.619094787036108 ], [ -62.508194025535246, -31.619132825694358 ], [ -62.508244519381812, -31.619154673421253 ], [ -62.508332997512426, -31.619171254045366 ], [ -62.508400474486635, -31.619171513803369 ], [ -62.508488995339469, -31.619179974500735 ], [ -62.508539546178923, -31.619190995686321 ], [ -62.508577402423818, -31.619210087988009 ], [ -62.508577326566865, -31.619224523222037 ], [ -62.508567738047418, -31.619243432953414 ], [ -62.508555029209276, -31.619254210693402 ], [ -62.508532845633454, -31.61926224530988 ], [ -62.508515976373126, -31.619262180391036 ], [ -62.508493707438333, -31.61928645463858 ], [ -62.508480884777683, -31.619318885221436 ], [ -62.508471097060287, -31.619375687432889 ], [ -62.508470869438554, -31.619418993133078 ], [ -62.508480059664826, -31.619475868384843 ], [ -62.508492540929502, -31.619508396352792 ], [ -62.508514553865453, -31.61953284101903 ], [ -62.508531423174603, -31.619532905938545 ], [ -62.50855347879866, -31.619549230779448 ], [ -62.508566016993242, -31.619570932315323 ], [ -62.50857530685537, -31.619608861316159 ], [ -62.508575155138395, -31.61963773178239 ], [ -62.508584445010491, -31.619675660782274 ], [ -62.508596983228848, -31.619697362314906 ], [ -62.508619038902893, -31.619713687144575 ], [ -62.508635908244933, -31.619713752050636 ], [ -62.508657878602875, -31.619746316510813 ], [ -62.508670303081225, -31.619789670885734 ], [ -62.508679393918236, -31.619865492364539 ], [ -62.508679090545286, -31.619923233295424 ], [ -62.508688181400906, -31.619999054772226 ], [ -62.508700605925291, -31.620042409142954 ], [ -62.508722576381544, -31.620074973591347 ], [ -62.508739445789018, -31.620075038484391 ], [ -62.508761544231433, -31.620083243471392 ], [ -62.50877413941636, -31.620094118561902 ], [ -62.508783528936156, -31.620113101303325 ], [ -62.50878345310835, -31.620127536535758 ], [ -62.508792842633305, -31.620146519276464 ], [ -62.508805437830333, -31.620157394363893 ], [ -62.508827536298064, -31.620165599339618 ], [ -62.508844405722151, -31.620165664218963 ], [ -62.508866504195346, -31.620173869187997 ], [ -62.508879099404687, -31.620184744268251 ], [ -62.508888488954732, -31.620203727002004 ], [ -62.508888413142856, -31.620218162234448 ], [ -62.508897802698066, -31.620237144967476 ], [ -62.508910397919507, -31.620248020044656 ], [ -62.508932496418019, -31.620256225002418 ], [ -62.508949365858719, -31.620256289868049 ], [ -62.508971464362673, -31.620264494819132 ], [ -62.508984059596429, -31.620275369889125 ], [ -62.508993449176742, -31.6202943526152 ], [ -62.50899337338079, -31.620308787847677 ], [ -62.508983784830818, -31.620327697606804 ], [ -62.50897107589094, -31.620338475385363 ], [ -62.508948892091347, -31.620346510070483 ], [ -62.508932022634362, -31.620346445204603 ], [ -62.508909838829609, -31.620354479882899 ], [ -62.508897129877624, -31.620365257653933 ], [ -62.508887541302336, -31.620384167405408 ], [ -62.508887465489778, -31.620398602637437 ], [ -62.508925322292605, -31.62041769483811 ], [ -62.508975873852954, -31.620428715856189 ], [ -62.509064395951938, -31.620437176165712 ], [ -62.509131873847011, -31.620437435546553 ], [ -62.509220395969848, -31.620445895748162 ], [ -62.509270947581811, -31.620456916649907 ], [ -62.509308804487951, -31.620476008737757 ], [ -62.509308728740159, -31.6204904439705 ], [ -62.509289651147903, -31.620509317292303 ], [ -62.509264290101036, -31.62052004648417 ], [ -62.50921996507639, -31.620527996133315 ], [ -62.509186226095622, -31.620527866470301 ], [ -62.509141858438277, -31.62054393591038 ], [ -62.509116440532139, -31.620565491496688 ], [ -62.509097263423691, -31.620603311031065 ], [ -62.509097111861976, -31.620632181495051 ], [ -62.509115891142137, -31.620670146928944 ], [ -62.509141081754521, -31.620691897039261 ], [ -62.509185279005749, -31.620708306872594 ], [ -62.509219018051603, -31.620708436536511 ], [ -62.509263087487099, -31.620749205797175 ], [ -62.509288107713445, -31.620803435150833 ], [ -62.509306588842279, -31.620898239282269 ], [ -62.509306210094763, -31.620970415440922 ], [ -62.509315202129599, -31.621065183108197 ], [ -62.509327570270266, -31.621119363838652 ], [ -62.509349498588463, -31.621160047996121 ], [ -62.509366368193263, -31.621160112808326 ], [ -62.509388466947314, -31.621168317688642 ], [ -62.509401062350413, -31.621179192717694 ], [ -62.509410452104014, -31.621198175412218 ], [ -62.509410376369765, -31.621212610643543 ], [ -62.509419766128538, -31.621231593337342 ], [ -62.509432361543737, -31.621242468363327 ], [ -62.509454460323099, -31.621250673232353 ], [ -62.509471329944517, -31.621250738030863 ], [ -62.509493440235403, -31.621256749427086 ], [ -62.509506051003669, -31.621264699824422 ], [ -62.509515467633335, -31.621278564423708 ], [ -62.509515412369403, -31.621289100159789 ], [ -62.509515267301445, -31.621316756466967 ], [ -62.509795147311586, -31.621273051548922 ], [ -62.509901768201175, -31.621256401894207 ], [ -62.51018164786138, -31.621212696125006 ], [ -62.511408749236331, -31.621000565737408 ], [ -62.511876215003483, -31.620919751042926 ], [ -62.513103308905713, -31.620707604284672 ], [ -62.513104458377384, -31.620486843342302 ], [ -62.513104896268032, -31.62040274393366 ], [ -62.513067514716994, -31.620292218742378 ], [ -62.513017234819145, -31.620228951212997 ], [ -62.512928916628233, -31.620181307546854 ], [ -62.512861438879682, -31.620181050174097 ], [ -62.512772916642867, -31.620172592495244 ], [ -62.512722364752221, -31.62016157297662 ], [ -62.512684507261518, -31.620142481894 ], [ -62.512684582487196, -31.620128046653161 ], [ -62.512694170271601, -31.620109136607791 ], [ -62.512706878755942, -31.620098358453646 ], [ -62.512729062182508, -31.620090323111551 ], [ -62.512745931602872, -31.620090387475393 ], [ -62.512768115024272, -31.620082352126435 ], [ -62.512780823496513, -31.620071573964793 ], [ -62.512790411255615, -31.620052663911757 ], [ -62.512790486464674, -31.620038228670509 ], [ -62.512781096134681, -31.620019246215303 ], [ -62.512768500488235, -31.62000837151523 ], [ -62.512746401702238, -31.620000167218127 ], [ -62.512729532298145, -31.620000102854501 ], [ -62.512707433517605, -31.619991898550687 ], [ -62.51269483788348, -31.61998102384344 ], [ -62.512685447578583, -31.619962041381289 ], [ -62.512685522803572, -31.619947606140052 ], [ -62.512676132503842, -31.619928623677175 ], [ -62.512663536881817, -31.619917748966845 ], [ -62.512641438126572, -31.619909544651758 ], [ -62.512624568739099, -31.619909480274433 ], [ -62.512602469989318, -31.61990127595266 ], [ -62.512589874379593, -31.619890401235157 ], [ -62.512580484104966, -31.619871418765332 ], [ -62.512580559345913, -31.619856983524098 ], [ -62.51259014712268, -31.619838073485667 ], [ -62.512602855581612, -31.619827295341175 ], [ -62.512625038952244, -31.619819260016236 ], [ -62.512641908323445, -31.619819324393344 ], [ -62.512664176320236, -31.619795049414822 ], [ -62.512676997603492, -31.619762618400316 ], [ -62.512686782814306, -31.619705815844426 ], [ -62.51268700848626, -31.619662510118882 ], [ -62.512677815680284, -31.619605635145387 ], [ -62.512665332941594, -31.619573107572055 ], [ -62.512643318901368, -31.61954866361036 ], [ -62.512626449578981, -31.619548599233944 ], [ -62.512604350913875, -31.619540394912878 ], [ -62.512591755351963, -31.619529520195442 ], [ -62.512582365112166, -31.619510537725045 ], [ -62.512582440351764, -31.619496102483016 ], [ -62.512592028090147, -31.619477192442982 ], [ -62.512604736499235, -31.619466414297193 ], [ -62.512626919783671, -31.619458378970609 ], [ -62.512643789089772, -31.619458443346815 ], [ -62.512666014683973, -31.619442288189564 ], [ -62.512678779498202, -31.61942068360441 ], [ -62.512688465939313, -31.61938282730085 ], [ -62.512688616384928, -31.619353956815701 ], [ -62.512669835903878, -31.619315991887358 ], [ -62.512644644827297, -31.619294242463841 ], [ -62.512600447617331, -31.619277833824764 ], [ -62.512566709070541, -31.619277705059346 ], [ -62.512522511882402, -31.619261296393475 ], [ -62.512497320855047, -31.619239546941216 ], [ -62.512478540474383, -31.619201581985084 ], [ -62.512478690983741, -31.619172711500021 ], [ -62.512488377478569, -31.619134855210731 ], [ -62.512501142290645, -31.619113250642293 ], [ -62.512523367826269, -31.619097095508415 ], [ -62.512540237066943, -31.619097159897631 ], [ -62.512562504915344, -31.619072884932624 ], [ -62.512575326131234, -31.619040453924011 ], [ -62.512585111322068, -31.61898365136939 ], [ -62.51258533703475, -31.61894034563959 ], [ -62.512595122208197, -31.618883543083125 ], [ -62.512607943385959, -31.618851112069894 ], [ -62.512630211157465, -31.618826837091401 ], [ -62.512647080349652, -31.618826901466008 ], [ -62.512669263478088, -31.61881886612969 ], [ -62.51268197178787, -31.618808087974131 ], [ -62.512691559433776, -31.618789177923691 ], [ -62.512691634654388, -31.618774742679776 ], [ -62.512701222294844, -31.618755832628466 ], [ -62.512713930592305, -31.618745054469461 ], [ -62.512736113695652, -31.618737019121188 ], [ -62.512752982871902, -31.618737083481644 ], [ -62.51277520827432, -31.618720928301652 ], [ -62.512787972962698, -31.618699323701907 ], [ -62.512797659280977, -31.618661467384594 ], [ -62.512797809688649, -31.618632596895711 ], [ -62.51278851820112, -31.618594668179863 ], [ -62.512775979148643, -31.618572967046628 ], [ -62.512753923005249, -31.618556642927356 ], [ -62.512737053861535, -31.618556578567343 ], [ -62.512714955419696, -31.618548374266418 ], [ -62.512702359976785, -31.618537499559416 ], [ -62.512692969811262, -31.618518517094991 ], [ -62.512693045030872, -31.618504081850475 ], [ -62.512712121528565, -31.618485208003225 ], [ -62.512737481634232, -31.618474478113633 ], [ -62.512781805400955, -31.618466527228165 ], [ -62.512815543656174, -31.618466655933823 ], [ -62.512859867412921, -31.618458705021162 ], [ -62.512885227494813, -31.618447975101951 ], [ -62.51290430394252, -31.61842910122532 ], [ -62.512904379129232, -31.618414665980136 ], [ -62.51288550005728, -31.618395647338328 ], [ -62.512860252779866, -31.618384724390101 ], [ -62.512816013658579, -31.61837643565265 ], [ -62.512782275435924, -31.618376306947454 ], [ -62.512738078632758, -31.618359898357795 ], [ -62.512712887794592, -31.618338148946947 ], [ -62.512694107501943, -31.618300184018118 ], [ -62.512694257939458, -31.618271313528044 ], [ -62.512703944248841, -31.61823345721524 ], [ -62.512716708885492, -31.618211852620465 ], [ -62.512738934168013, -31.618195697444257 ], [ -62.512755803246634, -31.618195761803353 ], [ -62.512778155427839, -31.618155247143438 ], [ -62.512791089243983, -31.618101163238048 ], [ -62.512801071601778, -31.618006468135864 ], [ -62.51280144760829, -31.617934291905982 ], [ -62.512820918756155, -31.617839632996755 ], [ -62.512846504255116, -31.617785597343264 ], [ -62.5128909968562, -31.617745167110765 ], [ -62.512924734851715, -31.617745295784953 ], [ -62.512969058256964, -31.617737344829933 ], [ -62.512994418129864, -31.617726614885722 ], [ -62.5130134944066, -31.617707740988955 ], [ -62.513013569574341, -31.617693305741906 ], [ -62.513051623448874, -31.617674504201208 ], [ -62.513102286770689, -31.617663870709624 ], [ -62.513190891201596, -31.617656088486338 ], [ -62.51325836713162, -31.61765634566672 ], [ -62.513346971543903, -31.617648563334939 ], [ -62.513397634819661, -31.617637929725682 ], [ -62.513435688595848, -31.617619128069357 ], [ -62.513435763698176, -31.61760469282121 ], [ -62.513378929495353, -31.617585529643929 ], [ -62.513303075472294, -31.617574413949768 ], [ -62.513170274619441, -31.617565787812765 ], [ -62.513069060824066, -31.617565401960011 ], [ -62.512936260008942, -31.617556775579999 ], [ -62.5128604060654, -31.617545659623655 ], [ -62.512803572019727, -31.617526496191701 ], [ -62.512803647219336, -31.617512060944691 ], [ -62.512794257133251, -31.617493078485509 ], [ -62.512781661821457, -31.617482203785872 ], [ -62.512759563628151, -31.617473999493832 ], [ -62.512742694679716, -31.617473935136523 ], [ -62.512720638798768, -31.617457611011378 ], [ -62.512708099910952, -31.617435909869332 ], [ -62.512698808572082, -31.617397981141437 ], [ -62.512698959002854, -31.617369110647257 ], [ -62.512727622749807, -31.61733132673438 ], [ -62.512765690633245, -31.617309818668026 ], [ -62.51283219659561, -31.61729383239539 ], [ -62.512882803344326, -31.617294025424176 ], [ -62.512949266989501, -31.6172861589171 ], [ -62.512987278426465, -31.617275477219799 ], [ -62.513015843373147, -31.617256639503299 ], [ -62.51301591853921, -31.617242204255223 ], [ -62.513034994711496, -31.617223330352775 ], [ -62.51306035443681, -31.617212600393103 ], [ -62.51310467757807, -31.617204649387702 ], [ -62.513138415379686, -31.617204778003483 ], [ -62.51318273851097, -31.617196826970861 ], [ -62.513208098212516, -31.617186096981605 ], [ -62.513227174334808, -31.617167223049762 ], [ -62.513227249467981, -31.617152787801039 ], [ -62.513217859330545, -31.617133805371424 ], [ -62.513205264016719, -31.617122930712934 ], [ -62.513183165869712, -31.617114726494222 ], [ -62.513166296985013, -31.617114662193519 ], [ -62.513144283382495, -31.617090218313326 ], [ -62.513131800804594, -31.617057690774573 ], [ -62.51312260796184, -31.617000815809806 ], [ -62.513122833408168, -31.61695751006307 ], [ -62.513113640579896, -31.616900635096918 ], [ -62.513101158037081, -31.616868107554566 ], [ -62.513079144508886, -31.616843663662966 ], [ -62.513062275673342, -31.616843599349014 ], [ -62.51304038899525, -31.616794795967866 ], [ -62.513028075607743, -31.61672978910746 ], [ -62.513019178815107, -31.616616075338577 ], [ -62.513019629796297, -31.616529463840912 ], [ -62.512982267000204, -31.616415641523176 ], [ -62.512931999020232, -31.616350489914232 ], [ -62.512843691869165, -31.616301433175789 ], [ -62.512776216920841, -31.616301175786155 ], [ -62.512687782975902, -31.616276478424581 ], [ -62.512637346027837, -31.616243806012704 ], [ -62.512599687601266, -31.616186822379373 ], [ -62.51259991328255, -31.616143516630487 ], [ -62.512609698131058, -31.616086714045053 ], [ -62.512622518906952, -31.61605428301225 ], [ -62.512644785998752, -31.616030008013841 ], [ -62.512661654686511, -31.616030072381456 ], [ -62.512683837146994, -31.616022037032355 ], [ -62.512696545070618, -31.616011258866777 ], [ -62.512706132419041, -31.615992348804056 ], [ -62.512706207629201, -31.615977913553781 ], [ -62.512715794972181, -31.615959003490175 ], [ -62.512728502883483, -31.615948225321162 ], [ -62.512750685318878, -31.615940189960117 ], [ -62.512767553990713, -31.615940254313585 ], [ -62.512789651824178, -31.61594845860256 ], [ -62.512802246932822, -31.61595933330192 ], [ -62.51281163687085, -31.615978315763538 ], [ -62.512811561676976, -31.615992751014019 ], [ -62.512820951620164, -31.616011733474899 ], [ -62.5128335467409, -31.616022608171182 ], [ -62.512855644599682, -31.616030812448891 ], [ -62.512872513288116, -31.616030876788656 ], [ -62.512894738020584, -31.616014721574317 ], [ -62.512907502303513, -31.615993116949472 ], [ -62.512917188278109, -31.615955260603769 ], [ -62.512917338632981, -31.615926390102128 ], [ -62.512927024596323, -31.615888533755182 ], [ -62.512939788854226, -31.615866929126419 ], [ -62.512962013535883, -31.615850773899449 ], [ -62.512978882192115, -31.615850838224844 ], [ -62.513001064583392, -31.615842802819724 ], [ -62.513013772446236, -31.615832024621671 ], [ -62.51302335971198, -31.615813114533761 ], [ -62.51302343487265, -31.615798679282399 ], [ -62.51301404490895, -31.615779696835588 ], [ -62.513001449799297, -31.615768822156792 ], [ -62.512979351988974, -31.615760617904488 ], [ -62.512962483349007, -31.61576055357931 ], [ -62.512940470114088, -31.615736109662564 ], [ -62.512927987781573, -31.61570358209957 ], [ -62.512918795184703, -31.615646707110702 ], [ -62.512919020713483, -31.61560340135609 ], [ -62.512928805307467, -31.615546598738892 ], [ -62.512941625896524, -31.615514167669438 ], [ -62.512963892775737, -31.615489892611201 ], [ -62.512980761366883, -31.615489956935686 ], [ -62.51300302823018, -31.615465681870372 ], [ -62.513015848782125, -31.615433250792709 ], [ -62.513025633298177, -31.615376448165794 ], [ -62.513025858775102, -31.615333142408662 ], [ -62.513035643273781, -31.615276339779939 ], [ -62.513048463787605, -31.615243908697664 ], [ -62.513070730574015, -31.615219633618818 ], [ -62.513087599116695, -31.615219697928712 ], [ -62.513109781348454, -31.615211662502315 ], [ -62.513122489112156, -31.615200884291376 ], [ -62.513132076289587, -31.615181974192566 ], [ -62.513132151431613, -31.615167538939545 ], [ -62.513141738603579, -31.615148628839858 ], [ -62.513154446354996, -31.615137850625501 ], [ -62.513176628561652, -31.615129815187149 ], [ -62.513193497088395, -31.615129879482883 ], [ -62.5132156792899, -31.61512184403767 ], [ -62.513228387029201, -31.615111065815789 ], [ -62.513237974175865, -31.615092155708471 ], [ -62.513238049301293, -31.615077720455016 ], [ -62.5132476364425, -31.61505881034681 ], [ -62.513260344169495, -31.615048032121507 ], [ -62.513282526345904, -31.615039996664333 ], [ -62.513299394856723, -31.615040060945933 ], [ -62.513321577027966, -31.615032025481909 ], [ -62.513334284742868, -31.6150212472491 ], [ -62.513343871858766, -31.615002337133252 ], [ -62.513343946967595, -31.61498790187937 ], [ -62.513353534078036, -31.614968991762634 ], [ -62.513366241780631, -31.614958213526386 ], [ -62.513388423926784, -31.614950178050414 ], [ -62.513405292421666, -31.61495024231786 ], [ -62.513427474562654, -31.614942206835018 ], [ -62.513440182253156, -31.614931428591287 ], [ -62.513449769338308, -31.614912518466902 ], [ -62.513449844430518, -31.614898083212587 ], [ -62.513455515659174, -31.614879158170165 ], [ -62.513463002203686, -31.614868360034176 ], [ -62.513476047336411, -31.614860289735947 ], [ -62.513485954303711, -31.614860327474023 ], [ -62.513511960092984, -31.614860426532776 ], [ -62.513461910892858, -31.614663403558989 ], [ -62.513107273735557, -31.613267320099627 ], [ -62.51295311103641, -31.61266042200592 ], [ -62.51254844322245, -31.611067313447176 ], [ -62.509850015392409, -31.611523413153986 ], [ -62.50931918268752, -31.611613129493044 ] ], [ [ -62.508935336003788, -31.615498826800085 ], [ -62.508922514033266, -31.615531257453323 ], [ -62.508912727012081, -31.615588059739007 ], [ -62.508912499628494, -31.615631365467781 ], [ -62.508893223993049, -31.615688131266221 ], [ -62.50886775051432, -31.615720513264208 ], [ -62.50882334245361, -31.615744702452279 ], [ -62.508789605200448, -31.615744572701981 ], [ -62.508745367705153, -31.615736282567415 ], [ -62.508720121636287, -31.615725358808415 ], [ -62.508701243959123, -31.615706339554261 ], [ -62.508701319786539, -31.615691904311987 ], [ -62.508691930714924, -31.615672921556119 ], [ -62.50867933612794, -31.615662046456162 ], [ -62.508657238732241, -31.615653841459988 ], [ -62.508640370122443, -31.61565377656418 ], [ -62.508618187412097, -31.615661811208785 ], [ -62.508605479072166, -31.615672588964859 ], [ -62.508595890932561, -31.615691498712611 ], [ -62.508595815088874, -31.615705933954636 ], [ -62.508576738343692, -31.615724807192532 ], [ -62.508551378522135, -31.615735536263248 ], [ -62.508507055713707, -31.6157434856934 ], [ -62.508473318462578, -31.615743355859554 ], [ -62.508429080997416, -31.615735065615727 ], [ -62.508403834966693, -31.61572414179459 ], [ -62.50838495735475, -31.615705122494337 ], [ -62.508385033230972, -31.615690687252741 ], [ -62.508356667035144, -31.615671631424465 ], [ -62.508318769572426, -31.615660658885229 ], [ -62.508252392111991, -31.615652283345753 ], [ -62.508201786286669, -31.615652088491249 ], [ -62.508135323439689, -31.615659952537442 ], [ -62.508097312127816, -31.615670632794394 ], [ -62.508068746694562, -31.615689469410313 ], [ -62.508068670769532, -31.615703904651209 ], [ -62.508030616721207, -31.615722704710919 ], [ -62.507979953905348, -31.615733336198634 ], [ -62.507891350914946, -31.615741114823148 ], [ -62.507823876420858, -31.615740854821315 ], [ -62.507735358885554, -31.61573239369223 ], [ -62.507684810009096, -31.615721372202433 ], [ -62.507646955352364, -31.615702279642061 ], [ -62.507647031342486, -31.615687844402078 ], [ -62.507656619672559, -31.615668934727516 ], [ -62.507669328120016, -31.61565815706696 ], [ -62.507691510908714, -31.615650122587979 ], [ -62.507708379515449, -31.615650187609106 ], [ -62.507730562298974, -31.615642153123282 ], [ -62.507743270734345, -31.615631375455212 ], [ -62.507752859039101, -31.615612465773012 ], [ -62.507752935012604, -31.615598030532585 ], [ -62.507762523311911, -31.615579120849493 ], [ -62.507775231734968, -31.615568343178008 ], [ -62.507797414493417, -31.615560308680209 ], [ -62.507814283084222, -31.615560373687185 ], [ -62.507836465837507, -31.615552339182539 ], [ -62.507849174248456, -31.615541561503527 ], [ -62.50785876252246, -31.615522651812796 ], [ -62.507858838479358, -31.615508216571936 ], [ -62.507877915323121, -31.61548934344167 ], [ -62.50790327515292, -31.615478614504354 ], [ -62.50794759788392, -31.615470665282679 ], [ -62.507981335034017, -31.615470795254378 ], [ -62.508025657755034, -31.615462846005467 ], [ -62.508051017561073, -31.615452117038565 ], [ -62.508070094354849, -31.615433243878908 ], [ -62.508070170278863, -31.615418808637386 ], [ -62.508079758495491, -31.615399898929105 ], [ -62.508092466857789, -31.615389121225121 ], [ -62.508114649547025, -31.615381086671309 ], [ -62.50813151810631, -31.61538115163604 ], [ -62.50815370079038, -31.615373117075364 ], [ -62.508166409140578, -31.615362339363855 ], [ -62.508175997331904, -31.61534342964794 ], [ -62.508176073239298, -31.615328994405978 ], [ -62.508185661425152, -31.615310084689181 ], [ -62.508198369763051, -31.615299306974254 ], [ -62.508220552422031, -31.615291272401606 ], [ -62.508237420965401, -31.615291337352204 ], [ -62.508259475547433, -31.61530766224395 ], [ -62.508272013118443, -31.615329363816567 ], [ -62.508281302463679, -31.615367292858409 ], [ -62.508281150681071, -31.615396163342552 ], [ -62.508290440036276, -31.615434092383438 ], [ -62.508302977631054, -31.615455793952812 ], [ -62.508325032263073, -31.615472118833349 ], [ -62.508341900839326, -31.615472183770471 ], [ -62.508363998163887, -31.615480388820718 ], [ -62.508376592689594, -31.615491263951455 ], [ -62.508385981679176, -31.61551024673021 ], [ -62.508385905803635, -31.61552468197219 ], [ -62.508395294798369, -31.615543664750223 ], [ -62.508407889336169, -31.615554539877888 ], [ -62.508429986686053, -31.615562744916861 ], [ -62.508446855278905, -31.615562809840295 ], [ -62.50846903797995, -31.615554775225231 ], [ -62.508481746319234, -31.61554399748254 ], [ -62.508491334466257, -31.61552508774302 ], [ -62.508491410325526, -31.615510652500799 ], [ -62.508510487043459, -31.615491779274745 ], [ -62.508535846803106, -31.615481050211105 ], [ -62.50858016948456, -31.615473100769353 ], [ -62.508613906638743, -31.615473230573972 ], [ -62.508658229310221, -31.615465281105003 ], [ -62.508683589046093, -31.615454552011759 ], [ -62.508702665714047, -31.615435678756331 ], [ -62.508702741540446, -31.615421243513442 ], [ -62.508721818197692, -31.615402370254941 ], [ -62.508747177909285, -31.615391641148694 ], [ -62.508791500531331, -31.615383691632875 ], [ -62.508825237654328, -31.61538382138135 ], [ -62.508869560266383, -31.615375871838307 ], [ -62.508894919954216, -31.615365142702455 ], [ -62.508913996561489, -31.615346269414569 ], [ -62.508914072354997, -31.615331834171027 ], [ -62.508876217598804, -31.615312741972886 ], [ -62.508825668807738, -31.615301720934841 ], [ -62.508737151587184, -31.615293260502842 ], [ -62.50866967740761, -31.615293000951105 ], [ -62.508581160210902, -31.615284540411196 ], [ -62.508530611471443, -31.61527351925686 ], [ -62.508492756818541, -31.615254426945928 ], [ -62.508492832676794, -31.615239991703085 ], [ -62.508530886436368, -31.615221191501281 ], [ -62.508581548914407, -31.615210559790679 ], [ -62.508670151350842, -31.615202780680992 ], [ -62.508737625465336, -31.615203040231815 ], [ -62.508826227883176, -31.615195261013625 ], [ -62.508876890315179, -31.615184629185361 ], [ -62.508914943976464, -31.615165828867948 ], [ -62.508915019769297, -31.615151393623989 ], [ -62.508924607787819, -31.615132483849468 ], [ -62.508937316017168, -31.615121706059604 ], [ -62.508959498572125, -31.615113671357321 ], [ -62.508976367085324, -31.615113736209992 ], [ -62.508998464382827, -31.615121941150615 ], [ -62.509011058935485, -31.615132816219653 ], [ -62.50902044801952, -31.615151798953789 ], [ -62.509020372242958, -31.615166234197957 ], [ -62.509029761332158, -31.615185216931351 ], [ -62.509042355896916, -31.615196091997312 ], [ -62.509064453219736, -31.615204296926674 ], [ -62.509081321749555, -31.615204361765652 ], [ -62.509103376460615, -31.61522068651319 ], [ -62.509115914217219, -31.615242388005147 ], [ -62.509125203897391, -31.615280316989512 ], [ -62.509125052375786, -31.615309187477713 ], [ -62.50911536494079, -31.615347043524718 ], [ -62.509102599877373, -31.615368647764715 ], [ -62.509080374654118, -31.615384802315702 ], [ -62.509063506091756, -31.61538473747628 ], [ -62.509041323480872, -31.615392772195722 ], [ -62.509028615226107, -31.615403549995225 ], [ -62.509019027199948, -31.615422459776692 ], [ -62.509018951422362, -31.615436895020242 ], [ -62.509009363390753, -31.615455804800824 ], [ -62.508996655123688, -31.615466582596898 ], [ -62.508974472487701, -31.615474617304383 ], [ -62.508957603909423, -31.615474552450806 ], [ -62.508935336003788, -31.615498826800085 ] ], [ [ -62.509731528287574, -31.616669359402184 ], [ -62.509706281850441, -31.616658435835973 ], [ -62.509662043838325, -31.616650146014887 ], [ -62.509628306254307, -31.616650016482822 ], [ -62.509583983097734, -31.616657966282101 ], [ -62.509558623134424, -31.616668695549858 ], [ -62.509539546382449, -31.616687568928725 ], [ -62.509539470681474, -31.616702004170538 ], [ -62.509501416513793, -31.61672080466445 ], [ -62.509450753314752, -31.616731436730138 ], [ -62.509362149485717, -31.616739216365438 ], [ -62.509294674256665, -31.616738957133304 ], [ -62.509206198241465, -31.616722377190893 ], [ -62.509155705470306, -31.616700529846998 ], [ -62.509117949556547, -31.616662491464645 ], [ -62.509118101088347, -31.616633620982608 ], [ -62.509165743419935, -31.616595910815807 ], [ -62.509229114972051, -31.616574501047747 ], [ -62.509339901522267, -31.616558686739687 ], [ -62.50942424539673, -31.616559010742755 ], [ -62.509534989315981, -31.616551316088568 ], [ -62.509598303987168, -31.616540732567707 ], [ -62.50964584674449, -31.616521968474533 ], [ -62.509645922428525, -31.616507533232063 ], [ -62.509655510442869, -31.616488623406592 ], [ -62.509668218775445, -31.616477845547301 ], [ -62.50969040159265, -31.616469810722396 ], [ -62.509707270352294, -31.616469875481016 ], [ -62.509729623423908, -31.616429361352964 ], [ -62.509742558746247, -31.616375277757207 ], [ -62.509752543979097, -31.616280582897264 ], [ -62.509752922312835, -31.61620840668072 ], [ -62.509734441591348, -31.616113602549252 ], [ -62.509709422321883, -31.616059373253453 ], [ -62.509665354871267, -31.616018604137466 ], [ -62.509631617515041, -31.616018474608587 ], [ -62.50958737981184, -31.616010184763947 ], [ -62.509562133568807, -31.615999261170128 ], [ -62.509543255664184, -31.615980242038919 ], [ -62.509543331362458, -31.615965806795447 ], [ -62.509552919340379, -31.615946896975718 ], [ -62.509565627610158, -31.615936119125099 ], [ -62.509587810306783, -31.615928084316121 ], [ -62.509604678968458, -31.615928149087296 ], [ -62.509626861659932, -31.615920114271468 ], [ -62.509639569917617, -31.615909336413324 ], [ -62.509649157870236, -31.615890426585956 ], [ -62.50964923355189, -31.615875991342048 ], [ -62.509668310114122, -31.615857117942515 ], [ -62.509693669843799, -31.615846388649246 ], [ -62.509737992605984, -31.615838438806886 ], [ -62.509771729897814, -31.615838568307019 ], [ -62.509815967537293, -31.615846858087362 ], [ -62.509841213769761, -31.615857781631156 ], [ -62.509860091711232, -31.615876800719047 ], [ -62.509860016062106, -31.615891235963392 ], [ -62.509869405393317, -31.615910218635396 ], [ -62.509882000153311, -31.61592109361931 ], [ -62.509904097722234, -31.615929298404968 ], [ -62.509920966384918, -31.615929363134374 ], [ -62.509942893777101, -31.615970047213178 ], [ -62.509955261649445, -31.616024227922793 ], [ -62.509964253936737, -31.616118995619445 ], [ -62.509963875767411, -31.616191171839283 ], [ -62.509972868077128, -31.616285939533103 ], [ -62.509985236006109, -31.616340120237751 ], [ -62.510007163520235, -31.616380804304175 ], [ -62.51002403226461, -31.616380869020798 ], [ -62.510046129954404, -31.616389073782511 ], [ -62.510058724798917, -31.61639994874907 ], [ -62.510068114220289, -31.616418931405867 ], [ -62.510068038601688, -31.616433366649435 ], [ -62.510077428028225, -31.616452349305526 ], [ -62.510090022884832, -31.616463224268998 ], [ -62.510112120599921, -31.616471429019445 ], [ -62.510128989360922, -31.616471493722365 ], [ -62.510151087081468, -31.616479698466126 ], [ -62.510163681950388, -31.616490573422414 ], [ -62.510173071402015, -31.616509556071559 ], [ -62.510172995799344, -31.616523991315148 ], [ -62.510163407885365, -31.616542901180388 ], [ -62.510150699600217, -31.616553679089336 ], [ -62.510128516801466, -31.61656171399428 ], [ -62.510111648024186, -31.616561649291132 ], [ -62.510089422686406, -31.616577804013588 ], [ -62.510076657674716, -31.616599408347387 ], [ -62.510066970482995, -31.616637264461509 ], [ -62.510066819244066, -31.616666134947636 ], [ -62.510057132041084, -31.616703991060497 ], [ -62.510044367004348, -31.616725595390385 ], [ -62.51002214161575, -31.616741750100203 ], [ -62.510005272806275, -31.616741685382678 ], [ -62.509983089950552, -31.616749720261549 ], [ -62.509970381616448, -31.616760498151706 ], [ -62.5099607936368, -31.616779408000383 ], [ -62.509960718000563, -31.61679384324291 ], [ -62.509951130015466, -31.616812753090702 ], [ -62.509938421669048, -31.616823530977435 ], [ -62.509916238788236, -31.61683156584434 ], [ -62.509899369962831, -31.616831501112674 ], [ -62.50987727218228, -31.61682329632518 ], [ -62.509864677302787, -31.616812421341109 ], [ -62.509855287884498, -31.616793438670534 ], [ -62.509855363537021, -31.61677900342821 ], [ -62.509845974123905, -31.616760020756921 ], [ -62.50983337925652, -31.616749145769745 ], [ -62.509811281501271, -31.61674094097101 ], [ -62.509794412692472, -31.616740876225634 ], [ -62.50977231494268, -31.616732671420184 ], [ -62.509759720087601, -31.616721796425857 ], [ -62.509750330699582, -31.61670281374759 ], [ -62.50975040636802, -31.616688378505312 ], [ -62.509731528287574, -31.616669359402184 ] ], [ [ -62.508779424636856, -31.616679234300552 ], [ -62.508791848784028, -31.61672258868084 ], [ -62.508800939456194, -31.616798410185282 ], [ -62.508800636194614, -31.616856151144994 ], [ -62.508790749439576, -31.616931899659509 ], [ -62.508777870351224, -31.616975156718102 ], [ -62.508755559386266, -31.617007550848417 ], [ -62.508738690532063, -31.617007485963121 ], [ -62.508716678122241, -31.616983041331363 ], [ -62.508704197104109, -31.616950513375123 ], [ -62.508695006968068, -31.616893638118196 ], [ -62.50869523446358, -31.616850332399395 ], [ -62.508686044341992, -31.616793457141089 ], [ -62.50867356335894, -31.616760929181243 ], [ -62.508651551023426, -31.616736484538091 ], [ -62.508634682218378, -31.616736419639548 ], [ -62.50861266989881, -31.616711974989741 ], [ -62.508600188951846, -31.616679447022715 ], [ -62.5085909989035, -31.616622571756807 ], [ -62.508591226444764, -31.616579266036851 ], [ -62.508563059048839, -31.616522317748657 ], [ -62.508525275003159, -31.616489692408251 ], [ -62.50845898228588, -31.616465077326023 ], [ -62.508408376019204, -31.616464882548911 ], [ -62.50834199798031, -31.616456507051158 ], [ -62.508304100202615, -31.616445534505694 ], [ -62.508275733796715, -31.61642647865952 ], [ -62.508275809691938, -31.616412043419793 ], [ -62.508294886639327, -31.616393170230932 ], [ -62.508320246668966, -31.616382441214348 ], [ -62.508364569795951, -31.616374491853087 ], [ -62.508398307274184, -31.616374621717966 ], [ -62.508442630391194, -31.616366672329484 ], [ -62.508467990397065, -31.61635594328331 ], [ -62.508487067294482, -31.61633707006505 ], [ -62.50848714315682, -31.616322634824687 ], [ -62.508468265408652, -31.616303615537099 ], [ -62.508443019220692, -31.616292691723061 ], [ -62.50839878149921, -31.616284401466832 ], [ -62.508365044053512, -31.61628427160241 ], [ -62.508320806343299, -31.616275981319259 ], [ -62.508295560180379, -31.616265057476287 ], [ -62.508276682483022, -31.616246038160742 ], [ -62.508276758377562, -31.616231602920614 ], [ -62.508286346638243, -31.616212693199657 ], [ -62.508299055088784, -31.616201915477365 ], [ -62.508321237954519, -31.61619388089046 ], [ -62.508338106660929, -31.616193945829398 ], [ -62.508360289521512, -31.616185911235661 ], [ -62.508372997959938, -31.616175133505845 ], [ -62.508382586195317, -31.616156223777239 ], [ -62.508382662073238, -31.61614178853668 ], [ -62.50839225030316, -31.616122878807182 ], [ -62.508404958729287, -31.616112101073963 ], [ -62.508427141564781, -31.616104066468242 ], [ -62.508444010255253, -31.616104131393033 ], [ -62.508466193085582, -31.616096096780463 ], [ -62.508478901499601, -31.61608531903973 ], [ -62.50848848970422, -31.616066409302583 ], [ -62.508488565565543, -31.616051974061588 ], [ -62.508498153764698, -31.616033064323563 ], [ -62.508510862166411, -31.616022286579401 ], [ -62.508533044971649, -31.616014251954866 ], [ -62.508549913646192, -31.61601431686551 ], [ -62.508572011116946, -31.61602252188057 ], [ -62.508584605739252, -31.616033396990844 ], [ -62.508593994824146, -31.616052379753697 ], [ -62.508593918979116, -31.616066814994909 ], [ -62.508612796705961, -31.616085834264393 ], [ -62.508638042858713, -31.61609675804484 ], [ -62.508682280514044, -31.616105048217754 ], [ -62.508716017896695, -31.616105177997724 ], [ -62.508760170266264, -31.616129707790357 ], [ -62.508785302724746, -31.616162284404044 ], [ -62.508803981500705, -31.616219196154091 ], [ -62.508803754061148, -31.616262501877866 ], [ -62.508793966885257, -31.616319304146455 ], [ -62.50878114474947, -31.616351734779681 ], [ -62.508758876586434, -31.616376009092278 ], [ -62.508742007846131, -31.616375944208567 ], [ -62.508719739667178, -31.616400218514087 ], [ -62.508706917494266, -31.616432649139099 ], [ -62.508697130240414, -31.616489451397953 ], [ -62.508696902748987, -31.616532757119209 ], [ -62.508706092853778, -31.616589632378865 ], [ -62.508718573826158, -31.616622160336266 ], [ -62.508740586152854, -31.61664660496821 ], [ -62.508757454941978, -31.616646669852607 ], [ -62.508779424636856, -31.616679234300552 ] ], [ [ -62.510558641295177, -31.619187923017645 ], [ -62.510571236572417, -31.619198797933326 ], [ -62.510580626371485, -31.61921778054808 ], [ -62.510580550823718, -31.619232215786415 ], [ -62.510589940627945, -31.619251198400438 ], [ -62.510602535917286, -31.619262073313045 ], [ -62.510624634336537, -31.619270277978405 ], [ -62.510641503603665, -31.619270342618741 ], [ -62.510663687005326, -31.619262307634166 ], [ -62.51067639560447, -31.619251529681883 ], [ -62.510685983700554, -31.619232619787887 ], [ -62.51068605923205, -31.619218184549318 ], [ -62.510695647322692, -31.619199274654434 ], [ -62.510708355909522, -31.619188496698726 ], [ -62.510730539286087, -31.6191804617022 ], [ -62.510747408537284, -31.619180526328375 ], [ -62.51076950695041, -31.619188730968709 ], [ -62.510782102252577, -31.619199605863841 ], [ -62.510791492094739, -31.619218588463522 ], [ -62.510791416579515, -31.619233023702314 ], [ -62.510800806426843, -31.61925200630127 ], [ -62.510813401741103, -31.619262881193318 ], [ -62.510835500179539, -31.61927108582238 ], [ -62.510852369447342, -31.619271150434866 ], [ -62.510874382950831, -31.619295594700933 ], [ -62.510886865028418, -31.619328122444021 ], [ -62.510896056718387, -31.619384997537587 ], [ -62.510895830219518, -31.619428303253454 ], [ -62.510886043954095, -31.61948510566382 ], [ -62.510873222091575, -31.619517536494019 ], [ -62.510850953701265, -31.619541811157269 ], [ -62.510834084384641, -31.619541746544105 ], [ -62.510811985882697, -31.619533541914485 ], [ -62.510799390532583, -31.619522667022384 ], [ -62.510790000659121, -31.619503684423862 ], [ -62.510790076175368, -31.61948924918568 ], [ -62.510780686307072, -31.619470266586429 ], [ -62.510768090969059, -31.619459391691233 ], [ -62.510745992492431, -31.619451187050366 ], [ -62.510729123192412, -31.619451122423502 ], [ -62.510706939751202, -31.619459157418817 ], [ -62.510694231126976, -31.619469935373541 ], [ -62.510684643007551, -31.619488845267231 ], [ -62.510684567475046, -31.619503280505178 ], [ -62.510674979350163, -31.619522190397984 ], [ -62.510662270713638, -31.619532968349294 ], [ -62.510640087247324, -31.619541003332632 ], [ -62.510623217931375, -31.619540938691618 ], [ -62.51060103445991, -31.61954897366811 ], [ -62.510588325811277, -31.619559751611899 ], [ -62.510578737661085, -31.619578661497052 ], [ -62.510578662111968, -31.61959309673458 ], [ -62.510559584958983, -31.61961197025321 ], [ -62.510534224299121, -31.619622699702742 ], [ -62.510489899802742, -31.619630649799195 ], [ -62.510456161139302, -31.619630520474942 ], [ -62.51041183663294, -31.619638470544185 ], [ -62.510386475949304, -31.619649199964083 ], [ -62.510367398746325, -31.61966807345334 ], [ -62.510367323164324, -31.6196825086902 ], [ -62.510405179987515, -31.61970160045443 ], [ -62.510455731344479, -31.619712620885792 ], [ -62.510544252914599, -31.619721080164936 ], [ -62.5106117303079, -31.619721338758641 ], [ -62.510700209415795, -31.619737917750925 ], [ -62.510750704186428, -31.619759764494152 ], [ -62.510788462004029, -31.619797802394856 ], [ -62.510788310969183, -31.619826672869813 ], [ -62.51079760175891, -31.619864601716902 ], [ -62.510810140518622, -31.619886303037092 ], [ -62.510832196628456, -31.619902627488433 ], [ -62.510849066010174, -31.619902692102496 ], [ -62.510871122130716, -31.61991901654719 ], [ -62.510883660914722, -31.619940717860228 ], [ -62.51089295175391, -31.619978646700218 ], [ -62.510892800750256, -31.620007517174802 ], [ -62.51092106968305, -31.620045518694404 ], [ -62.510958912612779, -31.620067316903004 ], [ -62.511025251005023, -31.620083810885351 ], [ -62.511075859249871, -31.620084004645346 ], [ -62.511142325020224, -31.620076139103741 ], [ -62.511180337794627, -31.620065457962511 ], [ -62.511208903959734, -31.620046620670699 ], [ -62.511208979412906, -31.620032185432837 ], [ -62.511228056523059, -31.620013311817981 ], [ -62.511253417211776, -31.620002582231578 ], [ -62.511297741823661, -31.619994631871723 ], [ -62.511331480622701, -31.619994760974972 ], [ -62.511375593085226, -31.620027409695606 ], [ -62.511400670922889, -31.620070812223329 ], [ -62.511419253053447, -31.620146669830227 ], [ -62.511418951368917, -31.620204410782254 ], [ -62.51140906634032, -31.620280159477815 ], [ -62.511396187976814, -31.620323416785467 ], [ -62.511373877097583, -31.620355811357364 ], [ -62.511357007632796, -31.620355746811793 ], [ -62.511334951324322, -31.62033942245024 ], [ -62.511322412382796, -31.620317721181252 ], [ -62.511313121337189, -31.620279792372411 ], [ -62.511313272212675, -31.620250921897249 ], [ -62.511294492117706, -31.620212956775791 ], [ -62.511269301126021, -31.620191207084837 ], [ -62.511225103742198, -31.620174797970215 ], [ -62.511191364878748, -31.620174668838199 ], [ -62.511147040172773, -31.620182619159973 ], [ -62.511121679423042, -31.620193348724314 ], [ -62.51110260225439, -31.620212222322177 ], [ -62.511102526784263, -31.620226657559396 ], [ -62.511083449604904, -31.620245531154165 ], [ -62.511058088830872, -31.620256260705531 ], [ -62.511013764075443, -31.620264210980434 ], [ -62.510980025180793, -31.620264081792264 ], [ -62.510935573015743, -31.62029639150191 ], [ -62.510910042335972, -31.620339600305833 ], [ -62.510890667800545, -31.620415312614206 ], [ -62.510890365786459, -31.620473053559241 ], [ -62.51088048029883, -31.620548802206077 ], [ -62.510867601652819, -31.620592059455735 ], [ -62.510845290526355, -31.620624453931427 ], [ -62.510828421014445, -31.620624389315552 ], [ -62.510806194823424, -31.620640544143942 ], [ -62.510793429408707, -31.620662148531729 ], [ -62.510783742062699, -31.620700004674848 ], [ -62.510783591021088, -31.620728875145705 ], [ -62.510773903663825, -31.620766731287578 ], [ -62.510761138224069, -31.620788335671445 ], [ -62.510738911982223, -31.620804490487203 ], [ -62.510722042438097, -31.620804425856949 ], [ -62.510699943649385, -31.620796221206636 ], [ -62.510687348144415, -31.620785346304022 ], [ -62.510677958170582, -31.620766363699964 ], [ -62.51067803370784, -31.620751928464863 ], [ -62.510649665516745, -31.620732873140575 ], [ -62.510611765732662, -31.620721901266858 ], [ -62.510545384464059, -31.620713526887165 ], [ -62.510494775882549, -31.620713332913507 ], [ -62.510428394631347, -31.620704958473151 ], [ -62.510390494885414, -31.620693986534111 ], [ -62.51036212677122, -31.62067493114656 ], [ -62.510362202356951, -31.620660495911935 ], [ -62.510371790664685, -31.620641586047803 ], [ -62.510384499486719, -31.620630808129114 ], [ -62.510406683234223, -31.620622773194416 ], [ -62.510423552744783, -31.620622837866001 ], [ -62.510445821506345, -31.620598563285132 ], [ -62.510458643669914, -31.620566132506333 ], [ -62.510468430316756, -31.620509330142085 ], [ -62.510468657023104, -31.620466024436325 ], [ -62.510449976418315, -31.620409112948575 ], [ -62.510424842254579, -31.62037653666658 ], [ -62.51038068745072, -31.620352007440903 ], [ -62.510346948527584, -31.62035187808517 ], [ -62.510302751234512, -31.62033546865262 ], [ -62.510277560443598, -31.620313718768447 ], [ -62.510258780758981, -31.620275753499204 ], [ -62.51025893195996, -31.620246883028571 ], [ -62.510249641353425, -31.620208954146385 ], [ -62.510237102682339, -31.620187252773139 ], [ -62.510215046611371, -31.620170928220109 ], [ -62.510198177182858, -31.620170863521807 ], [ -62.510176163654897, -31.620146419142234 ], [ -62.510163681720208, -31.62011389133524 ], [ -62.510154490410912, -31.620057016199233 ], [ -62.510154717258658, -31.620013710492437 ], [ -62.51013603693211, -31.61995679895761 ], [ -62.51011090299798, -31.619924222613857 ], [ -62.510066748489919, -31.619899693280924 ], [ -62.510033009731551, -31.619899563843894 ], [ -62.509988685063412, -31.619907513764286 ], [ -62.509963324258997, -31.619918243098464 ], [ -62.50994424691585, -31.619937116522291 ], [ -62.509944171267726, -31.61995155175763 ], [ -62.509953561012324, -31.619970534415724 ], [ -62.50996615632252, -31.619981409390096 ], [ -62.509988254853518, -31.619989614165828 ], [ -62.510005124248799, -31.619989678891528 ], [ -62.510027222785247, -31.619997883660542 ], [ -62.510039818107749, -31.620008758627751 ], [ -62.510049207877437, -31.6200277412789 ], [ -62.510049132245257, -31.620042176514264 ], [ -62.510039543935768, -31.620061086355907 ], [ -62.510026835152779, -31.620071864241577 ], [ -62.510004651504914, -31.620079899112 ], [ -62.509987782093361, -31.620079834386072 ], [ -62.509965598440338, -31.620087869249652 ], [ -62.509952889645248, -31.620098647127815 ], [ -62.509943301310443, -31.620117556961794 ], [ -62.509943225661651, -31.620131992196725 ], [ -62.509924148270279, -31.620150865616434 ], [ -62.509898787392245, -31.620161594936633 ], [ -62.50985446258882, -31.620169544808711 ], [ -62.50982072373418, -31.620169415314628 ], [ -62.509776398920778, -31.620177365159503 ], [ -62.509751038018976, -31.620188094450093 ], [ -62.509731960577611, -31.62020696784041 ], [ -62.50973188489592, -31.62022140307468 ], [ -62.509741274623543, -31.620240385747412 ], [ -62.509753869944674, -31.6202512607424 ], [ -62.509775968519975, -31.62025946555497 ], [ -62.509792837963396, -31.620259530309205 ], [ -62.50981489398032, -31.620275854934388 ], [ -62.50982743256445, -31.620297556347921 ], [ -62.509836723007588, -31.620335485258646 ], [ -62.509836571675756, -31.620364355727041 ], [ -62.50982688397589, -31.620402211795724 ], [ -62.50981411836959, -31.620423816084433 ], [ -62.509791892053933, -31.620439970735497 ], [ -62.509775022577962, -31.620439905980827 ], [ -62.509752923960328, -31.620431701167881 ], [ -62.509740328615301, -31.620420826172868 ], [ -62.509730938870256, -31.620401843500417 ], [ -62.509731014552628, -31.620387408266549 ], [ -62.509721624812748, -31.620368425593366 ], [ -62.509709029479822, -31.620357550595259 ], [ -62.509686930887504, -31.620349345771061 ], [ -62.509670061428139, -31.620349281002678 ], [ -62.509648090576533, -31.620316716714687 ], [ -62.509635665576901, -31.620273362433135 ], [ -62.509626573928514, -31.62019754101895 ], [ -62.509626876719672, -31.620139800082303 ], [ -62.509636763173631, -31.620064051537579 ], [ -62.509649642311189, -31.620020794413506 ], [ -62.509671953702018, -31.619988400146401 ], [ -62.509688823096283, -31.619988464913881 ], [ -62.509711006748724, -31.61998043009827 ], [ -62.509723715555104, -31.619969652244105 ], [ -62.509733303918509, -31.619950742426465 ], [ -62.509733379599169, -31.619936307191573 ], [ -62.509714500875717, -31.619917288088931 ], [ -62.509689253569043, -31.619906364516002 ], [ -62.50964501402607, -31.619898074677593 ], [ -62.509611275270437, -31.619897945129161 ], [ -62.509567035738719, -31.619889655263847 ], [ -62.509541788457085, -31.619878731661981 ], [ -62.509522909784472, -31.619859712531365 ], [ -62.509522985497348, -31.619845277296715 ], [ -62.509513595852809, -31.619826294607616 ], [ -62.509501000616524, -31.619815419589063 ], [ -62.509478902170407, -31.619807214729665 ], [ -62.509462032809367, -31.61980714993479 ], [ -62.509439934368714, -31.619798945068677 ], [ -62.509427339144715, -31.619788070042965 ], [ -62.509417949525293, -31.619769087346921 ], [ -62.509418025254092, -31.619754652112288 ], [ -62.509408635639822, -31.619735669415512 ], [ -62.509396040427937, -31.619724794386705 ], [ -62.509373942012594, -31.619716589509338 ], [ -62.509357072668159, -31.619716524700763 ], [ -62.509334889049093, -31.619724559455555 ], [ -62.509322180232147, -31.619735337271329 ], [ -62.50931259180873, -31.619754247058122 ], [ -62.509312516063645, -31.619768682292506 ], [ -62.509274460594781, -31.619787482696609 ], [ -62.509223795704912, -31.619798114649985 ], [ -62.509135188950005, -31.619805894094306 ], [ -62.509067711510625, -31.619805634719842 ], [ -62.508979190008361, -31.619797174417869 ], [ -62.508928638787971, -31.619786153403489 ], [ -62.508890782238332, -31.619767061204538 ], [ -62.508890858048517, -31.619752625971046 ], [ -62.508881468542008, -31.619733643236593 ], [ -62.508868873392409, -31.619722768156421 ], [ -62.50884677502507, -31.619714563188303 ], [ -62.50882990568234, -31.619714498310103 ], [ -62.508807807320458, -31.619706293335287 ], [ -62.508795212183173, -31.619695418247929 ], [ -62.508785822701761, -31.619676435506541 ], [ -62.508785898527861, -31.619662000273067 ], [ -62.508833443039549, -31.619643236509308 ], [ -62.508896759883548, -31.619632653363485 ], [ -62.509007507483261, -31.619624959207947 ], [ -62.509091854118914, -31.619625283458557 ], [ -62.509202601696195, -31.619617589133561 ], [ -62.509265918483543, -31.619607005804088 ], [ -62.509313462873273, -31.619588241860189 ], [ -62.509313538617683, -31.619573806625379 ], [ -62.50936108298113, -31.619555042663389 ], [ -62.509424399709189, -31.619544459254598 ], [ -62.50953514716732, -31.619536764639875 ], [ -62.509619493730085, -31.619537088541204 ], [ -62.509730156025817, -31.619545633397319 ], [ -62.509793359202938, -31.619556702658947 ], [ -62.509840704848635, -31.619575831011712 ], [ -62.509840629185604, -31.619590266247634 ], [ -62.509859507869862, -31.619609285332203 ], [ -62.50988475511717, -31.61962020887135 ], [ -62.509928994551437, -31.61962849862595 ], [ -62.509962733211474, -31.619628628089455 ], [ -62.510006972656996, -31.619636917817132 ], [ -62.510032219929343, -31.619647841327357 ], [ -62.510051098664434, -31.619666860383941 ], [ -62.510051023033604, -31.619681295620119 ], [ -62.510069901779204, -31.61970031467391 ], [ -62.510095149076093, -31.619711238171817 ], [ -62.510139388572981, -31.619719527854048 ], [ -62.510173127266917, -31.619719657262305 ], [ -62.510217451831011, -31.619711707276618 ], [ -62.510242812550622, -31.619700977890755 ], [ -62.510261889785291, -31.619682104420555 ], [ -62.510261965383577, -31.619667669183887 ], [ -62.510252575605612, -31.619648686547261 ], [ -62.51023998030599, -31.619637811600658 ], [ -62.510217881835032, -31.619629606868681 ], [ -62.510201012504155, -31.619629542171733 ], [ -62.510178956569781, -31.619613217612457 ], [ -62.51016641799314, -31.619591516231228 ], [ -62.51015712748567, -31.619553587339478 ], [ -62.510157278713748, -31.619524716866028 ], [ -62.510147988216254, -31.619486787973322 ], [ -62.510135449663387, -31.619465086588846 ], [ -62.510113393779008, -31.619448762018344 ], [ -62.510096524481028, -31.619448697307934 ], [ -62.510074511147252, -31.619424252910068 ], [ -62.510062029340972, -31.619391725090804 ], [ -62.510052838158494, -31.619334849942426 ], [ -62.510053065046911, -31.619291544231391 ], [ -62.510043873878885, -31.619234669081628 ], [ -62.510031392107685, -31.619202141258761 ], [ -62.510009378848252, -31.619177696849508 ], [ -62.509992509599421, -31.619177632125851 ], [ -62.509970453807448, -31.619161307530874 ], [ -62.50995791533861, -31.619139606128748 ], [ -62.509948624958263, -31.619101677220463 ], [ -62.509948776248059, -31.619072806745855 ], [ -62.509967952691419, -31.619034987067892 ], [ -62.509993369982723, -31.61901343130069 ], [ -62.51003773676802, -31.618997361552061 ], [ -62.510071475200903, -31.618997490984544 ], [ -62.51011579942999, -31.61898954102984 ], [ -62.510141159963993, -31.618978811661094 ], [ -62.510160237069613, -31.61895993820265 ], [ -62.51016031268145, -31.618945502964579 ], [ -62.510169900849121, -31.618926593109183 ], [ -62.510182609458347, -31.618915815205568 ], [ -62.510204792813795, -31.618907780299821 ], [ -62.51022166201448, -31.618907844994936 ], [ -62.510243845364784, -31.618899810082343 ], [ -62.510256553961888, -31.618889032171211 ], [ -62.510266142104257, -31.618870122308163 ], [ -62.510266217699488, -31.618855687069662 ], [ -62.510285294754674, -31.618836813591653 ], [ -62.510310655228011, -31.618826084188374 ], [ -62.510354979356478, -31.618818134149411 ], [ -62.510388717726308, -31.618818263497431 ], [ -62.510432914321491, -31.618834672896977 ], [ -62.510458104755294, -31.61885642275185 ], [ -62.510476884244206, -31.618894387998132 ], [ -62.510476733118509, -31.618923258475832 ], [ -62.510467045834538, -31.618961114605735 ], [ -62.510454280576582, -31.618982718966809 ], [ -62.51043205471597, -31.618998873737535 ], [ -62.510415185498324, -31.618998809070035 ], [ -62.510393002138741, -31.619006844012198 ], [ -62.510380293540969, -31.61901762193671 ], [ -62.510370705406032, -31.619036531807989 ], [ -62.510370629826397, -31.619050967046292 ], [ -62.5103800195701, -31.619069949675652 ], [ -62.510392614810627, -31.619080824608773 ], [ -62.510414713168338, -31.619089029310082 ], [ -62.510431582402248, -31.619089093977806 ], [ -62.510453680765401, -31.619097298672401 ], [ -62.510466276018242, -31.619108173598349 ], [ -62.510475665787048, -31.619127156220763 ], [ -62.510475590223344, -31.619141591459098 ], [ -62.510484979997315, -31.61916057408078 ], [ -62.510497575262256, -31.619171449003641 ], [ -62.510519673650727, -31.619179653686984 ], [ -62.510536542901242, -31.619179718341005 ], [ -62.510558641295177, -31.619187923017645 ] ] ] ] } }
]
}
