{
"type": "FeatureCollection",
"name": "Daniel_2_zonas",
"crs": { "type": "name", "properties": { "name": "urn:ogc:def:crs:OGC:1.3:CRS84" } },
"features": [
{ "type": "Feature", "properties": { "zona": "cabecera", "zona_id": "CABECERA" }, "geometry": { "type": "Polygon", "coordinates": [ [ [ -62.495949277918314, -31.61402909046252 ], [ -62.495929795300817, -31.614041424552351 ], [ -62.495902002215914, -31.614059019836649 ], [ -62.495884427387715, -31.614070146126384 ], [ -62.495868283406928, -31.614080366569301 ], [ -62.495865364548962, -31.61408221444152 ], [ -62.495864332930886, -31.614082867538833 ], [ -62.49586131297972, -31.614095336063059 ], [ -62.495861236854367, -31.614109459792548 ], [ -62.495864066493603, -31.614132300592054 ], [ -62.495865992187063, -31.614140471036066 ], [ -62.495867915472488, -31.614148631261763 ], [ -62.495877096462138, -31.614187584871644 ], [ -62.495879936723576, -31.614199635683171 ], [ -62.49589211608977, -31.614251310907505 ], [ -62.495910543266213, -31.614329494545604 ], [ -62.495922933468997, -31.614382064172027 ], [ -62.495941502672771, -31.614460850190053 ], [ -62.495953871408318, -31.614513328587659 ], [ -62.495966224031548, -31.614565738564984 ], [ -62.495967866457789, -31.614572707082189 ], [ -62.495970325449811, -31.614583140138272 ], [ -62.495975001733967, -31.614602980755354 ], [ -62.495981063919267, -31.614628701484595 ], [ -62.495991280467031, -31.614672048372313 ], [ -62.496006083373366, -31.614734854244595 ], [ -62.49601517821629, -31.614773441864678 ], [ -62.496015604033005, -31.614775248520033 ], [ -62.496016699323015, -31.6147798956166 ], [ -62.496032021149759, -31.614844903017087 ], [ -62.496044389983929, -31.614897381403846 ], [ -62.496058763432231, -31.614958364877157 ], [ -62.496058894948945, -31.614958922874102 ], [ -62.496058916942161, -31.614959016186589 ], [ -62.4960658660601, -31.614988499781912 ], [ -62.496080672485476, -31.615051320161374 ], [ -62.496093443283677, -31.615105503758546 ], [ -62.496110563858316, -31.615178142371516 ], [ -62.496118191604779, -31.615210505087983 ], [ -62.496120620488227, -31.615220810258801 ], [ -62.496137439669418, -31.615292169955211 ], [ -62.496139942001449, -31.615302786732361 ], [ -62.496149808618441, -31.615344648329341 ], [ -62.496163911804636, -31.615404484568817 ], [ -62.496165191887577, -31.615409915632032 ], [ -62.496170347095273, -31.615431787848273 ], [ -62.496178348927337, -31.615465737537132 ], [ -62.496184751742668, -31.61549290299687 ], [ -62.496197522657951, -31.615547086581156 ], [ -62.496215045304893, -31.615621430392615 ], [ -62.496225637914939, -31.615666371890693 ], [ -62.496242859168035, -31.615739436785631 ], [ -62.496255228231931, -31.615791915147121 ], [ -62.496268929631853, -31.615850046156645 ], [ -62.496274829092073, -31.615875075808852 ], [ -62.496288831954111, -31.615934485727369 ], [ -62.496299829919067, -31.615981146721548 ], [ -62.496301602986485, -31.615988669298783 ], [ -62.496319527713112, -31.616064718307914 ], [ -62.496327809213994, -31.616099854084595 ], [ -62.496330656313191, -31.616111933415691 ], [ -62.496348279645659, -31.616186703508333 ], [ -62.496360648824414, -31.616239181857207 ], [ -62.496373948430623, -31.616295607637586 ], [ -62.496379312050557, -31.616318363663616 ], [ -62.496392913119834, -31.616376068352888 ], [ -62.496397983131608, -31.616397578662188 ], [ -62.496405684269305, -31.6164302519114 ], [ -62.49642245417246, -31.616501400700216 ], [ -62.496424011083, -31.61650800611741 ], [ -62.496435675683031, -31.616557494833781 ], [ -62.496453701102304, -31.616633970123349 ], [ -62.49646607039594, -31.616686448459557 ], [ -62.496478968200982, -31.616741169011615 ], [ -62.496483570347287, -31.616760694177877 ], [ -62.496483795970718, -31.616761651412563 ], [ -62.496484802057317, -31.616765919856274 ], [ -62.496496995239873, -31.616817650873408 ], [ -62.496509766506442, -31.616871834419047 ], [ -62.496528495414601, -31.61695129382111 ], [ -62.496538021429423, -31.61699170890935 ], [ -62.496540696024468, -31.617003056144984 ], [ -62.496554388984613, -31.617061149848226 ], [ -62.496559123538013, -31.617081236630618 ], [ -62.496571492946522, -31.617133714954182 ], [ -62.496583988942952, -31.617186730278743 ], [ -62.49658828085262, -31.617204939055711 ], [ -62.496599162607964, -31.617251105758875 ], [ -62.496609379712027, -31.617294452585391 ], [ -62.496624040722807, -31.617356652947866 ], [ -62.496624444455151, -31.617358365809419 ], [ -62.496633371631773, -31.61739623993812 ], [ -62.49664964694005, -31.617465288915785 ], [ -62.49666201644721, -31.617517767228502 ], [ -62.496676664903717, -31.617579914032987 ], [ -62.496683826664054, -31.617610298127108 ], [ -62.496698776598052, -31.617673723838898 ], [ -62.496711548091646, -31.617727907359562 ], [ -62.49672852689563, -31.617799940448968 ], [ -62.496738393802296, -31.617841801048076 ], [ -62.496742616083758, -31.617859714171761 ], [ -62.496754419356272, -31.617909789783436 ], [ -62.496764035360741, -31.617950585828705 ], [ -62.496765919857609, -31.617958580831175 ], [ -62.496778645551117, -31.618012569715802 ], [ -62.496780509427872, -31.618020477226761 ], [ -62.496784112633236, -31.61803576384844 ], [ -62.496791941538049, -31.618068690196637 ], [ -62.496796912995265, -31.618089397861635 ], [ -62.496801512730961, -31.618108240676221 ], [ -62.496802674252933, -31.6181126567642 ], [ -62.496805066800562, -31.618121753190792 ], [ -62.496808665223668, -31.618135434332729 ], [ -62.496813369207516, -31.618153318791286 ], [ -62.496815491665814, -31.61816138833575 ], [ -62.496826566805261, -31.618203495774221 ], [ -62.496834507216853, -31.618233685022354 ], [ -62.496849761359009, -31.618291680837984 ], [ -62.496862159809908, -31.618338819343261 ], [ -62.496877901795848, -31.618398669790771 ], [ -62.496886492653999, -31.618431331882785 ], [ -62.496903625567093, -31.618496470450701 ], [ -62.496917878602041, -31.61855065978153 ], [ -62.496936378279017, -31.61862099454034 ], [ -62.496946791473476, -31.618660584888701 ], [ -62.496963900289224, -31.618725631519407 ], [ -62.496972177359041, -31.618757100380449 ], [ -62.496976298852239, -31.618772770011603 ], [ -62.496990186438481, -31.618825569612081 ], [ -62.496996304649059, -31.618848830588107 ], [ -62.497009445193875, -31.618898789910926 ], [ -62.497020847716144, -31.618942141364581 ], [ -62.497029653327765, -31.618975619549552 ], [ -62.497036213480484, -31.619000560675509 ], [ -62.497045298640728, -31.619035101636776 ], [ -62.497061411501306, -31.619096361218954 ], [ -62.497073810160096, -31.61914349969998 ], [ -62.497088693944377, -31.619200086320678 ], [ -62.497096140324494, -31.619228396668003 ], [ -62.497112415054914, -31.619290271406879 ], [ -62.49712666832562, -31.619344460710202 ], [ -62.49714602677804, -31.619418059228927 ], [ -62.497157584772403, -31.619462001284457 ], [ -62.497175552345311, -31.619530311677195 ], [ -62.497184155703422, -31.619563020498617 ], [ -62.497187951116217, -31.619577450145158 ], [ -62.497200980462075, -31.619626985923315 ], [ -62.497205954143389, -31.619645895160627 ], [ -62.49721823643204, -31.619692590662975 ], [ -62.497229639142901, -31.619735942094628 ], [ -62.497238073668655, -31.619768008896518 ], [ -62.497245863637644, -31.619797625170705 ], [ -62.497256093584674, -31.619836517840682 ], [ -62.49727306519241, -31.619901041186047 ], [ -62.497285464059104, -31.619948179642847 ], [ -62.49729948961302, -31.620001502440058 ], [ -62.497305791476975, -31.620025461047128 ], [ -62.497321207996301, -31.620084071960292 ], [ -62.497335461502772, -31.620138261236114 ], [ -62.497355678759099, -31.620215123511411 ], [ -62.497368381591521, -31.620263417269662 ], [ -62.497387207950332, -31.620334991421089 ], [ -62.497396137607694, -31.620368940201637 ], [ -62.497399606929129, -31.620382129864797 ], [ -62.497411778005898, -31.620428401824007 ], [ -62.497415607119812, -31.620442959327036 ], [ -62.497427031123848, -31.620486391012232 ], [ -62.497438434023344, -31.620529742421908 ], [ -62.497446267004037, -31.62055952173278 ], [ -62.497455517276961, -31.620594689259818 ], [ -62.497466892048912, -31.620637933634026 ], [ -62.49748472243256, -31.620705720739249 ], [ -62.497497121507159, -31.620752859171795 ], [ -62.497510288801983, -31.62080291814889 ], [ -62.497515446111677, -31.620822525020138 ], [ -62.497522336092935, -31.62084871908591 ], [ -62.497527866331502, -31.620869743723489 ], [ -62.497533419026283, -31.620890853724667 ], [ -62.497539269322075, -31.620913095122543 ], [ -62.497555356584499, -31.62097425491611 ], [ -62.497565403275132, -31.621012449908719 ], [ -62.497582237668155, -31.621076449969543 ], [ -62.497594636838542, -31.621123588390923 ], [ -62.497608800366905, -31.621177434384073 ], [ -62.497612286928899, -31.621190689362177 ], [ -62.497615285893247, -31.621202090621139 ], [ -62.497630840421728, -31.621261224726219 ], [ -62.497636372919438, -31.621282257766193 ], [ -62.497645094277843, -31.621315413961273 ], [ -62.497665174398612, -31.621391752942777 ], [ -62.497677694033641, -31.621439349016782 ], [ -62.49769638322195, -31.62151039987851 ], [ -62.497708782504468, -31.62155753828679 ], [ -62.49772109151148, -31.62160433344712 ], [ -62.497725104228778, -31.621619588587013 ], [ -62.4977325380762, -31.621647849817712 ], [ -62.497736666145244, -31.621663543475407 ], [ -62.497740711475579, -31.621678922580671 ], [ -62.497748069324459, -31.621706894852451 ], [ -62.497765015364543, -31.621771318405663 ], [ -62.497776206905122, -31.6218138650996 ], [ -62.497793900092809, -31.621881128918083 ], [ -62.497806299471122, -31.621928267315202 ], [ -62.497819604721684, -31.621978849490429 ], [ -62.497820535588247, -31.621982388336082 ], [ -62.497824945668768, -31.62199915399459 ], [ -62.497836557673722, -31.622043298944213 ], [ -62.497837503826545, -31.622046895898162 ], [ -62.497848907096859, -31.62209024726457 ], [ -62.497864857120248, -31.622150883776438 ], [ -62.497874232637443, -31.62218652623649 ], [ -62.497874720545497, -31.622188381092737 ], [ -62.497875362627369, -31.622190822063867 ], [ -62.497891417717092, -31.622251857869795 ], [ -62.497903817191208, -31.622298996255736 ], [ -62.497918118700788, -31.622353365444056 ], [ -62.497921236041272, -31.622365216441331 ], [ -62.497924787898533, -31.622378719310074 ], [ -62.497940407538799, -31.622438099451607 ], [ -62.497940480442949, -31.622438376606258 ], [ -62.497954734648751, -31.622492565800517 ], [ -62.497974677627248, -31.622568381489042 ], [ -62.497987014055909, -31.622615279879852 ], [ -62.498005566067008, -31.622685807452637 ], [ -62.498017965653268, -31.622732945825508 ], [ -62.498030412597316, -31.622780264186126 ], [ -62.49803142238563, -31.622784103000026 ], [ -62.498034608927007, -31.622796216961856 ], [ -62.49804559938957, -31.622837998301378 ], [ -62.498056057016328, -31.622877753977619 ], [ -62.498071210626669, -31.622935361827988 ], [ -62.498077381406326, -31.62295882059675 ], [ -62.498080957812725, -31.622972416619007 ], [ -62.49810654421195, -31.623069685441273 ], [ -62.498123903884263, -31.623082325493662 ], [ -62.498130197966468, -31.623086908385705 ], [ -62.498130517094012, -31.623087140751093 ], [ -62.498131108145976, -31.623087571112045 ], [ -62.49813935668314, -31.62309357709448 ], [ -62.498144529592004, -31.623097343628324 ], [ -62.498148622274378, -31.623100323619884 ], [ -62.49814890627497, -31.623100530408305 ], [ -62.498168065854045, -31.623114481006208 ], [ -62.498180227939336, -31.623123336539567 ], [ -62.498193327967613, -31.623132875010658 ], [ -62.498237323689573, -31.623164909415394 ], [ -62.498244767802412, -31.623170329659722 ], [ -62.498270722545143, -31.623189227947339 ], [ -62.498358394623821, -31.623253064052555 ], [ -62.502448555286875, -31.622542827968928 ], [ -62.504006695850983, -31.622272227192582 ], [ -62.508096773136657, -31.621561809206202 ], [ -62.508131065275329, -31.621454571482062 ], [ -62.508144128926091, -31.621413719012615 ], [ -62.508178420953961, -31.62130648127216 ], [ -62.507692437764995, -31.619340608979442 ], [ -62.507640160303822, -31.61912913416246 ], [ -62.507507306541932, -31.618591704658563 ], [ -62.507021350808188, -31.616625829266898 ], [ -62.506630515877205, -31.61670613891749 ], [ -62.506494690986877, -31.616734048211445 ], [ -62.506481626207254, -31.616736732753406 ], [ -62.506090790371097, -31.616817040741392 ], [ -62.506090594323524, -31.61685416333118 ], [ -62.506090519638647, -31.616868305270085 ], [ -62.506147353901689, -31.616887086723555 ], [ -62.506223207620025, -31.616897986683345 ], [ -62.506356007654816, -31.616906455050469 ], [ -62.506457220635248, -31.616906846215922 ], [ -62.506590019836807, -31.616915479318529 ], [ -62.506665872473057, -31.616926598987426 ], [ -62.506722704860131, -31.616945765136027 ], [ -62.506722628723622, -31.61696020037116 ], [ -62.506741506243841, -31.616979219912533 ], [ -62.506766752412581, -31.616990144061607 ], [ -62.506810990314449, -31.616998434884174 ], [ -62.506844728009867, -31.61699856516173 ], [ -62.506888794673102, -31.617039335236878 ], [ -62.506913812553528, -31.617093565062923 ], [ -62.506932290589823, -31.61718836956079 ], [ -62.506931910064843, -31.61726054573565 ], [ -62.50694089938694, -31.617355313596786 ], [ -62.506953265688061, -31.617409494569504 ], [ -62.506975192120173, -31.617450179138793 ], [ -62.50699206104975, -31.617450244257821 ], [ -62.507013987508145, -31.617490928820466 ], [ -62.507026353868554, -31.617545109785578 ], [ -62.507035343309759, -31.617639877637114 ], [ -62.50703496285761, -31.617712053807985 ], [ -62.507043952321226, -31.617806821656693 ], [ -62.50705631873825, -31.617861002616834 ], [ -62.507078245318567, -31.617901687167095 ], [ -62.507095114329843, -31.617901752273344 ], [ -62.507117083730627, -31.617934316997982 ], [ -62.507129507263528, -31.617977671525306 ], [ -62.507138596694077, -31.618053493120676 ], [ -62.507138292391289, -31.618111234054588 ], [ -62.507147381840447, -31.618187055647958 ], [ -62.50715980541937, -31.618230410171112 ], [ -62.50718177491845, -31.618262974883955 ], [ -62.507198643995167, -31.618263039977201 ], [ -62.507220613515365, -31.618295604683418 ], [ -62.507233037142065, -31.61833895919921 ], [ -62.507242126687679, -31.61841478078416 ], [ -62.507241822444534, -31.61847252171567 ], [ -62.507250912008743, -31.618548343298627 ], [ -62.507263335681472, -31.618591697810249 ], [ -62.507285305299959, -31.618624262504692 ], [ -62.50730217444211, -31.618624327584911 ], [ -62.507324144081728, -31.618656892272725 ], [ -62.50733656780222, -31.618700246776978 ], [ -62.50734565746292, -31.618776068351494 ], [ -62.507345353279391, -31.618833809280648 ], [ -62.507354442958686, -31.61890963085316 ], [ -62.507366866725206, -31.618952985353253 ], [ -62.507388836463129, -31.618985550029279 ], [ -62.507405705670706, -31.618985615096488 ], [ -62.507427589891655, -31.61903441940186 ], [ -62.507439899659744, -31.61909942674227 ], [ -62.507448789857015, -31.619213140789007 ], [ -62.507448333669146, -31.619299752177991 ], [ -62.507457223892338, -31.619413466220863 ], [ -62.507469533727274, -31.619478473555301 ], [ -62.507491418093451, -31.619527277847499 ], [ -62.507508287399006, -31.619527342902153 ], [ -62.507530257318663, -31.619559907552823 ], [ -62.50754268124912, -31.619603262033102 ], [ -62.507551771154681, -31.619679083584863 ], [ -62.507551467087701, -31.61973682450763 ], [ -62.507560557011878, -31.619812646057394 ], [ -62.507572980988364, -31.61985600053352 ], [ -62.507594951006318, -31.619888565172399 ], [ -62.507611820377313, -31.619888630214042 ], [ -62.507633790416392, -31.619921194846292 ], [ -62.507646214440655, -31.619964549315039 ], [ -62.507655304461302, -31.620040370856358 ], [ -62.507655000453958, -31.620098111776784 ], [ -62.507664090493222, -31.620173933316096 ], [ -62.507676514563506, -31.62021728778069 ], [ -62.507698484700896, -31.620249852401145 ], [ -62.507715354137339, -31.620249917429774 ], [ -62.50773732429586, -31.620282482043613 ], [ -62.507749748413914, -31.620325836500836 ], [ -62.507758838549648, -31.620401658031728 ], [ -62.507758534601948, -31.620459398949759 ], [ -62.507767624756298, -31.620535220478647 ], [ -62.507780048920395, -31.620578574931702 ], [ -62.50780201917722, -31.62061113953375 ], [ -62.50781888867909, -31.620611204549363 ], [ -62.507840858957046, -31.620643769144788 ], [ -62.50785328316892, -31.620687123590457 ], [ -62.507862373419741, -31.620762945110915 ], [ -62.507862069531683, -31.620820686026576 ], [ -62.507871159801113, -31.620896507545044 ], [ -62.50788358405903, -31.62093986198656 ], [ -62.50790555443529, -31.620972426570187 ], [ -62.507922424002601, -31.620972491572793 ], [ -62.507944394399992, -31.621005056149802 ], [ -62.507956818705679, -31.621048410583931 ], [ -62.507965909071594, -31.621124232093972 ], [ -62.507965605243179, -31.621181973007261 ], [ -62.507955717306452, -31.621257721394375 ], [ -62.507942837209299, -31.621300978329522 ], [ -62.507920524904122, -31.621333372278578 ], [ -62.507903655271726, -31.621333307275069 ], [ -62.50788147114578, -31.621341341770169 ], [ -62.507868761940991, -31.621352119434611 ], [ -62.507859173054833, -31.621371029102814 ], [ -62.507859097080605, -31.621385464330409 ], [ -62.507821040663025, -31.621404264286934 ], [ -62.507770374737348, -31.621414895650386 ], [ -62.507681766341655, -31.621422674067414 ], [ -62.50761428775035, -31.621422413913166 ], [ -62.507525679336048, -31.62143019222168 ], [ -62.507475013364342, -31.621440823467406 ], [ -62.507436956848444, -31.621459623308311 ], [ -62.507436880808775, -31.621474058534776 ], [ -62.50739882427176, -31.621492858363997 ], [ -62.507348158252277, -31.621503489558787 ], [ -62.507259549741491, -31.62151126768153 ], [ -62.507192071090543, -31.621511007303553 ], [ -62.507103462561162, -31.621518785317782 ], [ -62.507052796495636, -31.621529416394853 ], [ -62.507014739860303, -31.62154821610843 ], [ -62.507014663755193, -31.621562651333793 ], [ -62.506967117906683, -31.621581414401081 ], [ -62.506903799534982, -31.621591996571212 ], [ -62.506793049455652, -31.621599688874429 ], [ -62.50670870106827, -31.621599363087459 ], [ -62.506548439136033, -31.621598743938751 ], [ -62.506531569459234, -31.621598678753504 ], [ -62.506509385155454, -31.621606713008077 ], [ -62.506496675757916, -31.621617490533538 ], [ -62.506487086567745, -31.621636400094797 ], [ -62.506487010380916, -31.621650835318803 ], [ -62.506439464384187, -31.62166959818785 ], [ -62.506376145896574, -31.621680180094973 ], [ -62.50626539567569, -31.621687871938967 ], [ -62.506181047215478, -31.62168754580269 ], [ -62.506070296972183, -31.621695237477212 ], [ -62.506006978427955, -31.621705819200638 ], [ -62.505959432309282, -31.621724581889524 ], [ -62.505959356040734, -31.621739017112183 ], [ -62.505921299104216, -31.621757816496153 ], [ -62.505870632780955, -31.621768447101097 ], [ -62.505782023910207, -31.62177622419448 ], [ -62.505714545083109, -31.621775963033855 ], [ -62.505625936193773, -31.621783740018703 ], [ -62.505575269824483, -31.621794370505945 ], [ -62.505537212789662, -31.621813169774267 ], [ -62.505537136455672, -31.621827604995808 ], [ -62.50548959018289, -31.621846367507789 ], [ -62.505426271474398, -31.621856948941314 ], [ -62.505315520977341, -31.621864639958346 ], [ -62.505231172369797, -31.621864313193075 ], [ -62.505120421850322, -31.621872004040643 ], [ -62.505057103085214, -31.621882585290479 ], [ -62.505009556690517, -31.621901347622302 ], [ -62.505009480274801, -31.621915782842489 ], [ -62.504961933853821, -31.621934545156208 ], [ -62.504898615029425, -31.621945126326725 ], [ -62.504787864390835, -31.621952816884523 ], [ -62.504703515710482, -31.621952489769928 ], [ -62.504604406012824, -31.621952105339094 ], [ -62.504570666541703, -31.62195197445147 ], [ -62.504526340460338, -31.621959922458633 ], [ -62.50450097848438, -31.621970650692479 ], [ -62.504481899625596, -31.621989523278618 ], [ -62.504481823128152, -31.622003958497459 ], [ -62.504434276558968, -31.622022720612922 ], [ -62.50437095761869, -31.622033301520428 ], [ -62.504260206838588, -31.622040991618988 ], [ -62.504175858085432, -31.622040664155055 ], [ -62.504131574990581, -31.6220404922142 ], [ -62.504042965734016, -31.622048268096414 ], [ -62.503992299049798, -31.622058897951831 ], [ -62.50395424159494, -31.622077696743244 ], [ -62.503954165015784, -31.62209213196072 ], [ -62.503906618298387, -31.622110893877899 ], [ -62.50384329924222, -31.622121474522412 ], [ -62.50373254832062, -31.622129164161716 ], [ -62.503648199494684, -31.622128836348466 ], [ -62.503537448550681, -31.622136525818298 ], [ -62.503474129437919, -31.622147106279108 ], [ -62.5034265825986, -31.622165868016115 ], [ -62.503426505937732, -31.622180303232238 ], [ -62.503378959072137, -31.622199064951143 ], [ -62.503315639900094, -31.622209645332635 ], [ -62.503204888836997, -31.622217334512687 ], [ -62.50312053993828, -31.622217006350116 ], [ -62.503009788852793, -31.622224695360689 ], [ -62.502946469624163, -31.622235275558481 ], [ -62.502898922636653, -31.622254037097218 ], [ -62.502898845894052, -31.622268472311987 ], [ -62.502851298880266, -31.622287233832608 ], [ -62.502787979592348, -31.622297813951089 ], [ -62.502677228387775, -31.622305502671889 ], [ -62.502592879416284, -31.622305174159976 ], [ -62.502482128189328, -31.622312862711304 ], [ -62.502418808844823, -31.622323442646074 ], [ -62.502371261709122, -31.622342203986527 ], [ -62.502371184884794, -31.62235663919995 ], [ -62.502323637722824, -31.622375400522291 ], [ -62.502260318319045, -31.622385980377754 ], [ -62.502149566972996, -31.62239366863928 ], [ -62.502065217928745, -31.622393339778043 ], [ -62.501954466560321, -31.622401027870101 ], [ -62.501891147099954, -31.622411607541867 ], [ -62.501843599816063, -31.622430368684036 ], [ -62.501843522910022, -31.622444803896087 ], [ -62.501795975599848, -31.622463565020137 ], [ -62.501732656080208, -31.6224741446126 ], [ -62.501621904592703, -31.622481832414852 ], [ -62.501537555475707, -31.622481503204291 ], [ -62.501426803965828, -31.622489190837083 ], [ -62.501363484389614, -31.622499770245817 ], [ -62.501315936957546, -31.622518531189705 ], [ -62.501315859969779, -31.622532966400392 ], [ -62.501268312511414, -31.622551727326176 ], [ -62.501204992875927, -31.622562306655585 ], [ -62.501094241246975, -31.622569993998589 ], [ -62.501009892057233, -31.622569664438686 ], [ -62.500899140405899, -31.622577351612215 ], [ -62.500835820713839, -31.622587930757923 ], [ -62.500788273133587, -31.622606691503524 ], [ -62.5007881960641, -31.622621126712854 ], [ -62.500750137748071, -31.622639924538682 ], [ -62.500699470386415, -31.622650553079453 ], [ -62.50061086029919, -31.622658326570502 ], [ -62.500543380888523, -31.622658062670972 ], [ -62.500454770782724, -31.622665836053493 ], [ -62.500404103375061, -31.622676464476541 ], [ -62.500366044960757, -31.62269526218671 ], [ -62.500365967825815, -31.62270969739491 ], [ -62.500318420091496, -31.622728457963568 ], [ -62.500255100235229, -31.62273903681935 ], [ -62.500144348330302, -31.622746723335332 ], [ -62.500059998993365, -31.622746393146379 ], [ -62.49994924706607, -31.622754079492875 ], [ -62.499885927153237, -31.62276465816494 ], [ -62.499838379297024, -31.622783418553425 ], [ -62.499838302080356, -31.622797853760265 ], [ -62.499790754197861, -31.622816614130635 ], [ -62.499727434225754, -31.622827192723378 ], [ -62.499616682179415, -31.622834878780079 ], [ -62.499532332769761, -31.622834548241787 ], [ -62.499421580701046, -31.622842234129003 ], [ -62.499358260672381, -31.622852812538031 ], [ -62.499310712668006, -31.622871572728222 ], [ -62.499310635369611, -31.622886007933683 ], [ -62.499263087338953, -31.622904768105769 ], [ -62.499199767251014, -31.62291534643548 ], [ -62.499089015063262, -31.62292303203289 ], [ -62.499004665580898, -31.622922701145253 ], [ -62.498893913370793, -31.622930386573206 ], [ -62.498830593226309, -31.622940964719195 ], [ -62.498783045073758, -31.622959724711087 ], [ -62.498782967693636, -31.622974159915181 ], [ -62.498744908838233, -31.622992957136677 ], [ -62.498694241068037, -31.623003584876898 ], [ -62.498605630498872, -31.623011356970874 ], [ -62.498538150854131, -31.623011092009151 ], [ -62.498449627377084, -31.623002624390928 ], [ -62.49839907572899, -31.622991599208817 ], [ -62.498361220084881, -31.622972503906812 ], [ -62.498361297530117, -31.622958068703642 ], [ -62.49835190985948, -31.622939085223265 ], [ -62.498339315522678, -31.622928209118239 ], [ -62.498317217351442, -31.622920002333846 ], [ -62.498300347457409, -31.622919936058821 ], [ -62.498278380001707, -31.62288736986245 ], [ -62.498265959964634, -31.622844014543045 ], [ -62.498256877326689, -31.622768192442585 ], [ -62.49825718716923, -31.622710451628791 ], [ -62.498248104549845, -31.622634629526342 ], [ -62.498235684558743, -31.622591274202758 ], [ -62.498213717201331, -31.622558707994639 ], [ -62.498196847372739, -31.622558641706618 ], [ -62.498174880036451, -31.622526075491869 ], [ -62.498162460093113, -31.622482720160939 ], [ -62.498153377570141, -31.622406898050095 ], [ -62.498153687472218, -31.622349157233945 ], [ -62.498144604967791, -31.622273335121083 ], [ -62.498132185070446, -31.622229979785992 ], [ -62.498110217832426, -31.62219741355948 ], [ -62.49809334806929, -31.622197347258471 ], [ -62.498071380852387, -31.622164781025333 ], [ -62.498058961002805, -31.622121425682888 ], [ -62.498049878594784, -31.622045603561642 ], [ -62.498050188556405, -31.62198786274314 ], [ -62.498041106166937, -31.621912040619872 ], [ -62.498028686363327, -31.621868685273277 ], [ -62.498006719244707, -31.621836119028391 ], [ -62.497989849547011, -31.621836052714375 ], [ -62.497967969639724, -31.621787246857306 ], [ -62.497955666142062, -31.621722238695689 ], [ -62.497946787303185, -31.621608524149778 ], [ -62.497947252332821, -31.621521912917252 ], [ -62.497938373519744, -31.621408198367494 ], [ -62.497926070088823, -31.621343190199926 ], [ -62.497904190326643, -31.621294384329705 ], [ -62.497887320726953, -31.621294318003169 ], [ -62.497865397393092, -31.621253631929612 ], [ -62.49785303589308, -31.621199450158713 ], [ -62.497844055475483, -31.621104681806411 ], [ -62.497844443071997, -31.621032505774842 ], [ -62.497835462676747, -31.620937737419709 ], [ -62.497823101233273, -31.62088355564385 ], [ -62.497801178021284, -31.620842869557965 ], [ -62.497784308503306, -31.620842803218661 ], [ -62.497762385317586, -31.620802117126136 ], [ -62.497750023933371, -31.620747935342688 ], [ -62.497741043657136, -31.620653166977998 ], [ -62.497741431326325, -31.620580990942443 ], [ -62.497732451072416, -31.620486222574936 ], [ -62.497720089744739, -31.620432040786532 ], [ -62.497698166680884, -31.620391354681662 ], [ -62.49768129724464, -31.620391288329589 ], [ -62.497659330587602, -31.620358722022313 ], [ -62.497646911157602, -31.620315366632063 ], [ -62.497637829238705, -31.620239544465424 ], [ -62.497638139432887, -31.620181803634221 ], [ -62.497629057532542, -31.620105981465581 ], [ -62.497616638148521, -31.620062626071174 ], [ -62.497594671589738, -31.620030059752143 ], [ -62.497577802218935, -31.620029993387075 ], [ -62.497555835681268, -31.619997427061417 ], [ -62.49754341634501, -31.619954071659659 ], [ -62.497534334541044, -31.619878249482607 ], [ -62.497534644794769, -31.619820508649067 ], [ -62.497525563009361, -31.619744686470035 ], [ -62.497513143719054, -31.619701331064107 ], [ -62.497491177279663, -31.619668764726701 ], [ -62.497474307974301, -31.619668698348637 ], [ -62.49745234155602, -31.619636132004601 ], [ -62.497439922313475, -31.619592776591336 ], [ -62.497430840624453, -31.619516954403895 ], [ -62.497431150937686, -31.619459213567996 ], [ -62.497422069267216, -31.619383391378566 ], [ -62.497409650070644, -31.619340035961137 ], [ -62.497387683750624, -31.619307469605349 ], [ -62.497370814510688, -31.619307403214304 ], [ -62.497348848211786, -31.619274836851876 ], [ -62.497336429062976, -31.619231481427093 ], [ -62.497327347488891, -31.619155659229271 ], [ -62.497327657861653, -31.61909791839102 ], [ -62.497318576306114, -31.619022096191173 ], [ -62.497306157203255, -31.618978740762245 ], [ -62.497284191002606, -31.618946174388082 ], [ -62.497267321828112, -31.618946107984026 ], [ -62.49724535564858, -31.618913541603231 ], [ -62.497232936593484, -31.618870186166944 ], [ -62.49722385513433, -31.618794363958724 ], [ -62.497224165566607, -31.618736623118124 ], [ -62.497215084126012, -31.61866080090789 ], [ -62.49720266511688, -31.618617445467439 ], [ -62.497180699035589, -31.618584879074891 ], [ -62.497163829926542, -31.618584812657861 ], [ -62.497141863866382, -31.61855224625868 ], [ -62.497129444904999, -31.61850889081089 ], [ -62.497120363560775, -31.618433068592267 ], [ -62.497120674052567, -31.61837532774932 ], [ -62.497111592726895, -31.618299505528686 ], [ -62.497099173811471, -31.618256150076736 ], [ -62.49707720784955, -31.618223583665806 ], [ -62.497060338805952, -31.61822351723578 ], [ -62.497038416534814, -31.618182831012017 ], [ -62.497026055895695, -31.618128649144317 ], [ -62.49701707656758, -31.618033880700228 ], [ -62.497017464755849, -31.617961704643083 ], [ -62.497008485450067, -31.617866936196176 ], [ -62.496996124867465, -31.617812754323527 ], [ -62.496974202718171, -31.617772068087426 ], [ -62.496957333756285, -31.617772001644639 ], [ -62.496935367955416, -31.617739435208556 ], [ -62.496922949192623, -31.617696079737303 ], [ -62.496913868085556, -31.617620257496942 ], [ -62.496914178694993, -31.617562516648466 ], [ -62.496905097606486, -31.617486694406107 ], [ -62.496892678889658, -31.617443338930691 ], [ -62.496870713187029, -31.617410772482859 ], [ -62.496853844290563, -31.617410706027083 ], [ -62.496831878609065, -31.617378139572629 ], [ -62.496819459939971, -31.617334784089866 ], [ -62.496810378947835, -31.617258961839127 ], [ -62.496810689616787, -31.617201220988285 ], [ -62.496801608643182, -31.617125398735542 ], [ -62.49678919002006, -31.617082043248615 ], [ -62.496767224436788, -31.617049476782412 ], [ -62.496750355605762, -31.617049410313648 ], [ -62.496728433738205, -31.617008724033482 ], [ -62.496716073424579, -31.616954542129346 ], [ -62.496707094506661, -31.61685977365056 ], [ -62.496707482916349, -31.616787597583553 ], [ -62.496698504020763, -31.61669282910194 ], [ -62.496686143763661, -31.616638647192854 ], [ -62.496664222017927, -31.616597960900368 ], [ -62.4966473532686, -31.616597894418835 ], [ -62.496625431549127, -31.616557208119708 ], [ -62.496613071351263, -31.616503026203031 ], [ -62.49660409257465, -31.616408257711853 ], [ -62.496604481056977, -31.616336081640895 ], [ -62.496595502302689, -31.616241313146894 ], [ -62.496583142161334, -31.616187131225274 ], [ -62.496561220563699, -31.616146444913806 ], [ -62.496544351896077, -31.616146378419522 ], [ -62.496522430324703, -31.616105692101414 ], [ -62.496510070242586, -31.616051510172198 ], [ -62.496501091607264, -31.615956741668644 ], [ -62.49650148016223, -31.615884565593721 ], [ -62.496492501549241, -31.615789797087341 ], [ -62.496480141523648, -31.615735615153177 ], [ -62.496458220074089, -31.615694928822741 ], [ -62.496441351488166, -31.615694862315703 ], [ -62.496419473783952, -31.615646056169954 ], [ -62.496407172111958, -31.615581047816484 ], [ -62.496398295634144, -31.615467333079614 ], [ -62.496398761986221, -31.61538072178433 ], [ -62.49639998615087, -31.615153367128585 ], [ -62.496355706369727, -31.615153192525316 ], [ -62.49633883788178, -31.615153126005751 ], [ -62.496317004081028, -31.615096200030944 ], [ -62.496304760851217, -31.615020365251109 ], [ -62.496295986574701, -31.614887704276907 ], [ -62.496296530750158, -31.614786657758039 ], [ -62.496287756502504, -31.614653996778792 ], [ -62.496275513349218, -31.614578161991741 ], [ -62.496253679716403, -31.614521236002819 ], [ -62.49623681134269, -31.614521169470965 ], [ -62.496214802806961, -31.614496722714925 ], [ -62.496202326473814, -31.614464193572868 ], [ -62.496193144176083, -31.614407317475681 ], [ -62.496193377437713, -31.614364011822353 ], [ -62.496203172031258, -31.614307210579355 ], [ -62.496215998220244, -31.614274781240898 ], [ -62.496238269099685, -31.614250509135868 ], [ -62.496255137424598, -31.614250575667025 ], [ -62.496277426595235, -31.614222904204237 ], [ -62.496290277155381, -31.614185942389899 ], [ -62.496300114384468, -31.614121209318679 ], [ -62.496300380138223, -31.614071860372459 ], [ -62.496301077738742, -31.61394231938678 ], [ -62.496290977485678, -31.613944146704686 ], [ -62.496174801431138, -31.613965164985178 ], [ -62.496126696155322, -31.613973868037228 ], [ -62.49600041976489, -31.613996713462189 ], [ -62.495949277918314, -31.61402909046252 ] ], [ [ -62.506933289461379, -31.616998907097891 ], [ -62.506932792804712, -31.617093111420676 ], [ -62.506930064282358, -31.617087243592209 ], [ -62.506860410335136, -31.61699862571573 ], [ -62.506933289461379, -31.616998907097891 ] ] ] } },
{ "type": "Feature", "properties": { "zona": "6", "zona_id": "6" }, "geometry": { "type": "MultiPolygon", "coordinates": [ [ [ [ -62.50608314047593, -31.616818612609716 ], [ -62.506081947259787, -31.616818857786704 ], [ -62.506075543627247, -31.616820173577754 ], [ -62.505974077865105, -31.616809977136988 ], [ -62.505935424247546, -31.616806092757457 ], [ -62.505833958517506, -31.616795896205652 ], [ -62.505566377952796, -31.616855629983604 ], [ -62.505515410188266, -31.61686700778203 ], [ -62.505464442411586, -31.616878385559996 ], [ -62.505196861384974, -31.61693811855811 ], [ -62.50515035637531, -31.616822046741309 ], [ -62.505132640211059, -31.61677782890164 ], [ -62.505086135358354, -31.616661757060175 ], [ -62.505135831201166, -31.616534203092744 ], [ -62.505148304945287, -31.616502186762951 ], [ -62.505154762914579, -31.616485611099016 ], [ -62.505204458567192, -31.616358057099443 ], [ -62.50512288967505, -31.616066629446056 ], [ -62.505091815941938, -31.615955609371799 ], [ -62.505010247735214, -31.615664181635363 ], [ -62.504852100089387, -31.614944705364067 ], [ -62.504791853987463, -31.614670619099279 ], [ -62.504633709598117, -31.61395114248046 ], [ -62.504530108909179, -31.613821937162783 ], [ -62.504490642055011, -31.613772716067341 ], [ -62.504387041759514, -31.613643510634066 ], [ -62.504397963911941, -31.613453408348001 ], [ -62.504402124718808, -31.613380988427636 ], [ -62.504413046802448, -31.613190886131839 ], [ -62.5043598806188, -31.612948422521953 ], [ -62.504345668854924, -31.612883609767618 ], [ -62.504339626904823, -31.61285605542497 ], [ -62.504286461090047, -31.612613591775759 ], [ -62.50420901913958, -31.612592722234588 ], [ -62.504194268295855, -31.612588747078597 ], [ -62.504179517453416, -31.612584771920901 ], [ -62.504102075551486, -31.612563902315298 ], [ -62.503246296154643, -31.612704844621465 ], [ -62.502920284297936, -31.612758535412471 ], [ -62.502064501447137, -31.612899469759146 ], [ -62.49973252424531, -31.613321458315635 ], [ -62.498844146594898, -31.613482204596394 ], [ -62.496611148215187, -31.613886221621506 ], [ -62.496512141134446, -31.613904134012778 ], [ -62.496511967532498, -31.613936384682418 ], [ -62.496511901398343, -31.613948670651759 ], [ -62.49652130300138, -31.613964833389922 ], [ -62.496533904608476, -31.613974097737046 ], [ -62.496556007023266, -31.613981095864574 ], [ -62.496572875300402, -31.613981162353255 ], [ -62.496594971213248, -31.613989369427294 ], [ -62.496607564155745, -31.61400024570484 ], [ -62.496616950599012, -31.614019229326885 ], [ -62.496616872911609, -31.614033664546412 ], [ -62.496626259360049, -31.614052648167718 ], [ -62.496638852314632, -31.614063524442205 ], [ -62.496660948252789, -31.614071731504978 ], [ -62.496677816546544, -31.614071797979982 ], [ -62.496699781413938, -31.614104364469078 ], [ -62.4967121996198, -31.614147719980291 ], [ -62.496721280266144, -31.614223542270878 ], [ -62.496720969578128, -31.614281283147857 ], [ -62.496739538687301, -31.614357142824076 ], [ -62.496764608208501, -31.614400548178146 ], [ -62.496808712903423, -31.61443320187886 ], [ -62.49684244962215, -31.614433334788956 ], [ -62.496886772742258, -31.614425389409135 ], [ -62.496912133511742, -31.614414662662572 ], [ -62.496931212315111, -31.61439579118478 ], [ -62.4969312899551, -31.614381355965364 ], [ -62.496940880302617, -31.614362447112519 ], [ -62.496953589790145, -31.614351670527022 ], [ -62.496975773161537, -31.614343637913933 ], [ -62.496992641505152, -31.614343704347856 ], [ -62.497014737541058, -31.614351911350084 ], [ -62.497027330581169, -31.614362787586661 ], [ -62.49703671714542, -31.614381771178039 ], [ -62.497036639521689, -31.614396206397696 ], [ -62.497046026091098, -31.614415189988335 ], [ -62.497058619143303, -31.614426066221846 ], [ -62.497080715204511, -31.614434273212808 ], [ -62.497097583564752, -31.614434339633046 ], [ -62.497119810600033, -31.614418187184029 ], [ -62.49713257828158, -31.614396584165803 ], [ -62.497142270449892, -31.614358729071341 ], [ -62.49714242566445, -31.61432985863139 ], [ -62.497161606259787, -31.614292040891868 ], [ -62.497187025162297, -31.614270487674634 ], [ -62.497231391823675, -31.61425442236246 ], [ -62.497265128480116, -31.614254555160237 ], [ -62.49730927692363, -31.61427908887843 ], [ -62.497334404873605, -31.614311667708389 ], [ -62.497353076304279, -31.614368581073595 ], [ -62.497352843579542, -31.614411886734612 ], [ -62.497362026584078, -31.614468762755759 ], [ -62.497374503322767, -31.614501291788709 ], [ -62.497396512165523, -31.614525738348064 ], [ -62.497413380543065, -31.614525804726775 ], [ -62.497435476659717, -31.614534011656811 ], [ -62.497448069773561, -31.61454488785235 ], [ -62.497457456441389, -31.614563871413349 ], [ -62.497457378882054, -31.614578306633515 ], [ -62.497466765555046, -31.614597290193785 ], [ -62.497479358680984, -31.614608166386255 ], [ -62.497501454822945, -31.614616373305036 ], [ -62.497518323217115, -31.614616439670051 ], [ -62.497540375744506, -31.614632766393512 ], [ -62.497552910725197, -31.614654468993969 ], [ -62.497562195649259, -31.614692398773705 ], [ -62.49756204056208, -31.614721269213874 ], [ -62.497571325496104, -31.614759198992676 ], [ -62.497583860500548, -31.614780901589896 ], [ -62.497605913077912, -31.614797228302148 ], [ -62.497622781504973, -31.614797294653702 ], [ -62.49764487770431, -31.61480550154802 ], [ -62.497657470878899, -31.614816377723091 ], [ -62.497666857615926, -31.614835361268621 ], [ -62.497666780088068, -31.614849796488645 ], [ -62.497638212840144, -31.614868630754863 ], [ -62.497600200696645, -31.61487930787986 ], [ -62.497533737586416, -31.614887166406408 ], [ -62.497483132257493, -31.614886967309271 ], [ -62.497416669132832, -31.614894825774741 ], [ -62.497378656954304, -31.614905502833366 ], [ -62.497350089632086, -31.614924337034196 ], [ -62.497350012055087, -31.614938772253314 ], [ -62.497321444716931, -31.614957606447476 ], [ -62.497283432502321, -31.614968283477285 ], [ -62.497216969304489, -31.61497614183795 ], [ -62.497166363929885, -31.614975942614798 ], [ -62.497099900717629, -31.61498380091437 ], [ -62.497061888467961, -31.614994477877826 ], [ -62.497033321055547, -31.615013312006592 ], [ -62.497033243429392, -31.615027747224808 ], [ -62.497023653030304, -31.615046656082093 ], [ -62.497010943455173, -31.615057432672501 ], [ -62.49698875991654, -31.615065465289057 ], [ -62.496971891442762, -31.615065398853268 ], [ -62.49694970789897, -31.615073431462982 ], [ -62.496936998311739, -31.615084208045857 ], [ -62.496927407887348, -31.615103116895504 ], [ -62.496927330244581, -31.615117552113261 ], [ -62.496965182433009, -31.615136647827512 ], [ -62.49701572967107, -31.61514767354468 ], [ -62.497104245578726, -31.61515614208832 ], [ -62.497171719540972, -31.615156407748902 ], [ -62.497260322763033, -31.615148636563955 ], [ -62.497310986419549, -31.615138009336935 ], [ -62.497349042337873, -31.615119212489383 ], [ -62.497349119915569, -31.615104777270687 ], [ -62.497358710255334, -31.615085868388501 ], [ -62.497371419794788, -31.615075091763153 ], [ -62.497393603303813, -31.615067059079816 ], [ -62.49741047177897, -31.615067125459923 ], [ -62.497432568022582, -31.615075332391104 ], [ -62.497445161208063, -31.615086208586771 ], [ -62.497454547928065, -31.615105192146945 ], [ -62.497454470366634, -31.615119627365868 ], [ -62.497463857091788, -31.615138610925317 ], [ -62.497476450289383, -31.615149487117911 ], [ -62.497498546558298, -31.61515769403784 ], [ -62.497515415050074, -31.615157760404248 ], [ -62.497537642187929, -31.615141607885381 ], [ -62.497550409874698, -31.615120004827844 ], [ -62.497560101953496, -31.615082149704961 ], [ -62.49756025704346, -31.615053279266434 ], [ -62.497569949110989, -31.6150154241423 ], [ -62.497582716772691, -31.614993821080848 ], [ -62.497604943859727, -31.614977668549322 ], [ -62.497621812319331, -31.614977734901341 ], [ -62.497643908560988, -31.614985941796046 ], [ -62.497656501759458, -31.61499681797115 ], [ -62.497665888513865, -31.615015801516403 ], [ -62.497665810985325, -31.615030236736011 ], [ -62.49767519774489, -31.615049220280536 ], [ -62.49768779095546, -31.615060096452588 ], [ -62.497709887222427, -31.615068303336034 ], [ -62.497726755698643, -31.615068369674358 ], [ -62.497748851971068, -31.615076576551115 ], [ -62.497761445193937, -31.615087452715986 ], [ -62.497770831978592, -31.615106436253573 ], [ -62.497770754465982, -31.615120871473202 ], [ -62.497761164205393, -31.615139780387068 ], [ -62.497748454701394, -31.61515055705145 ], [ -62.497726271202062, -31.61515858979643 ], [ -62.497709402709589, -31.615158523457865 ], [ -62.497687219205105, -31.615166556195994 ], [ -62.497674509689006, -31.615177332852859 ], [ -62.497664919403114, -31.615196241759069 ], [ -62.497664841873871, -31.615210676978268 ], [ -62.497683717185012, -31.61522969784091 ], [ -62.49770896180101, -31.615240623767619 ], [ -62.497753198030153, -31.615248917713011 ], [ -62.497786935048005, -31.615249050376683 ], [ -62.497831345671685, -31.61522486505136 ], [ -62.497856822803037, -31.615192485290287 ], [ -62.497876105007037, -31.615135721221421 ], [ -62.497876337496081, -31.615092415561836 ], [ -62.497886131151972, -31.615035614186365 ], [ -62.497898956863324, -31.615003184677526 ], [ -62.497921227486337, -31.614978912279042 ], [ -62.497938095946971, -31.614978978589292 ], [ -62.497960192217462, -31.614987185429573 ], [ -62.497972785453321, -31.614998061573875 ], [ -62.49798217227238, -31.615017045096554 ], [ -62.497982094792654, -31.615031480316865 ], [ -62.497991481616864, -31.615050463838791 ], [ -62.498004074864824, -31.615061339980048 ], [ -62.498026171160618, -31.615069546809057 ], [ -62.498043039637871, -31.615069613105621 ], [ -62.498065092363881, -31.615085939739394 ], [ -62.4980776275263, -31.615107642288713 ], [ -62.498086912706071, -31.615145572030311 ], [ -62.498086757778111, -31.615174442470746 ], [ -62.498096042967838, -31.615212372211406 ], [ -62.49810857815401, -31.615234074757502 ], [ -62.498130630929992, -31.615250401380042 ], [ -62.498147499440144, -31.615250467663152 ], [ -62.498169508660339, -31.615274914090392 ], [ -62.498181985784541, -31.615307443044426 ], [ -62.498191169374323, -31.615364319004172 ], [ -62.498190937028582, -31.615407624664005 ], [ -62.498181143515289, -31.615464426061084 ], [ -62.498168317835855, -31.61549685559627 ], [ -62.498146047151103, -31.615521128035255 ], [ -62.498129178592151, -31.615521061751458 ], [ -62.49810699503626, -31.615529094561527 ], [ -62.498094285518079, -31.615539871259532 ], [ -62.498084695278386, -31.615558780196697 ], [ -62.498084617812836, -31.61557321541601 ], [ -62.498094004710772, -31.61559219892959 ], [ -62.498106598042853, -31.615603075060694 ], [ -62.498128694475206, -31.615611281872699 ], [ -62.498145563050429, -31.615611348156733 ], [ -62.498167659488239, -31.615619554962052 ], [ -62.498180252832618, -31.615630431085965 ], [ -62.498189639755644, -31.615649414592621 ], [ -62.498189562306017, -31.615663849811952 ], [ -62.498198949234194, -31.615682833317877 ], [ -62.498211542590674, -31.615693709438723 ], [ -62.498233639053794, -31.61570191623278 ], [ -62.498250507645643, -31.615701982503115 ], [ -62.498272691230781, -31.615693949668646 ], [ -62.498285400749857, -31.61568317295314 ], [ -62.498294990962293, -31.615664264000998 ], [ -62.498295068395649, -31.615649828781422 ], [ -62.498304658602628, -31.615630919828394 ], [ -62.498317368109404, -31.615620143109474 ], [ -62.498339551669453, -31.615612110263019 ], [ -62.498356420245358, -31.61561217651921 ], [ -62.498378647349178, -31.615596023854721 ], [ -62.498391414906401, -31.615574420713269 ], [ -62.498401106695418, -31.615536565526202 ], [ -62.498401261528542, -31.615507695086002 ], [ -62.498391976187108, -31.615469765367703 ], [ -62.498379440903953, -31.615448062849183 ], [ -62.498357388037817, -31.615431736269173 ], [ -62.498340519494441, -31.615431670013447 ], [ -62.498318510192824, -31.615407223615435 ], [ -62.498306033008113, -31.615374694674614 ], [ -62.498296849347447, -31.615317818722481 ], [ -62.498297081643337, -31.61527451306134 ], [ -62.498306875064799, -31.61521771165274 ], [ -62.498319700656729, -31.615185282101312 ], [ -62.498341971215638, -31.615161009629478 ], [ -62.4983588397102, -31.615161075884497 ], [ -62.498380936061437, -31.615169282652573 ], [ -62.498393529371036, -31.615180158755845 ], [ -62.498402916293678, -31.615199142248148 ], [ -62.498402838878327, -31.615213577468971 ], [ -62.498421714341688, -31.615232598224118 ], [ -62.498446959046753, -31.615243524005841 ], [ -62.498491195346354, -31.615251817696308 ], [ -62.498524932369051, -31.615251950165064 ], [ -62.498569255743476, -31.615244004204914 ], [ -62.498594616548061, -31.615233277125938 ], [ -62.498613695184872, -31.615214405397424 ], [ -62.49861377256768, -31.615199970176125 ], [ -62.498623362663132, -31.615181061196687 ], [ -62.498636072071768, -31.615170284444272 ], [ -62.498658255497979, -31.6151622515405 ], [ -62.498675123993586, -31.615162317753757 ], [ -62.498697220373657, -31.615170524467409 ], [ -62.49870981372063, -31.615181400539875 ], [ -62.498719200707924, -31.615200384009601 ], [ -62.498719123341395, -31.61521481923111 ], [ -62.498728510333841, -31.6152338027001 ], [ -62.498741103692929, -31.6152446787695 ], [ -62.498763200098288, -31.615252885471889 ], [ -62.498780068610522, -31.615252951671454 ], [ -62.498802165021338, -31.61526115836714 ], [ -62.498814758392726, -31.615272034429378 ], [ -62.498824145410275, -31.615291017891419 ], [ -62.498824068059655, -31.615305453112974 ], [ -62.498814477991452, -31.615324362107394 ], [ -62.498801768581927, -31.615335138877306 ], [ -62.498779585126464, -31.615343171805485 ], [ -62.498762716597973, -31.615343105605689 ], [ -62.498740533137358, -31.615351138527025 ], [ -62.498727823715747, -31.615361915289398 ], [ -62.498718233622228, -31.615380824276176 ], [ -62.498718156254988, -31.615395259497291 ], [ -62.498708566156019, -31.615414168483188 ], [ -62.498695856722094, -31.61542494524214 ], [ -62.498673673236397, -31.615432978151496 ], [ -62.498656804691969, -31.615432911937546 ], [ -62.498634621201106, -31.61544094484006 ], [ -62.498621911755095, -31.615451721591487 ], [ -62.498612321630809, -31.615470630569728 ], [ -62.498612244246956, -31.615485065790413 ], [ -62.498631119807335, -31.615504086514811 ], [ -62.498656364610284, -31.615515012255702 ], [ -62.49870060105755, -31.61552330587481 ], [ -62.498734338179268, -31.615523438289259 ], [ -62.498778574637804, -31.615531731881482 ], [ -62.498803819465806, -31.61554265759343 ], [ -62.49882269507701, -31.61556167828989 ], [ -62.498822617725359, -31.615576113510823 ], [ -62.498832004774144, -31.615595096971706 ], [ -62.498844598193458, -31.615605973030934 ], [ -62.498866694693064, -31.615614179715941 ], [ -62.498883563270716, -31.615614245902513 ], [ -62.498905572769374, -31.61563869220441 ], [ -62.498918050197346, -31.615671221087844 ], [ -62.498927234268066, -31.61572809699647 ], [ -62.498927002259833, -31.615771402658726 ], [ -62.498936186344991, -31.615828278565953 ], [ -62.498948663808001, -31.615860807445817 ], [ -62.498970673380946, -31.61588525373633 ], [ -62.498987542007761, -31.615885319909669 ], [ -62.499009464607269, -31.615926005816689 ], [ -62.499021826125251, -31.615980187519988 ], [ -62.499030807319279, -31.616074955872609 ], [ -62.499030420713304, -31.616147131973413 ], [ -62.499010936013221, -31.616241788664855 ], [ -62.498985342994111, -31.616295821481529 ], [ -62.498940845147992, -31.616336246823806 ], [ -62.498907107732009, -31.616336114460875 ], [ -62.498862740357595, -31.61635218034268 ], [ -62.498837321263906, -31.616373733884529 ], [ -62.498818140903673, -31.616411551866044 ], [ -62.498817986193771, -31.616440422303992 ], [ -62.498836760461742, -31.616478389222426 ], [ -62.498861947539382, -31.616500141338211 ], [ -62.498906140965943, -31.616516554700549 ], [ -62.498939878446997, -31.616516687064404 ], [ -62.498984028397473, -31.616541220210696 ], [ -62.499009157532079, -31.616573798712047 ], [ -62.499027830417411, -31.616630711827614 ], [ -62.499027598447569, -31.616674017484403 ], [ -62.499017805297974, -31.616730818938336 ], [ -62.499004979727552, -31.616763248552331 ], [ -62.49898270895163, -31.616787521131542 ], [ -62.4989658401621, -31.616787454955865 ], [ -62.498943612872189, -31.616803607717657 ], [ -62.498930845269875, -31.616825210909731 ], [ -62.498921153553759, -31.616863066130239 ], [ -62.498920998872926, -31.616891936566596 ], [ -62.498930284562469, -31.616929866241733 ], [ -62.498942820167926, -31.616951568704529 ], [ -62.498964873492312, -31.616967895184388 ], [ -62.498981742314371, -31.616967961360515 ], [ -62.499003926140354, -31.616959928403087 ], [ -62.499016635750323, -31.616949151617845 ], [ -62.499026225949144, -31.616930242614348 ], [ -62.499026303273467, -31.616915807396008 ], [ -62.499035893466832, -31.616896898391634 ], [ -62.499048603064495, -31.616886121602995 ], [ -62.499070786865389, -31.616878088633573 ], [ -62.499087655671524, -31.61687815479555 ], [ -62.499109752492046, -31.616886361440219 ], [ -62.49912234611579, -31.616897237471992 ], [ -62.499131733354531, -31.616916220908962 ], [ -62.49913165604648, -31.616930656127519 ], [ -62.499141043290372, -31.616949639563757 ], [ -62.499153636926216, -31.616960515592474 ], [ -62.499175733772056, -31.616968722225881 ], [ -62.499192602594817, -31.616968788374159 ], [ -62.499214699446114, -31.616976995000865 ], [ -62.499227293094258, -31.616987871022406 ], [ -62.499236680363239, -31.617006854451706 ], [ -62.499236603071118, -31.617021289670291 ], [ -62.499208035464818, -31.617040124277654 ], [ -62.499170022607785, -31.617050801858934 ], [ -62.499103558072065, -31.61705866118508 ], [ -62.499052951556031, -31.617058462697763 ], [ -62.498986487005872, -31.617066321962813 ], [ -62.498948474113789, -31.617076999477732 ], [ -62.498919906433208, -31.617095834019711 ], [ -62.498919829091925, -31.617110269237379 ], [ -62.498910238852716, -31.617129178231949 ], [ -62.49889752920587, -31.617139955005904 ], [ -62.498875345328095, -31.617147987944094 ], [ -62.498858476473842, -31.617147921753585 ], [ -62.498836379614502, -31.61713971506536 ], [ -62.498823785992165, -31.617128839005794 ], [ -62.498814398795538, -31.617109855547248 ], [ -62.498814476153093, -31.617095420329811 ], [ -62.498805088961618, -31.61707643687053 ], [ -62.498792495351381, -31.617065560807898 ], [ -62.498770398517344, -31.617057354108425 ], [ -62.498753529679718, -31.617057287904213 ], [ -62.498731345809638, -31.617065320817559 ], [ -62.498718636151217, -31.617076097573708 ], [ -62.498709045875152, -31.617095006552884 ], [ -62.498708968501319, -31.617109441770094 ], [ -62.498699378219797, -31.617128350748388 ], [ -62.49868666854907, -31.617139127501098 ], [ -62.498664484653894, -31.617147160402485 ], [ -62.49864761580033, -31.617147094184116 ], [ -62.498625606020362, -31.617122647840528 ], [ -62.49861312850804, -31.617090118934939 ], [ -62.498603944506669, -31.617033243016429 ], [ -62.498604176675926, -31.616989937364892 ], [ -62.498594992688993, -31.616933061445017 ], [ -62.498582515211716, -31.61690053253583 ], [ -62.498560505506035, -31.616876086180849 ], [ -62.498543636701633, -31.616876019949267 ], [ -62.498521627011876, -31.616851573587677 ], [ -62.498509149570701, -31.616819044671288 ], [ -62.498499965656947, -31.616762168743833 ], [ -62.498500197871891, -31.616718863091137 ], [ -62.498491013972576, -31.616661987162328 ], [ -62.498478536566438, -31.616629458242357 ], [ -62.498456526950974, -31.616605011869375 ], [ -62.498439658195728, -31.616604945624566 ], [ -62.498417779237684, -31.616556139814971 ], [ -62.498405476063233, -31.616491131647493 ], [ -62.498396597083122, -31.616377417039441 ], [ -62.498397061601253, -31.616290805729903 ], [ -62.498388182646934, -31.616177091118015 ], [ -62.498375879539211, -31.616112082944586 ], [ -62.498354000726245, -31.616063277121853 ], [ -62.498337132068976, -31.616063210864507 ], [ -62.498315035511602, -31.616055004087837 ], [ -62.498302442094896, -31.616044127977172 ], [ -62.498293055110388, -31.616025144479323 ], [ -62.498293132545122, -31.616010709260575 ], [ -62.498302722790541, -31.615991800309146 ], [ -62.498315432347155, -31.615981023591544 ], [ -62.498337615993414, -31.615972990746766 ], [ -62.498354484634412, -31.615973057003888 ], [ -62.498376668275512, -31.615965024152263 ], [ -62.498389377820033, -31.615954247427123 ], [ -62.498398968040128, -31.615935338468045 ], [ -62.498399045458264, -31.61592090324886 ], [ -62.498408635672902, -31.615901994288897 ], [ -62.498421345205124, -31.615891217560346 ], [ -62.498443528821127, -31.615883184696731 ], [ -62.498460397446209, -31.615883250939699 ], [ -62.498482493976319, -31.615891457691156 ], [ -62.498495087393913, -31.615902333784327 ], [ -62.498504474407689, -31.615921317267979 ], [ -62.498504397005824, -31.615935752487399 ], [ -62.498513784024745, -31.61595473597032 ], [ -62.498526377454439, -31.615965612060425 ], [ -62.498548474009873, -31.615973818800622 ], [ -62.498565342651553, -31.615973885029895 ], [ -62.498587526275266, -31.615965852141468 ], [ -62.498600235795905, -31.615955075395078 ], [ -62.498609825973695, -31.615936166419729 ], [ -62.498609903359274, -31.615921731200078 ], [ -62.498628982135436, -31.615902859472733 ], [ -62.498654343113088, -31.615892132384815 ], [ -62.498698666781301, -31.615884186383568 ], [ -62.498732404033191, -31.615884318799868 ], [ -62.49877672769145, -31.615876372771442 ], [ -62.498802088645341, -31.615865645653869 ], [ -62.498821167371538, -31.615846773897129 ], [ -62.498821244724233, -31.615832338676803 ], [ -62.498764414679542, -31.615813169032506 ], [ -62.498688563950289, -31.615802044687847 ], [ -62.49855576717389, -31.61579340339156 ], [ -62.498454555520034, -31.615793005976954 ], [ -62.498321671673196, -31.615800604059437 ], [ -62.498245704848436, -31.615811132281152 ], [ -62.498188671631333, -31.615829854831855 ], [ -62.498188594181023, -31.615844290050784 ], [ -62.498179003928207, -31.615863198993974 ], [ -62.498166294372261, -31.615873975698221 ], [ -62.498144110735318, -31.615882008513449 ], [ -62.498127242111295, -31.615881942228718 ], [ -62.4981050584692, -31.615889975037106 ], [ -62.498092348901153, -31.615900751733808 ], [ -62.498082758623035, -31.615919660669359 ], [ -62.498082681156092, -31.615934095887841 ], [ -62.498073090872509, -31.615953004822511 ], [ -62.498060381292163, -31.615963781515806 ], [ -62.498038197624972, -31.615971814312207 ], [ -62.498021328985018, -31.615971748013315 ], [ -62.497999232477639, -31.615963541182413 ], [ -62.497986639110259, -31.615952665040947 ], [ -62.497977252199092, -31.615933681520403 ], [ -62.4979773296823, -31.615919246302141 ], [ -62.497967942776285, -31.615900262780858 ], [ -62.497955349421005, -31.61588938663634 ], [ -62.497933252938928, -31.615881179794169 ], [ -62.497916384315594, -31.615881113481585 ], [ -62.497894200656106, -31.615889146253167 ], [ -62.497881491064177, -31.61589992292863 ], [ -62.497871900743746, -31.61591883184791 ], [ -62.49787182324426, -31.615933267065927 ], [ -62.497814789879875, -31.615951989447758 ], [ -62.497738822879128, -31.61596251736583 ], [ -62.497605938743703, -31.615970114700293 ], [ -62.497504726913377, -31.615969716531026 ], [ -62.497371930026027, -31.61596107400268 ], [ -62.497296079354484, -31.615949948831734 ], [ -62.497239249560941, -31.61593077851164 ], [ -62.497239327158042, -31.615916343295016 ], [ -62.497248917605432, -31.615897434424568 ], [ -62.497261627269012, -31.615886657812805 ], [ -62.497283810980669, -31.615878625151659 ], [ -62.497300679601921, -31.615878691547778 ], [ -62.497322950590444, -31.615854419260753 ], [ -62.497335776612587, -31.615821989815824 ], [ -62.497345570678903, -31.615765188492485 ], [ -62.497345803419314, -31.615721882840692 ], [ -62.497336620312481, -31.61566500682834 ], [ -62.497324143437531, -31.615632477796101 ], [ -62.497302134357568, -31.615608031225978 ], [ -62.497285265785123, -31.61560796483057 ], [ -62.497263082138112, -31.615615997492952 ], [ -62.497250372511928, -31.615626774105721 ], [ -62.497240782093364, -31.61564568297737 ], [ -62.497240704497308, -31.615660118194604 ], [ -62.497202648336021, -31.615678915005763 ], [ -62.497151984373915, -31.615689542185695 ], [ -62.49706338063087, -31.615697313289395 ], [ -62.496995906279508, -31.615697047567537 ], [ -62.496907389871517, -31.615688578944273 ], [ -62.496856842355406, -31.615677553182238 ], [ -62.496818989972219, -31.615658457435451 ], [ -62.496819067633361, -31.615644022219126 ], [ -62.49682865813655, -31.615625113380027 ], [ -62.496841367810511, -31.615614336809752 ], [ -62.496863551492297, -31.615606304220968 ], [ -62.496880420063349, -31.615606370672094 ], [ -62.496902691094029, -31.615582098457757 ], [ -62.496915517222611, -31.61554966905479 ], [ -62.496925311512825, -31.615492867763646 ], [ -62.49692554444534, -31.615449562112801 ], [ -62.496906873069292, -31.615392648695181 ], [ -62.496881744984393, -31.615360069785115 ], [ -62.496837596148914, -31.615335535919119 ], [ -62.496803859104787, -31.615335403004362 ], [ -62.496759666612711, -31.615318988921199 ], [ -62.496734480344116, -31.61529723639525 ], [ -62.496715707164256, -31.615259269172153 ], [ -62.496715862515927, -31.615230398738174 ], [ -62.496687600827741, -31.615192394120495 ], [ -62.496649763240846, -31.615170591721313 ], [ -62.496583430962531, -31.615154090321433 ], [ -62.496532825496573, -31.615153890846269 ], [ -62.496471677225898, -31.615153649787029 ], [ -62.49639998615087, -31.615153367128585 ], [ -62.496398761986221, -31.61538072178433 ], [ -62.496398295634144, -31.615467333079614 ], [ -62.496407172111958, -31.615581047816484 ], [ -62.496419473783952, -31.615646056169947 ], [ -62.496441351488166, -31.615694862315703 ], [ -62.496458220074089, -31.615694928822741 ], [ -62.496480141523648, -31.615735615153177 ], [ -62.496492501549241, -31.615789797087341 ], [ -62.49650148016223, -31.615884565593721 ], [ -62.496501091607264, -31.615956741668644 ], [ -62.496510070242586, -31.616051510172198 ], [ -62.496522430324703, -31.616105692101414 ], [ -62.496544351896077, -31.616146378419522 ], [ -62.496561220563699, -31.616146444913806 ], [ -62.496583142161349, -31.616187131225274 ], [ -62.496595502302689, -31.616241313146894 ], [ -62.496604481056977, -31.616336081640895 ], [ -62.49660409257465, -31.616408257711853 ], [ -62.496613071351263, -31.616503026203031 ], [ -62.496625431549127, -31.616557208119708 ], [ -62.4966473532686, -31.616597894418835 ], [ -62.496664222017927, -31.616597960900368 ], [ -62.496686143763661, -31.616638647192854 ], [ -62.496698504020763, -31.61669282910194 ], [ -62.496707482916349, -31.616787597583553 ], [ -62.496707094506661, -31.61685977365056 ], [ -62.496716073424579, -31.616954542129346 ], [ -62.496728433738205, -31.617008724033482 ], [ -62.496750355605762, -31.617049410313648 ], [ -62.496767224436788, -31.617049476782412 ], [ -62.49678919002006, -31.617082043248622 ], [ -62.496801608643182, -31.617125398735542 ], [ -62.496810689616787, -31.617201220988285 ], [ -62.496810378947835, -31.617258961839113 ], [ -62.496819459939971, -31.617334784089866 ], [ -62.496831878609065, -31.617378139572629 ], [ -62.496853844290563, -31.617410706027083 ], [ -62.496870713187029, -31.617410772482859 ], [ -62.496892678889658, -31.617443338930705 ], [ -62.496905097606486, -31.617486694406107 ], [ -62.496914178694993, -31.617562516648466 ], [ -62.496913868085556, -31.617620257496942 ], [ -62.496922949192623, -31.617696079737303 ], [ -62.496935367955416, -31.617739435208556 ], [ -62.496957333756285, -31.617772001644639 ], [ -62.496974202718171, -31.617772068087426 ], [ -62.496996124867465, -31.617812754323527 ], [ -62.497008485450067, -31.617866936196176 ], [ -62.497017464755849, -31.617961704643083 ], [ -62.49701707656758, -31.618033880700228 ], [ -62.497026055895695, -31.618128649144317 ], [ -62.497038416534814, -31.618182831012017 ], [ -62.497060338805952, -31.61822351723578 ], [ -62.49707720784955, -31.618223583665806 ], [ -62.497099173811485, -31.618256150076736 ], [ -62.497111592726895, -31.618299505528686 ], [ -62.497120674052567, -31.61837532774932 ], [ -62.497120363560775, -31.618433068592253 ], [ -62.497129444904999, -31.61850889081089 ], [ -62.497141863866382, -31.61855224625868 ], [ -62.497163829926542, -31.618584812657861 ], [ -62.497180699035589, -31.618584879074891 ], [ -62.49720266511688, -31.618617445467446 ], [ -62.497215084126012, -31.61866080090789 ], [ -62.497224165566607, -31.618736623118124 ], [ -62.49722385513433, -31.61879436395871 ], [ -62.497232936593484, -31.618870186166944 ], [ -62.49724535564858, -31.618913541603231 ], [ -62.497267321828112, -31.618946107984026 ], [ -62.497284191002606, -31.618946174388082 ], [ -62.497306157203269, -31.618978740762252 ], [ -62.497318576306114, -31.619022096191173 ], [ -62.497327657861653, -31.61909791839102 ], [ -62.497327347488891, -31.619155659229264 ], [ -62.497336429062976, -31.619231481427093 ], [ -62.497348848211786, -31.619274836851876 ], [ -62.497370814510688, -31.619307403214304 ], [ -62.497387683750624, -31.619307469605349 ], [ -62.497409650070644, -31.619340035961137 ], [ -62.497422069267216, -31.619383391378566 ], [ -62.497431150937686, -31.619459213567996 ], [ -62.497430840624453, -31.619516954403895 ], [ -62.497439922313475, -31.619592776591336 ], [ -62.49745234155602, -31.619636132004601 ], [ -62.497474307974301, -31.619668698348637 ], [ -62.497491177279663, -31.619668764726701 ], [ -62.497513143719054, -31.619701331064114 ], [ -62.497525563009347, -31.619744686470035 ], [ -62.497534644794769, -31.619820508649067 ], [ -62.497534334541044, -31.619878249482607 ], [ -62.49754341634501, -31.619954071659659 ], [ -62.497555835681268, -31.619997427061417 ], [ -62.497577802218935, -31.620029993387075 ], [ -62.497594671589738, -31.620030059752143 ], [ -62.497616638148521, -31.620062626071189 ], [ -62.497629057532542, -31.620105981465581 ], [ -62.497638139432887, -31.620181803634221 ], [ -62.497637829238705, -31.620239544465413 ], [ -62.497646911157602, -31.620315366632063 ], [ -62.497659330587602, -31.620358722022313 ], [ -62.49768129724464, -31.620391288329589 ], [ -62.497698166680884, -31.620391354681662 ], [ -62.497720089744739, -31.620432040786532 ], [ -62.497732451072416, -31.620486222574936 ], [ -62.497741431326325, -31.620580990942443 ], [ -62.497741043657136, -31.620653166977998 ], [ -62.497750023933371, -31.620747935342688 ], [ -62.497762385317586, -31.620802117126136 ], [ -62.497784308503306, -31.620842803218661 ], [ -62.497801178021284, -31.620842869557965 ], [ -62.497823101233273, -31.62088355564385 ], [ -62.497835462676747, -31.620937737419709 ], [ -62.497844443071997, -31.621032505774842 ], [ -62.497844055475483, -31.621104681806411 ], [ -62.49785303589308, -31.621199450158713 ], [ -62.497865397393092, -31.621253631929612 ], [ -62.497887320726953, -31.621294318003169 ], [ -62.497904190326643, -31.621294384329705 ], [ -62.497926070088823, -31.621343190199926 ], [ -62.49793837351973, -31.621408198367494 ], [ -62.497947252332821, -31.62152191291726 ], [ -62.497946787303185, -31.621608524149778 ], [ -62.497955666142062, -31.621722238695689 ], [ -62.497967969639724, -31.621787246857291 ], [ -62.497989849547011, -31.621836052714375 ], [ -62.498006719244707, -31.621836119028391 ], [ -62.498028686363327, -31.621868685273284 ], [ -62.498041106166937, -31.621912040619872 ], [ -62.498050188556405, -31.62198786274314 ], [ -62.498049878594784, -31.622045603561634 ], [ -62.498058961002805, -31.622121425682888 ], [ -62.498071380852387, -31.622164781025333 ], [ -62.49809334806929, -31.622197347258471 ], [ -62.498110217832426, -31.62219741355948 ], [ -62.498132185070446, -31.622229979786002 ], [ -62.498144604967791, -31.622273335121083 ], [ -62.498153687472218, -31.622349157233945 ], [ -62.498153377570141, -31.62240689805008 ], [ -62.498162460093113, -31.622482720160939 ], [ -62.498174880036451, -31.622526075491869 ], [ -62.498196847372739, -31.622558641706618 ], [ -62.498213717201331, -31.622558707994639 ], [ -62.498235684558743, -31.622591274202772 ], [ -62.498248104549845, -31.622634629526342 ], [ -62.49825718716923, -31.622710451628791 ], [ -62.498256877326689, -31.622768192442582 ], [ -62.498265959964634, -31.622844014543045 ], [ -62.498278380001707, -31.62288736986245 ], [ -62.498300347457409, -31.622919936058821 ], [ -62.498317217351442, -31.622920002333846 ], [ -62.498339315522678, -31.622928209118239 ], [ -62.49835190985948, -31.622939085223265 ], [ -62.498361297530117, -31.62295806870365 ], [ -62.498361220084881, -31.622972503906812 ], [ -62.49839907572899, -31.622991599208817 ], [ -62.498449627377084, -31.623002624390921 ], [ -62.498538150854131, -31.623011092009151 ], [ -62.498605630498872, -31.623011356970874 ], [ -62.498694241068037, -31.623003584876898 ], [ -62.498744908838233, -31.622992957136677 ], [ -62.498782967693636, -31.622974159915181 ], [ -62.498783045073758, -31.622959724711084 ], [ -62.498830593226309, -31.622940964719195 ], [ -62.498893913370793, -31.622930386573206 ], [ -62.499004665580898, -31.622922701145253 ], [ -62.499089015063262, -31.62292303203289 ], [ -62.499199767251014, -31.62291534643548 ], [ -62.499263087338953, -31.622904768105769 ], [ -62.499310635369611, -31.622886007933683 ], [ -62.499310712668006, -31.622871572728215 ], [ -62.499358260672381, -31.622852812538031 ], [ -62.499421580701046, -31.622842234129003 ], [ -62.499532332769761, -31.622834548241787 ], [ -62.499616682179415, -31.622834878780079 ], [ -62.499727434225754, -31.622827192723381 ], [ -62.499790754197861, -31.622816614130635 ], [ -62.499838302080356, -31.622797853760265 ], [ -62.499838379297024, -31.622783418553418 ], [ -62.499885927153237, -31.62276465816494 ], [ -62.49994924706607, -31.622754079492875 ], [ -62.500059998993365, -31.622746393146379 ], [ -62.500144348330302, -31.622746723335332 ], [ -62.500255100235229, -31.622739036819357 ], [ -62.500318420091496, -31.622728457963568 ], [ -62.500365967825815, -31.62270969739491 ], [ -62.500366044960757, -31.622695262186696 ], [ -62.500404103375061, -31.622676464476541 ], [ -62.500454770782724, -31.622665836053493 ], [ -62.500543380888523, -31.622658062670972 ], [ -62.50061086029919, -31.622658326570502 ], [ -62.500699470386415, -31.62265055307946 ], [ -62.500750137748071, -31.622639924538682 ], [ -62.5007881960641, -31.622621126712854 ], [ -62.500788273133587, -31.62260669150352 ], [ -62.500835820713839, -31.622587930757923 ], [ -62.500899140405899, -31.622577351612215 ], [ -62.501009892057233, -31.622569664438686 ], [ -62.501094241246975, -31.622569993998589 ], [ -62.501204992875927, -31.622562306655592 ], [ -62.501268312511414, -31.622551727326176 ], [ -62.501315859969779, -31.622532966400392 ], [ -62.501315936957546, -31.622518531189691 ], [ -62.501363484389614, -31.622499770245817 ], [ -62.501426803965828, -31.622489190837083 ], [ -62.501537555475707, -31.622481503204291 ], [ -62.501621904592703, -31.622481832414852 ], [ -62.501732656080208, -31.6224741446126 ], [ -62.501795975599848, -31.622463565020137 ], [ -62.501843522910022, -31.622444803896087 ], [ -62.501843599816063, -31.622430368684022 ], [ -62.501891147099954, -31.622411607541867 ], [ -62.501954466560321, -31.622401027870101 ], [ -62.502065217928745, -31.622393339778043 ], [ -62.502149566972996, -31.62239366863928 ], [ -62.502260318319045, -31.622385980377764 ], [ -62.502323637722824, -31.622375400522291 ], [ -62.502371184884794, -31.62235663919995 ], [ -62.502371261709122, -31.62234220398652 ], [ -62.502418808844823, -31.622323442646074 ], [ -62.502482128189328, -31.622312862711304 ], [ -62.502592879416284, -31.622305174159976 ], [ -62.502677228387775, -31.622305502671889 ], [ -62.502787979592348, -31.6222978139511 ], [ -62.502851298880266, -31.622287233832608 ], [ -62.502898845894052, -31.622268472311987 ], [ -62.502898922636653, -31.622254037097207 ], [ -62.502946469624163, -31.622235275558481 ], [ -62.503009788852793, -31.622224695360689 ], [ -62.50312053993828, -31.622217006350116 ], [ -62.503204888836997, -31.622217334512687 ], [ -62.503315639900094, -31.622209645332642 ], [ -62.503378959072137, -31.622199064951143 ], [ -62.503426505937732, -31.622180303232238 ], [ -62.5034265825986, -31.622165868016111 ], [ -62.503474129437919, -31.622147106279108 ], [ -62.503537448550681, -31.622136525818298 ], [ -62.503648199494684, -31.622128836348466 ], [ -62.50373254832062, -31.622129164161716 ], [ -62.50384329924222, -31.622121474522412 ], [ -62.503906618298387, -31.622110893877899 ], [ -62.503954165015784, -31.62209213196072 ], [ -62.50395424159494, -31.622077696743244 ], [ -62.503992299049798, -31.622058897951831 ], [ -62.504042965734016, -31.622048268096414 ], [ -62.504131574990581, -31.6220404922142 ], [ -62.504199053992416, -31.622040754213195 ], [ -62.504260206838588, -31.622040991618988 ], [ -62.50437095761869, -31.622033301520428 ], [ -62.504376234197565, -31.622032419779352 ], [ -62.504378395691738, -31.6216246248432 ], [ -62.504379237323633, -31.621465837427333 ], [ -62.504370852799944, -31.621257392110831 ], [ -62.504358831833912, -31.62113825243884 ], [ -62.504337163949103, -31.621048848577047 ], [ -62.504320294377152, -31.621048783100726 ], [ -62.504298282196473, -31.621024337724904 ], [ -62.504285802201601, -31.620991809367613 ], [ -62.504276614394556, -31.620934933852126 ], [ -62.50427684397215, -31.620891628189622 ], [ -62.504267656179557, -31.620834752672778 ], [ -62.504255176219765, -31.620802224311902 ], [ -62.504233164113387, -31.62077777892468 ], [ -62.504216294590606, -31.620777713435118 ], [ -62.504194325552859, -31.620745148229432 ], [ -62.504181903035104, -31.620701793445505 ], [ -62.504172815777558, -31.620625971693052 ], [ -62.504173121941299, -31.620568230807777 ], [ -62.504164034702342, -31.620492409053305 ], [ -62.504151612230601, -31.620449054265219 ], [ -62.504129643291151, -31.62041648904777 ], [ -62.504112773833803, -31.620416423545194 ], [ -62.504090761854414, -31.620391978133281 ], [ -62.504078282013317, -31.620359449754119 ], [ -62.50406909438945, -31.620302574220016 ], [ -62.504069324057468, -31.620259268554591 ], [ -62.504079114543948, -31.620202466716741 ], [ -62.504091938850458, -31.620170036597258 ], [ -62.504114209130755, -31.620145763134499 ], [ -62.504131078539274, -31.620145828636382 ], [ -62.504153305748467, -31.620129674979129 ], [ -62.504166072613621, -31.62010807126828 ], [ -62.50417576256703, -31.620070215650482 ], [ -62.504175915644772, -31.620041345205372 ], [ -62.504185605586912, -31.620003489586324 ], [ -62.504198372427012, -31.619981885871564 ], [ -62.504220599585366, -31.619965732201646 ], [ -62.504237468961684, -31.619965797689158 ], [ -62.504259653063869, -31.619957763825205 ], [ -62.504272362487846, -31.61994698651991 ], [ -62.504281951945508, -31.619928077122797 ], [ -62.504282028467593, -31.619913641899696 ], [ -62.50429161791979, -31.619894732501699 ], [ -62.504304327331468, -31.619883955193 ], [ -62.50432651140855, -31.619875921317071 ], [ -62.504343380768937, -31.619875986790415 ], [ -62.504365349658997, -31.61990855197331 ], [ -62.504377772161845, -31.619951906744546 ], [ -62.504386859527962, -31.620027728491436 ], [ -62.504386553502663, -31.620085469383472 ], [ -62.50439564088736, -31.620161291128376 ], [ -62.504408063436216, -31.620204645895452 ], [ -62.504430032424573, -31.620237211066559 ], [ -62.504446901850407, -31.620237276526904 ], [ -62.504468913887912, -31.620261721878613 ], [ -62.504481393852856, -31.62029425022136 ], [ -62.504490581727175, -31.62035112572844 ], [ -62.504490352253427, -31.620394431396008 ], [ -62.504499540142184, -31.620451306901714 ], [ -62.504512020142208, -31.620483835240879 ], [ -62.504534032254035, -31.620508280581191 ], [ -62.504550901729026, -31.620508346028284 ], [ -62.504572999895636, -31.620516551736824 ], [ -62.504585594645299, -31.620527427235281 ], [ -62.504594983352767, -31.620546410275118 ], [ -62.504594906877109, -31.620560845497469 ], [ -62.504604295589729, -31.62057982853656 ], [ -62.5046168903515, -31.620590704031958 ], [ -62.504638988543412, -31.620598909729232 ], [ -62.504655858035029, -31.620598975162643 ], [ -62.504678042253254, -31.620590941227988 ], [ -62.50469075171668, -31.620580163882504 ], [ -62.504700341156905, -31.620561254455637 ], [ -62.504700417616313, -31.620546819233045 ], [ -62.504710007051074, -31.620527909805297 ], [ -62.504722716502194, -31.62051713245641 ], [ -62.504744900695322, -31.620509098509782 ], [ -62.504761770171001, -31.620509163929029 ], [ -62.504783825355723, -31.620525489414099 ], [ -62.504796362797983, -31.620547191309143 ], [ -62.504805651218682, -31.620585120563739 ], [ -62.504805498332118, -31.620613991009122 ], [ -62.504814786762786, -31.620651920262777 ], [ -62.50482732422882, -31.620673622154587 ], [ -62.504849379463522, -31.620689947628431 ], [ -62.5048662489721, -31.62069001303421 ], [ -62.504888218232786, -31.620722578126859 ], [ -62.504900641081612, -31.620765932845323 ], [ -62.504909728942067, -31.62084175455054 ], [ -62.504909423229897, -31.620899495439776 ], [ -62.50491851110894, -31.620975317143003 ], [ -62.504930934003795, -31.621018671857307 ], [ -62.504952903362778, -31.621051236938168 ], [ -62.504969772936782, -31.62105130233094 ], [ -62.504991785300895, -31.62107574759278 ], [ -62.505004265553119, -31.621108275883287 ], [ -62.505013453819039, -31.621165151349608 ], [ -62.505013224580132, -31.621208457015076 ], [ -62.504984456231888, -31.621265185357906 ], [ -62.504946327650487, -31.621297517472794 ], [ -62.504879774546218, -31.621321619397751 ], [ -62.50482916567875, -31.621321423175594 ], [ -62.504762784545228, -31.62131304579178 ], [ -62.50472488524214, -31.621302072176622 ], [ -62.504696518117385, -31.62128301554224 ], [ -62.504696594579521, -31.621268580321296 ], [ -62.504677716625764, -31.621249560485762 ], [ -62.504652469563879, -31.621238635921689 ], [ -62.504608229863194, -31.621230344338265 ], [ -62.504574490652494, -31.621230213454318 ], [ -62.504530164914435, -31.621238161467236 ], [ -62.504504803135838, -31.621248889705051 ], [ -62.504485724427134, -31.621267762295432 ], [ -62.504485647932441, -31.621282197515917 ], [ -62.50449503669315, -31.62130118056141 ], [ -62.50450763153804, -31.621312056067239 ], [ -62.50452972988969, -31.621320261784135 ], [ -62.504546599511166, -31.621320327233303 ], [ -62.504568611825952, -31.62134477256658 ], [ -62.50458109196498, -31.621377300895936 ], [ -62.504590279997217, -31.62143417638794 ], [ -62.504590050559919, -31.62147748204881 ], [ -62.504599238606595, -31.621534357539435 ], [ -62.504611718780708, -31.621566885865185 ], [ -62.504633731169818, -31.621591331187066 ], [ -62.504650600840449, -31.621591396622993 ], [ -62.504672699270664, -31.621599602315609 ], [ -62.504685294176191, -31.621610477804033 ], [ -62.504694683009653, -31.621629460834647 ], [ -62.504694606546146, -31.621643896054756 ], [ -62.504694463176918, -31.621670962092377 ], [ -62.504694348481408, -31.62169261492236 ], [ -62.504694205111825, -31.621719680959774 ], [ -62.504694128647984, -31.621734116179674 ], [ -62.50469394226711, -31.621769302028056 ], [ -62.504693770222943, -31.621801781272534 ], [ -62.504693526493234, -31.621847793535249 ], [ -62.504693373564507, -31.621876663974447 ], [ -62.50469297212554, -31.621952448876691 ], [ -62.504703515710482, -31.621952489769928 ], [ -62.504787864390835, -31.621952816884523 ], [ -62.504817073352108, -31.621950788614889 ], [ -62.504825821297445, -31.621952964067912 ], [ -62.504876430506684, -31.621953160294897 ], [ -62.504942898084259, -31.621945298001155 ], [ -62.504980912303886, -31.621934618723404 ], [ -62.505009480274801, -31.621915782842489 ], [ -62.505009556690517, -31.621901347622295 ], [ -62.505057103085214, -31.621882585290479 ], [ -62.505120421850322, -31.621872004040643 ], [ -62.505231172369797, -31.621864313193075 ], [ -62.505315520977341, -31.621864639958346 ], [ -62.505426271474398, -31.621856948941328 ], [ -62.50548959018289, -31.621846367507789 ], [ -62.505537136455672, -31.621827604995808 ], [ -62.505537212789662, -31.62181316977426 ], [ -62.505575269824483, -31.621794370505945 ], [ -62.505625936193773, -31.621783740018703 ], [ -62.505714545083109, -31.621775963033855 ], [ -62.505782023910207, -31.62177622419448 ], [ -62.505870632780955, -31.621768447101104 ], [ -62.505921299104216, -31.621757816496153 ], [ -62.505959356040734, -31.621739017112183 ], [ -62.505959432309282, -31.621724581889517 ], [ -62.506006978427955, -31.621705819200638 ], [ -62.506070296972183, -31.621695237477212 ], [ -62.506181047215478, -31.62168754580269 ], [ -62.50626539567569, -31.621687871938967 ], [ -62.506376145896574, -31.621680180094973 ], [ -62.506439464384187, -31.62166959818785 ], [ -62.506487010380916, -31.621650835318803 ], [ -62.506487086567745, -31.621636400094797 ], [ -62.506496675757916, -31.621617490533538 ], [ -62.506509385155454, -31.621606713008077 ], [ -62.506531569459234, -31.621598678753504 ], [ -62.506548439136033, -31.621598743938751 ], [ -62.506592722037873, -31.621598915039424 ], [ -62.506592921984947, -31.621561022575449 ], [ -62.506592998155156, -31.621546587350995 ], [ -62.506583608942428, -31.621527604455835 ], [ -62.506571013824519, -31.621516729152365 ], [ -62.50654891524259, -31.621508523786634 ], [ -62.506532045582077, -31.621508458601618 ], [ -62.50651003271129, -31.621484013601751 ], [ -62.506497551884856, -31.621451485454426 ], [ -62.506488362689026, -31.621394610087886 ], [ -62.506488591246452, -31.621351304414027 ], [ -62.506479402065061, -31.621294429046127 ], [ -62.50646692127372, -31.621261900895203 ], [ -62.50644490847727, -31.621237455883946 ], [ -62.506428038865913, -31.621237390685685 ], [ -62.506406154669541, -31.621188586225902 ], [ -62.50639384536678, -31.621123578811577 ], [ -62.506384956304281, -31.621009864736632 ], [ -62.506385413507523, -31.620923253384738 ], [ -62.506376524470909, -31.620809539305931 ], [ -62.506364215234996, -31.620744531885638 ], [ -62.506342331183838, -31.620695727412656 ], [ -62.506325461670478, -31.620695662201854 ], [ -62.506303363303736, -31.620687456794798 ], [ -62.506290768330608, -31.620676581463734 ], [ -62.506281379264436, -31.620657598545304 ], [ -62.506281455480057, -31.620643163319489 ], [ -62.506291044606918, -31.620624253770121 ], [ -62.50630375389126, -31.620613476262321 ], [ -62.506325937975376, -31.620605442039992 ], [ -62.506342807472457, -31.620605507250577 ], [ -62.506364991551422, -31.620597473021416 ], [ -62.506377700823663, -31.620586695506077 ], [ -62.506387289925222, -31.620567785949056 ], [ -62.506387366124216, -31.620553350722801 ], [ -62.506396955220318, -31.62053444116491 ], [ -62.506409664480252, -31.620523663646161 ], [ -62.506431848534106, -31.620515629405023 ], [ -62.506448718015264, -31.620515694601444 ], [ -62.506470816354742, -31.620523899983294 ], [ -62.506483411328738, -31.62053477529685 ], [ -62.506492800424141, -31.620553758201098 ], [ -62.506492724241426, -31.620568193427555 ], [ -62.506511602432504, -31.620587212999183 ], [ -62.506536849541916, -31.620598137197248 ], [ -62.506581089124651, -31.620606428112051 ], [ -62.506614828120526, -31.620606558463599 ], [ -62.50665906771453, -31.620614849351494 ], [ -62.506684314848997, -31.620625773520608 ], [ -62.5067031930909, -31.620644793064255 ], [ -62.506703116940379, -31.62065922829099 ], [ -62.506693527892722, -31.620678137872002 ], [ -62.506680818643865, -31.62068891541886 ], [ -62.506658634569469, -31.620696949702836 ], [ -62.506641765055079, -31.6206968845338 ], [ -62.506619580975531, -31.620704918810929 ], [ -62.506606871714567, -31.620715696350263 ], [ -62.506597282641607, -31.620734605923637 ], [ -62.506597206474467, -31.620749041149924 ], [ -62.50658761739605, -31.620767950722421 ], [ -62.506574908122779, -31.620778728258333 ], [ -62.506552724018128, -31.62078676252349 ], [ -62.506535854487815, -31.6207866973403 ], [ -62.506513670377998, -31.6207947315986 ], [ -62.506500961092627, -31.620805509126985 ], [ -62.506491371988893, -31.620824418691839 ], [ -62.506491295805148, -31.620838853917693 ], [ -62.506510174049794, -31.620857873489278 ], [ -62.506535421231675, -31.620868797687901 ], [ -62.506579660942002, -31.620877088604171 ], [ -62.506613400035519, -31.620877218957073 ], [ -62.50665772543509, -31.62086927021705 ], [ -62.506683086869081, -31.620858541547442 ], [ -62.506702165054243, -31.620839668622168 ], [ -62.506702241205446, -31.620825233395848 ], [ -62.506721319379878, -31.620806360467508 ], [ -62.506746680789604, -31.620795631784905 ], [ -62.506791006139714, -31.62078768299801 ], [ -62.50682474520206, -31.620787813294751 ], [ -62.506869113362669, -31.620771744665571 ], [ -62.506894531837354, -31.620750189533108 ], [ -62.506913709863049, -31.620712370339813 ], [ -62.506913862099331, -31.620683499885676 ], [ -62.506923551006153, -31.620645644051979 ], [ -62.506936317307279, -31.620624040060076 ], [ -62.50695854415352, -31.620607885911962 ], [ -62.506975413652654, -31.620607951038984 ], [ -62.506997469252255, -31.620624276145705 ], [ -62.507010007224252, -31.620645977828485 ], [ -62.507019296554368, -31.620683906930779 ], [ -62.507019144350643, -31.620712777385371 ], [ -62.507028433690735, -31.620750706486731 ], [ -62.507040971686493, -31.620772408166278 ], [ -62.507063027336102, -31.620788733261772 ], [ -62.50707989686812, -31.620788798375322 ], [ -62.507101866927805, -31.620821363094777 ], [ -62.507114290818485, -31.62086471760788 ], [ -62.507123380484607, -31.620940539172896 ], [ -62.507123076138129, -31.620998280080531 ], [ -62.507113187541279, -31.6210740283978 ], [ -62.507100307082062, -31.621117285245482 ], [ -62.507077994531762, -31.621149679045722 ], [ -62.507061124934644, -31.621149613931248 ], [ -62.507038940782159, -31.621157648279937 ], [ -62.507026231506671, -31.621168425860109 ], [ -62.507016642470376, -31.621187335464029 ], [ -62.507016566366623, -31.621201770690195 ], [ -62.507006977324863, -31.621220680293238 ], [ -62.50699426803709, -31.621231457869985 ], [ -62.506972083859488, -31.621239492206687 ], [ -62.506955214246439, -31.62123942707807 ], [ -62.506932901616501, -31.62127182085154 ], [ -62.506920021045602, -31.621315077678556 ], [ -62.506910132247384, -31.621390825974331 ], [ -62.506909827763877, -31.621448566876044 ], [ -62.506909076066485, -31.621591114724904 ], [ -62.506943255387625, -31.621585402461449 ], [ -62.506953311395428, -31.621600307716186 ], [ -62.506970181073591, -31.621600372845734 ], [ -62.506992365337382, -31.621592338510698 ], [ -62.507005074675014, -31.621581560935233 ], [ -62.507014663755193, -31.621562651333793 ], [ -62.507014739860303, -31.62154821610843 ], [ -62.507052796495636, -31.621529416394853 ], [ -62.507103462561162, -31.621518785317782 ], [ -62.507192071090543, -31.621511007303553 ], [ -62.507259549741491, -31.62151126768153 ], [ -62.507348158252277, -31.621503489558808 ], [ -62.50739882427176, -31.621492858363997 ], [ -62.507436880808775, -31.621474058534776 ], [ -62.507436956848444, -31.621459623308297 ], [ -62.507475013364342, -31.621440823467406 ], [ -62.507525679336048, -31.62143019222168 ], [ -62.50761428775035, -31.621422413913166 ], [ -62.507681766341655, -31.621422674067414 ], [ -62.507770374737348, -31.621414895650393 ], [ -62.507821040663025, -31.621404264286934 ], [ -62.507859097080605, -31.621385464330409 ], [ -62.507859173054833, -31.6213710291028 ], [ -62.507868761940991, -31.621352119434611 ], [ -62.50788147114578, -31.621341341770169 ], [ -62.507903655271726, -31.621333307275069 ], [ -62.507920524904122, -31.621333372278578 ], [ -62.507942837209313, -31.621300978329522 ], [ -62.507955717306437, -31.621257721394375 ], [ -62.507965605243179, -31.621181973007271 ], [ -62.507965909071594, -31.621124232093972 ], [ -62.507956818705679, -31.621048410583931 ], [ -62.507944394399992, -31.621005056149794 ], [ -62.507922424002601, -31.620972491572793 ], [ -62.50790555443529, -31.620972426570187 ], [ -62.50788358405903, -31.62093986198656 ], [ -62.507871159801113, -31.620896507545044 ], [ -62.507862069531683, -31.620820686026597 ], [ -62.507862373419741, -31.620762945110915 ], [ -62.50785328316892, -31.620687123590457 ], [ -62.507840858957032, -31.620643769144777 ], [ -62.50781888867909, -31.620611204549363 ], [ -62.50780201917722, -31.62061113953375 ], [ -62.507780048920395, -31.620578574931702 ], [ -62.507767624756298, -31.620535220478647 ], [ -62.507758534601948, -31.620459398949766 ], [ -62.507758838549648, -31.620401658031728 ], [ -62.507749748413914, -31.620325836500836 ], [ -62.507737324295846, -31.620282482043613 ], [ -62.507715354137339, -31.620249917429774 ], [ -62.507698484700896, -31.620249852401145 ], [ -62.507676514563506, -31.62021728778069 ], [ -62.507664090493222, -31.620173933316096 ], [ -62.507655000453958, -31.620098111776787 ], [ -62.507655304461302, -31.620040370856358 ], [ -62.507646214440655, -31.619964549315039 ], [ -62.507633790416392, -31.619921194846281 ], [ -62.507611820377313, -31.619888630214042 ], [ -62.507594951006318, -31.619888565172399 ], [ -62.507572980988364, -31.61985600053352 ], [ -62.507560557011878, -31.619812646057394 ], [ -62.507551467087701, -31.619736824507644 ], [ -62.507551771154681, -31.619679083584863 ], [ -62.50754268124912, -31.619603262033102 ], [ -62.507530257318663, -31.619559907552816 ], [ -62.507508287399006, -31.619527342902153 ], [ -62.507491418093451, -31.619527277847499 ], [ -62.507469533727274, -31.619478473555315 ], [ -62.507457223892338, -31.619413466220863 ], [ -62.507448333669146, -31.619299752177991 ], [ -62.507448789857015, -31.619213140789 ], [ -62.507439899659744, -31.61909942674227 ], [ -62.507427589891655, -31.61903441940186 ], [ -62.507405705670706, -31.618985615096488 ], [ -62.507388836463129, -31.618985550029279 ], [ -62.507366866725206, -31.618952985353253 ], [ -62.507354442958686, -31.61890963085316 ], [ -62.507345353279391, -31.618833809280652 ], [ -62.50734565746292, -31.618776068351494 ], [ -62.507336567802234, -31.618700246776978 ], [ -62.507324144081728, -31.61865689227271 ], [ -62.50730217444211, -31.618624327584911 ], [ -62.507285305299959, -31.618624262504692 ], [ -62.507263335681472, -31.618591697810249 ], [ -62.507250912008743, -31.618548343298627 ], [ -62.507241822444534, -31.618472521715685 ], [ -62.507242126687679, -31.61841478078416 ], [ -62.507233037142065, -31.61833895919921 ], [ -62.507220613515365, -31.618295604683411 ], [ -62.507198643995167, -31.618263039977201 ], [ -62.50718177491845, -31.618262974883955 ], [ -62.50715980541937, -31.618230410171112 ], [ -62.507147381840447, -31.618187055647958 ], [ -62.507138292391289, -31.618111234054588 ], [ -62.507138596694077, -31.618053493120676 ], [ -62.507129507263528, -31.617977671525306 ], [ -62.507117083730627, -31.617934316997971 ], [ -62.507095114329843, -31.617901752273344 ], [ -62.507078245318567, -31.617901687167095 ], [ -62.50705631873825, -31.617861002616834 ], [ -62.507043952321226, -31.617806821656693 ], [ -62.50703496285761, -31.617712053807985 ], [ -62.507035343309759, -31.617639877637114 ], [ -62.507026353868554, -31.617545109785578 ], [ -62.507013987508145, -31.617490928820466 ], [ -62.50699206104975, -31.617450244257821 ], [ -62.506975192120173, -31.617450179138793 ], [ -62.506953265688061, -31.617409494569504 ], [ -62.50694089938694, -31.617355313596786 ], [ -62.506931910064843, -31.61726054573565 ], [ -62.506932290589823, -31.61718836956079 ], [ -62.506913812553528, -31.617093565062923 ], [ -62.506888794673102, -31.617039335236878 ], [ -62.506844728009867, -31.61699856516173 ], [ -62.506810990314449, -31.616998434884174 ], [ -62.506766752412581, -31.616990144061614 ], [ -62.506741506243841, -31.616979219912533 ], [ -62.506722628723622, -31.61696020037116 ], [ -62.506722704860131, -31.61694576513602 ], [ -62.506665872473057, -31.616926598987426 ], [ -62.506590019836793, -31.616915479318529 ], [ -62.506457220635248, -31.616906846215922 ], [ -62.506356007654816, -31.616906455050469 ], [ -62.506223207620025, -31.616897986683345 ], [ -62.506147353901689, -31.616887086723548 ], [ -62.506090519638647, -31.616868305270085 ], [ -62.506090594323524, -31.61685416333118 ], [ -62.506090790371097, -31.616817040741392 ], [ -62.506084386738799, -31.616818356532889 ], [ -62.50608314047593, -31.616818612609716 ] ], [ [ -62.502935569994719, -31.617144908140428 ], [ -62.502948164103117, -31.617155783799461 ], [ -62.502970261337097, -31.617163989780018 ], [ -62.502987130204829, -31.61716405542748 ], [ -62.503009227444288, -31.617172261401336 ], [ -62.503021821564978, -31.617183137053186 ], [ -62.503031209627181, -31.617202120211175 ], [ -62.503031132920142, -31.617216555437665 ], [ -62.503050009732959, -31.617235575516734 ], [ -62.503075255529012, -31.617246500391381 ], [ -62.50311949320659, -31.61725479249019 ], [ -62.503153230975641, -31.617254923743815 ], [ -62.503197554931184, -31.617246976185644 ], [ -62.503222915764297, -31.617236248191084 ], [ -62.503241993891258, -31.617217375771631 ], [ -62.503242070565761, -31.617202940544672 ], [ -62.503261148682014, -31.617184068122146 ], [ -62.503286509490835, -31.617173340114608 ], [ -62.503330833396959, -31.617165392509548 ], [ -62.503364571134838, -31.617165523707019 ], [ -62.503408765686409, -31.617181935520993 ], [ -62.503433954027344, -31.617203686745643 ], [ -62.503452730327687, -31.61724165300194 ], [ -62.503452577043433, -31.617270523456536 ], [ -62.503442887104093, -31.617308379035997 ], [ -62.503430120464202, -31.617329982686211 ], [ -62.503407893804102, -31.617346136230239 ], [ -62.503391024902449, -31.617346070638003 ], [ -62.503368841350479, -31.617354104359961 ], [ -62.50335613218023, -31.617364881582247 ], [ -62.503346542806469, -31.617383790918208 ], [ -62.503346466147555, -31.617398226144971 ], [ -62.503308410475526, -31.617417024775815 ], [ -62.503257746228591, -31.617427654372488 ], [ -62.503169141284239, -31.617435429698283 ], [ -62.503101665615965, -31.617435167189186 ], [ -62.503013060653039, -31.617442942406495 ], [ -62.502962396360111, -31.617453571885459 ], [ -62.5029243405898, -31.617472370400666 ], [ -62.502924263865459, -31.61748680562631 ], [ -62.502895696846672, -31.61750564106341 ], [ -62.502857684205203, -31.61751631974392 ], [ -62.502791219620875, -31.61752418098845 ], [ -62.502740612824468, -31.617523983959735 ], [ -62.502674450480029, -31.617475006444582 ], [ -62.502636840862152, -31.617409900127516 ], [ -62.502608979159454, -31.617296111868576 ], [ -62.502609439793261, -31.617209500515813 ], [ -62.502619533102788, -31.617095860067188 ], [ -62.502632530200415, -31.617030950820922 ], [ -62.502654929636975, -31.616982318152857 ], [ -62.502671798471134, -31.616982383841641 ], [ -62.50269398199265, -31.616974350240014 ], [ -62.502706691184571, -31.616963573083183 ], [ -62.502716280642751, -31.616944663794918 ], [ -62.502716357397574, -31.61693022856851 ], [ -62.502735435562393, -31.616911356224229 ], [ -62.502760796355666, -31.616900628320497 ], [ -62.502805120174294, -31.616892680896683 ], [ -62.502838857811113, -31.616892812232003 ], [ -62.50288309529973, -31.616901104411234 ], [ -62.502908340986075, -31.616912029318293 ], [ -62.502927217713065, -31.616931049415541 ], [ -62.502927140990785, -31.616945484642425 ], [ -62.502936529010491, -31.616964467807609 ], [ -62.502949123095, -31.616975343466621 ], [ -62.502971220286653, -31.616983549446786 ], [ -62.502988089121843, -31.61698361509379 ], [ -62.503010186318967, -31.616991821067273 ], [ -62.503022780415776, -31.617002696719091 ], [ -62.503032168460571, -31.617021679877354 ], [ -62.503032091754214, -31.617036115104252 ], [ -62.503022502349928, -31.617055024416516 ], [ -62.503009793181377, -31.617065801604848 ], [ -62.502987609664416, -31.61707383526128 ], [ -62.502970740812955, -31.617073769614048 ], [ -62.502948557290836, -31.617081803263616 ], [ -62.502935848110177, -31.617092580444424 ], [ -62.502926258680588, -31.617111489749057 ], [ -62.502926181957612, -31.617125924975515 ], [ -62.502935569994719, -31.617144908140428 ] ], [ [ -62.50056992665742, -31.6176878379346 ], [ -62.500468770750224, -31.617676615680104 ], [ -62.500392961673207, -31.617657372522082 ], [ -62.500393038788758, -31.617642937302385 ], [ -62.500364673659831, -31.617623879715499 ], [ -62.500326776380327, -31.617612904809601 ], [ -62.500260398311028, -31.617604525112004 ], [ -62.500209791490668, -31.61760432708002 ], [ -62.500143500236923, -31.617579707700106 ], [ -62.50010571874158, -31.617547079900064 ], [ -62.500077556255988, -31.617490129799293 ], [ -62.500077787747038, -31.617446824141087 ], [ -62.500068602821464, -31.617389948321474 ], [ -62.500056124770879, -31.617357419552629 ], [ -62.50003411457056, -31.617332973448239 ], [ -62.500017245679942, -31.617332907410432 ], [ -62.499995235495554, -31.617308461299416 ], [ -62.499982757481064, -31.617275932523377 ], [ -62.499973572628697, -31.617219056696175 ], [ -62.499973804165442, -31.617175751036804 ], [ -62.49998359678586, -31.617118949507994 ], [ -62.499996422068868, -31.61708651979448 ], [ -62.500018692656504, -31.617062247037648 ], [ -62.500035561498294, -31.617062313074761 ], [ -62.50005774525885, -31.617054279933694 ], [ -62.50007045476184, -31.617043503042616 ], [ -62.500080044758661, -31.617024593958135 ], [ -62.500080121920625, -31.617010158737703 ], [ -62.500099200628398, -31.616991286793155 ], [ -62.500124561738474, -31.616980559416412 ], [ -62.500168885806168, -31.616972612910338 ], [ -62.500202623458257, -31.616972744942345 ], [ -62.500246947516004, -31.616964798409068 ], [ -62.500272308602327, -31.616954071002674 ], [ -62.500291387260113, -31.616935199028742 ], [ -62.500291464389171, -31.616920763807627 ], [ -62.500301054328617, -31.616901854705603 ], [ -62.500313763782955, -31.616891077789557 ], [ -62.500335947479464, -31.616883044599259 ], [ -62.500352816289762, -31.616883110594156 ], [ -62.500374913225578, -31.616891317021089 ], [ -62.500387506998869, -31.616902192929629 ], [ -62.500396894496227, -31.616921176276257 ], [ -62.500396817383425, -31.616935611497603 ], [ -62.500406204885934, -31.616954594843492 ], [ -62.50041879867134, -31.616965470748976 ], [ -62.500440895632458, -31.616973677164648 ], [ -62.500457764459377, -31.616973743145838 ], [ -62.500479861425966, -31.616981949554813 ], [ -62.500492455223672, -31.61699282545311 ], [ -62.500501842751255, -31.617011808792071 ], [ -62.500501765654398, -31.617026244013434 ], [ -62.500492175742217, -31.617045153130437 ], [ -62.50047946628699, -31.617055930063984 ], [ -62.500457282561236, -31.617063963278689 ], [ -62.50044041371806, -31.61706389729726 ], [ -62.500418186612805, -31.617080050316954 ], [ -62.500405419310376, -31.617101653658665 ], [ -62.500395728159319, -31.617139508995333 ], [ -62.500395573931996, -31.617168379436958 ], [ -62.50038588276967, -31.617206234772372 ], [ -62.500373115442194, -31.617227838110171 ], [ -62.500350888286114, -31.617243991117199 ], [ -62.500334019410722, -31.617243925121397 ], [ -62.500311748860227, -31.617268197932933 ], [ -62.500298923660317, -31.617300627678066 ], [ -62.500289131210494, -31.617357429231248 ], [ -62.500288899818102, -31.617400734891451 ], [ -62.500326551170964, -31.617457722071865 ], [ -62.500376984398549, -31.617490399301865 ], [ -62.500465416116, -31.617515105161676 ], [ -62.500532891814842, -31.617515369064144 ], [ -62.500621410313492, -31.617523835193573 ], [ -62.500671959289377, -31.617534859477431 ], [ -62.500709813229513, -31.617553954092735 ], [ -62.500709736163117, -31.617568389313316 ], [ -62.500728612568963, -31.617587409730319 ], [ -62.500753858181739, -31.617598335061423 ], [ -62.500798095808122, -31.617606627963486 ], [ -62.500831833692168, -31.617606759831638 ], [ -62.500876158000779, -31.617598813083333 ], [ -62.500901519189654, -31.617588085554093 ], [ -62.500920597852968, -31.617569213488046 ], [ -62.500920674886828, -31.617554778266989 ], [ -62.500930264766538, -31.617535869118949 ], [ -62.500942974236445, -31.617525092141484 ], [ -62.500965158031626, -31.617517058843699 ], [ -62.500982026957892, -31.617517124756656 ], [ -62.501004124099488, -31.617525331076024 ], [ -62.501016718031174, -31.617536206923106 ], [ -62.501026105718715, -31.617555190223587 ], [ -62.501026028701141, -31.617569625444876 ], [ -62.501044905172208, -31.617588645815786 ], [ -62.501070150823161, -31.61759957108476 ], [ -62.501114388479728, -31.617607863877538 ], [ -62.501148126365848, -31.617607995662148 ], [ -62.50119236403367, -31.617616288428035 ], [ -62.50121760970967, -31.617627213668065 ], [ -62.501236486231576, -31.617646234011019 ], [ -62.501236409246189, -31.617660669232567 ], [ -62.501160397900179, -31.617679318984699 ], [ -62.50105912640548, -31.617689750028877 ], [ -62.500881959018265, -31.617697177746898 ], [ -62.500747007351912, -31.61769665027245 ], [ -62.50056992665742, -31.6176878379346 ] ], [ [ -62.504087850938966, -31.618555046791453 ], [ -62.504100330551417, -31.618587575176399 ], [ -62.504122342115224, -31.6186120205892 ], [ -62.504139211247093, -31.618612086087197 ], [ -62.504161308930797, -31.618620291864403 ], [ -62.504173903379716, -31.618631167403585 ], [ -62.504183291818215, -31.618650150476487 ], [ -62.504183215284655, -31.618664585702227 ], [ -62.504192603728299, -31.618683568774383 ], [ -62.504205198189325, -31.618694444310488 ], [ -62.504227295898353, -31.618702650076447 ], [ -62.504244165046835, -31.618702715560726 ], [ -62.504266262761313, -31.618710921319984 ], [ -62.504278857234652, -31.618721796848906 ], [ -62.504288245703385, -31.618740779914127 ], [ -62.504288169185763, -31.618755215139888 ], [ -62.504297557659669, -31.618774198204381 ], [ -62.504310152145102, -31.61878507373024 ], [ -62.504332249884882, -31.618793279478226 ], [ -62.504349119049998, -31.618793344948831 ], [ -62.504371173761179, -31.618809670504636 ], [ -62.504383710882671, -31.618831372442649 ], [ -62.504392998974915, -31.618869301733948 ], [ -62.504392845971189, -31.618898172185293 ], [ -62.504402134073402, -31.618936101475665 ], [ -62.504414671218655, -31.618957803410439 ], [ -62.504436725979836, -31.618974128955024 ], [ -62.504453595177829, -31.61897419441215 ], [ -62.504475520873754, -31.619014879393255 ], [ -62.504487885949132, -31.619069060578259 ], [ -62.504496872940216, -31.619163828560993 ], [ -62.504496490506263, -31.61923600468694 ], [ -62.504486499599487, -31.619330699034411 ], [ -62.504473560812166, -31.619384782037475 ], [ -62.504451204752023, -31.619425295196276 ], [ -62.504434335472652, -31.619425229738006 ], [ -62.504412151512042, -31.619433263634416 ], [ -62.504399442174623, -31.619444040955369 ], [ -62.504389852791611, -31.619462950363506 ], [ -62.504389776287518, -31.619477385587846 ], [ -62.504380186899049, -31.619496294995102 ], [ -62.50436747754933, -31.619507072312629 ], [ -62.504345293563617, -31.619515106197074 ], [ -62.50432842426833, -31.619515040724647 ], [ -62.504306240277458, -31.619523074602242 ], [ -62.504293530915639, -31.619533851912244 ], [ -62.504283941501853, -31.619552761311844 ], [ -62.50428386498114, -31.619567196535765 ], [ -62.504264786576179, -31.61958606910116 ], [ -62.504239425218636, -31.619596797293337 ], [ -62.504195100229964, -31.619604745199652 ], [ -62.504161361607871, -31.619604614212573 ], [ -62.50411738106849, -31.619547603585936 ], [ -62.504092479005891, -31.619471720407283 ], [ -62.504074204385901, -31.619339023094536 ], [ -62.504074740251504, -31.619237976526076 ], [ -62.504065954634363, -31.619105316054959 ], [ -62.504053704631573, -31.619029481995018 ], [ -62.504031865244471, -31.618972557315669 ], [ -62.504014996047857, -31.618972491802857 ], [ -62.503992941361709, -31.618956166186202 ], [ -62.503980404315115, -31.618934464211002 ], [ -62.503971116384541, -31.618896534891739 ], [ -62.503971269518459, -31.618867664442234 ], [ -62.503961981597854, -31.618829735122016 ], [ -62.503949444575028, -31.618808033143587 ], [ -62.503927389938866, -31.618791707515708 ], [ -62.503910520775136, -31.618791641989425 ], [ -62.503888466149689, -31.618775316354878 ], [ -62.50387592915115, -31.618753614369318 ], [ -62.503866641279984, -31.618715685042016 ], [ -62.503866794445067, -31.618686814592138 ], [ -62.503857506583877, -31.61864888526387 ], [ -62.503844969609105, -31.618627183275084 ], [ -62.503822915033638, -31.618610857629324 ], [ -62.503806045902799, -31.618610792089566 ], [ -62.503783948253364, -31.618602586251225 ], [ -62.503771353854134, -31.618591710674036 ], [ -62.50376196550539, -31.618572727571603 ], [ -62.503762042103695, -31.618558292346577 ], [ -62.50375265376011, -31.618539309243427 ], [ -62.503740059372987, -31.61852843366318 ], [ -62.503717961748855, -31.618520227813566 ], [ -62.503701092634628, -31.618520162260104 ], [ -62.503679081203245, -31.618495716775701 ], [ -62.503666601749721, -31.618463188350745 ], [ -62.503657414546744, -31.618406312774685 ], [ -62.503657644388383, -31.618363007099088 ], [ -62.503648457199837, -31.61830613152166 ], [ -62.503635977781379, -31.618273603093115 ], [ -62.503613966424304, -31.618249157597319 ], [ -62.50359709735924, -31.618249092030631 ], [ -62.503575042915891, -31.618232766342473 ], [ -62.503562506061485, -31.618211064325795 ], [ -62.503553218368545, -31.618173134974352 ], [ -62.503553371627149, -31.618144264523377 ], [ -62.503563061613256, -31.618106408940921 ], [ -62.503575828331137, -31.618084805280791 ], [ -62.503598055140003, -31.618068651710928 ], [ -62.503614924172524, -31.618068717277151 ], [ -62.503637107874326, -31.618060683514884 ], [ -62.503649817108283, -31.618049906266439 ], [ -62.503659406491231, -31.618030996909749 ], [ -62.503659483103746, -31.618016561683721 ], [ -62.503678561304923, -31.617997689202088 ], [ -62.503703922288992, -31.617986961114802 ], [ -62.50374824654827, -31.617979013369492 ], [ -62.503781984581785, -31.617979144459703 ], [ -62.503826136511115, -31.618003675946724 ], [ -62.50385126773174, -31.618036253509363 ], [ -62.503869943853275, -31.61809316593742 ], [ -62.503869714112362, -31.618136471616236 ], [ -62.503878901420478, -31.61819334718049 ], [ -62.503891380913451, -31.618225875586447 ], [ -62.503913392338333, -31.618250321035216 ], [ -62.503930261404435, -31.618250386560121 ], [ -62.503952358984264, -31.618258592372889 ], [ -62.50396495336048, -31.618269467932524 ], [ -62.503974341721054, -31.618288451021055 ], [ -62.503974265156337, -31.61830288624715 ], [ -62.503983653522063, -31.618321869334945 ], [ -62.503996247910372, -31.618332744891518 ], [ -62.504018345515526, -31.618340950693018 ], [ -62.50403521459824, -31.61834101620423 ], [ -62.504057226087738, -31.618365461628446 ], [ -62.50406970566511, -31.618397990016984 ], [ -62.504078893118532, -31.618454865566036 ], [ -62.50407866347112, -31.618498171243761 ], [ -62.504087850938966, -31.618555046791453 ] ], [ [ -62.500082198156555, -31.618396879093595 ], [ -62.500094792095673, -31.618407755030201 ], [ -62.500116889366581, -31.618415961503317 ], [ -62.500133758452804, -31.618416027529985 ], [ -62.500155855729162, -31.618424233996411 ], [ -62.500168449680594, -31.618435109925848 ], [ -62.500177837282706, -31.618454093285173 ], [ -62.500177760131493, -31.618468528502547 ], [ -62.500187147738771, -31.61848751186114 ], [ -62.500199741702303, -31.618498387787483 ], [ -62.500221839003963, -31.618506594242664 ], [ -62.500238708106814, -31.618506660255633 ], [ -62.500260892194788, -31.61849862708446 ], [ -62.50027360187331, -31.618487850177388 ], [ -62.500283191981531, -31.618468941083044 ], [ -62.50028326911648, -31.618454505865422 ], [ -62.500292859219243, -31.618435596770205 ], [ -62.500305568885452, -31.618424819859705 ], [ -62.500327752948344, -31.618416786676558 ], [ -62.500344622035271, -31.618416852675377 ], [ -62.500366806092998, -31.618408819485378 ], [ -62.500379515747106, -31.618398042567367 ], [ -62.500389105824553, -31.618379133464479 ], [ -62.500389182942889, -31.618364698246424 ], [ -62.500417750723457, -31.618345863380462 ], [ -62.5004557639718, -31.618335185433946 ], [ -62.500522229312629, -31.618327325413858 ], [ -62.500572836526636, -31.618327523326087 ], [ -62.500639128423877, -31.618352142486945 ], [ -62.500676910428837, -31.61838477013039 ], [ -62.500705073543003, -31.618441720097604 ], [ -62.500704842333434, -31.618485025753206 ], [ -62.500714027744735, -31.61854190152248 ], [ -62.500726506177273, -31.618574430225028 ], [ -62.500748516847885, -31.618598876210243 ], [ -62.50076538596872, -31.618598942153827 ], [ -62.500787353310351, -31.618631507942737 ], [ -62.500799773988142, -31.618674863051762 ], [ -62.500808858340065, -31.618750685037121 ], [ -62.50080855012088, -31.618808425909279 ], [ -62.500817634491376, -31.61888424789263 ], [ -62.500830055215161, -31.618927602997513 ], [ -62.500852022655046, -31.618960168774642 ], [ -62.500868891841328, -31.618960234705231 ], [ -62.500890729292614, -31.619017159905642 ], [ -62.500902976724639, -31.619092994242585 ], [ -62.50091175785068, -31.619225654885167 ], [ -62.500911218567722, -31.619326701405196 ], [ -62.500919999722726, -31.619459362042715 ], [ -62.500932247231361, -31.619535196372457 ], [ -62.500954084850683, -31.619592121558707 ], [ -62.500970954151228, -31.619592187476997 ], [ -62.500992791807022, -31.619649112656511 ], [ -62.501005039397477, -31.619724946977893 ], [ -62.50101382071508, -31.619857607602473 ], [ -62.50101328152909, -31.619958654114065 ], [ -62.501003084811096, -31.620091240581925 ], [ -62.500990028356227, -31.620166976026706 ], [ -62.500967583939762, -31.620223728170238 ], [ -62.50095071452531, -31.620223662250339 ], [ -62.500928660089592, -31.620207336110155 ], [ -62.500916123594777, -31.620185633843995 ], [ -62.500906836793149, -31.620147704320857 ], [ -62.500906990880566, -31.620118833890455 ], [ -62.500897704088899, -31.620080904366365 ], [ -62.500885167617831, -31.620059202096975 ], [ -62.500863113232121, -31.620042875945572 ], [ -62.500846243850546, -31.620042810012208 ], [ -62.500824146131443, -31.620034603662738 ], [ -62.50081155189006, -31.620023727797673 ], [ -62.500802164005563, -31.620004744486607 ], [ -62.500802241065038, -31.619990309271319 ], [ -62.500811831225299, -31.619971400142198 ], [ -62.500824541043677, -31.619960623184195 ], [ -62.500846725429476, -31.619952589916139 ], [ -62.500863594794765, -31.619952655849261 ], [ -62.500885822513993, -31.619936502765597 ], [ -62.500898590102416, -31.619914899388274 ], [ -62.500908281353986, -31.61987704403073 ], [ -62.500908435439328, -31.619848173599099 ], [ -62.500889659668815, -31.61981020698946 ], [ -62.500864471233243, -31.61978845527069 ], [ -62.50082027591526, -31.619772042574805 ], [ -62.500786537250136, -31.619771910695555 ], [ -62.500742211901695, -31.619779857399308 ], [ -62.500716850097014, -31.619790584886882 ], [ -62.500697770933463, -31.619809456910833 ], [ -62.50069769385842, -31.619823892126298 ], [ -62.500688103690742, -31.619842801247191 ], [ -62.500675393873038, -31.619853578191822 ], [ -62.500653209496562, -31.619861611430331 ], [ -62.50063634014824, -31.61986154546959 ], [ -62.500614155766598, -31.619869578701259 ], [ -62.50060144593678, -31.619880355638355 ], [ -62.500591855743799, -31.619899264751599 ], [ -62.500591778652129, -31.61991369996662 ], [ -62.500601166484813, -31.619932683292866 ], [ -62.500613760689333, -31.619943559178459 ], [ -62.500635858368042, -31.61995176556405 ], [ -62.500652727732643, -31.619951831525039 ], [ -62.500674695345914, -31.619984397329322 ], [ -62.500687116142139, -31.620027752441469 ], [ -62.500696200518497, -31.620103574419236 ], [ -62.500695892213479, -31.620161315278164 ], [ -62.500685998515195, -31.620237063054834 ], [ -62.500673115212614, -31.620280319230414 ], [ -62.500650800655372, -31.620312711890989 ], [ -62.500633931225686, -31.620312645929097 ], [ -62.500611703373231, -31.620328798966618 ], [ -62.50059893566106, -31.620350402312567 ], [ -62.500589244232827, -31.620388257642041 ], [ -62.500589090045693, -31.620417128069803 ], [ -62.500579398606185, -31.62045498339803 ], [ -62.500566630868967, -31.620476586740068 ], [ -62.500544402965687, -31.620492739764931 ], [ -62.500527533503792, -31.620492673788643 ], [ -62.500505565825222, -31.620460107960913 ], [ -62.500493145058833, -31.620416752834313 ], [ -62.500484060820497, -31.620340930847213 ], [ -62.50048436925848, -31.620283189991767 ], [ -62.500475285038704, -31.620207368002674 ], [ -62.500462864318308, -31.6201640128719 ], [ -62.50044089673802, -31.620131447032406 ], [ -62.500424027341566, -31.620131381043116 ], [ -62.50040201640153, -31.62010693500498 ], [ -62.500389537885347, -31.620074406277546 ], [ -62.500380352534407, -31.620017530499037 ], [ -62.500380583908083, -31.619974224855969 ], [ -62.500371398571573, -31.619917349076093 ], [ -62.500358920090456, -31.619884820345092 ], [ -62.500336909224721, -31.619860374295548 ], [ -62.500320039877437, -31.619860308293028 ], [ -62.500297985638177, -31.61984398204503 ], [ -62.500285449338129, -31.619822279717745 ], [ -62.500276162826957, -31.619784350149615 ], [ -62.500276317106888, -31.619755479720357 ], [ -62.500267030605691, -31.619717550151279 ], [ -62.500254494329397, -31.619695847820758 ], [ -62.500232440140124, -31.619679521561551 ], [ -62.500215570825731, -31.619679455545562 ], [ -62.500193299655798, -31.619703728320879 ], [ -62.500180474068983, -31.619736158037881 ], [ -62.500170681271328, -31.619792959556989 ], [ -62.500170449802098, -31.619836265199876 ], [ -62.500160656987028, -31.619893066717161 ], [ -62.500147831362035, -31.619925496429538 ], [ -62.500125560115187, -31.619949769191312 ], [ -62.50010869075232, -31.619949703160707 ], [ -62.50008659312163, -31.619941496684376 ], [ -62.500073998979438, -31.619930620747429 ], [ -62.500064611254537, -31.619911637383538 ], [ -62.500064688427564, -31.619897202169668 ], [ -62.500055300707814, -31.619878218805045 ], [ -62.500042706577723, -31.619867342865025 ], [ -62.500020608972356, -31.619859136377439 ], [ -62.500003739626116, -31.619859070333138 ], [ -62.499981642026199, -31.619850863838852 ], [ -62.499969047908422, -31.619839987891655 ], [ -62.499959660213761, -31.619821004520098 ], [ -62.499959737402719, -31.619806569306249 ], [ -62.499969327713096, -31.619787660241432 ], [ -62.499982037602102, -31.619776883367713 ], [ -62.50000422201439, -31.619768850246079 ], [ -62.500021091344372, -31.619768916290148 ], [ -62.50004331916292, -31.619752763353706 ], [ -62.500056086919109, -31.61973116006175 ], [ -62.500065778490736, -31.619693304770394 ], [ -62.500065932835078, -31.619664434341644 ], [ -62.500047157444229, -31.619626467610985 ], [ -62.500021969255869, -31.619604715727966 ], [ -62.499977774176273, -31.619588302742475 ], [ -62.49994403558177, -31.619588170641336 ], [ -62.499899797100426, -31.619579877437069 ], [ -62.499874551058149, -31.619568951935985 ], [ -62.499855674433519, -31.619549931396289 ], [ -62.499855751637718, -31.619535496182056 ], [ -62.499846363995879, -31.619516512801823 ], [ -62.49983376993849, -31.619505636841346 ], [ -62.499811672437005, -31.619497430318223 ], [ -62.499794803156533, -31.619497364246989 ], [ -62.499772705660511, -31.619489157717176 ], [ -62.49976011161543, -31.619478281749515 ], [ -62.49975072399868, -31.619459298362337 ], [ -62.499750801218809, -31.619444863148136 ], [ -62.499760391533073, -31.619425954097988 ], [ -62.499773101396123, -31.619415177244203 ], [ -62.499795285739594, -31.619407144157694 ], [ -62.499812155003774, -31.619407210228694 ], [ -62.499834469628922, -31.619374817710831 ], [ -62.499847353187555, -31.619331561616466 ], [ -62.49985724745806, -31.619255813900125 ], [ -62.499857556269994, -31.619198073040398 ], [ -62.499867450516589, -31.619122325321435 ], [ -62.499880334023572, -31.619079069221517 ], [ -62.499902648545351, -31.619046676689031 ], [ -62.499919517744793, -31.619046742745184 ], [ -62.499941615150078, -31.619054949249207 ], [ -62.499954209160187, -31.619065825199318 ], [ -62.499963596780091, -31.619084808572733 ], [ -62.499963519593912, -31.619099243788209 ], [ -62.499972907218968, -31.619118227160886 ], [ -62.499985501241191, -31.619129103107923 ], [ -62.500007598671779, -31.619137309600699 ], [ -62.500024467887847, -31.619137375643135 ], [ -62.500046869194286, -31.619088743467792 ], [ -62.500059868370414, -31.619023834524928 ], [ -62.500069965002311, -31.618910194344149 ], [ -62.500070428016606, -31.618823583046797 ], [ -62.50006154682913, -31.618709868572591 ], [ -62.500049242247684, -31.618644860570537 ], [ -62.500027361983555, -31.618596055038552 ], [ -62.500010492865137, -31.618595988997487 ], [ -62.499988395561523, -31.618587782505855 ], [ -62.499975801610965, -31.618576906558925 ], [ -62.499966414038106, -31.618557923185421 ], [ -62.499966491222217, -31.618543487968697 ], [ -62.499947614782748, -31.6185244674415 ], [ -62.499922369017931, -31.618513541950968 ], [ -62.499878131045627, -31.618505248743094 ], [ -62.49984439284237, -31.618505116619673 ], [ -62.499800068020491, -31.61851306300338 ], [ -62.499774706456016, -31.618523790308423 ], [ -62.499755627366412, -31.618542662196067 ], [ -62.499755550149757, -31.61855709741231 ], [ -62.499745959926109, -31.618576006465577 ], [ -62.499733250175403, -31.61858678331922 ], [ -62.499711066022371, -31.618594816397948 ], [ -62.49969419690499, -31.618594750315118 ], [ -62.499672099630196, -31.618586543769052 ], [ -62.499659505717041, -31.618575667791308 ], [ -62.499650118208834, -31.618556684395212 ], [ -62.49965019544176, -31.618542249179178 ], [ -62.499640807938704, -31.618523265782368 ], [ -62.499628214037649, -31.618512389801563 ], [ -62.499606116788158, -31.61850418324423 ], [ -62.499589247687396, -31.618504117147697 ], [ -62.499567150443376, -31.618495910583661 ], [ -62.499554556554635, -31.618485034595682 ], [ -62.499545169076669, -31.61846605119192 ], [ -62.499545246325525, -31.618451615975925 ], [ -62.499535858852724, -31.61843263257143 ], [ -62.499523264976069, -31.618421756580389 ], [ -62.499501167757366, -31.618413550005087 ], [ -62.499484298673217, -31.618413483894866 ], [ -62.499462027621441, -31.618437756548612 ], [ -62.49944920196193, -31.618470186197762 ], [ -62.499439408864362, -31.618526987668787 ], [ -62.499439177067941, -31.618570293315429 ], [ -62.499419895071554, -31.618627057592342 ], [ -62.499394417524407, -31.618659437643746 ], [ -62.499350005653582, -31.618683623486884 ], [ -62.499316267388693, -31.618683491223283 ], [ -62.499271942439776, -31.618691437422132 ], [ -62.499246580767533, -31.61870216462086 ], [ -62.499227501535579, -31.61872103642758 ], [ -62.499227424236864, -31.618735471642267 ], [ -62.499217833888181, -31.618754380654035 ], [ -62.499205124052821, -31.618765157453954 ], [ -62.499182939813203, -31.618773190439803 ], [ -62.499166070665005, -31.618773124286879 ], [ -62.499143973395924, -31.618764917649688 ], [ -62.499131379521202, -31.618754041620555 ], [ -62.499121992103362, -31.618735058187106 ], [ -62.499122069418348, -31.618720622972653 ], [ -62.499093704228663, -31.618701565105976 ], [ -62.499055806668736, -31.618690589821789 ], [ -62.498989427959117, -31.618682209458232 ], [ -62.498938820565442, -31.618682010916615 ], [ -62.498872354850704, -31.618689870108174 ], [ -62.498834341283491, -31.618700547579412 ], [ -62.498805773079681, -31.618719382085679 ], [ -62.498805695715866, -31.618733817299429 ], [ -62.498796105282544, -31.61875272627865 ], [ -62.498783395399407, -31.618763503036096 ], [ -62.498761211124986, -31.618771535948309 ], [ -62.498744341978174, -31.618771469739688 ], [ -62.498722288271978, -31.618755143222316 ], [ -62.498709752482192, -31.618733440741995 ], [ -62.498700466713629, -31.618695511060601 ], [ -62.498700621473446, -31.618666640633371 ], [ -62.498710313475868, -31.618628785443143 ], [ -62.498723081380973, -31.618607182282275 ], [ -62.498745309141547, -31.618591029568282 ], [ -62.498762178255809, -31.618591095776445 ], [ -62.498784362487122, -31.618583062863397 ], [ -62.498797072345326, -31.618572286105298 ], [ -62.498806662759435, -31.618553377125259 ], [ -62.498806740122546, -31.618538941911098 ], [ -62.498778375052709, -31.618519883975093 ], [ -62.498740477604429, -31.618508908598155 ], [ -62.498674099054142, -31.618500528072122 ], [ -62.498623491761215, -31.618500329406558 ], [ -62.498557026151666, -31.618508188435285 ], [ -62.49851901262393, -31.618518865813378 ], [ -62.498490444413626, -31.618537700249554 ], [ -62.4984903670017, -31.618552135463023 ], [ -62.498471287649778, -31.618571007155932 ], [ -62.498445925920805, -31.618581734195239 ], [ -62.498401600950572, -31.61858968009188 ], [ -62.498367862724486, -31.618589547578075 ], [ -62.498323668420575, -31.618573134025571 ], [ -62.498298480918194, -31.618551381806178 ], [ -62.498279706465688, -31.618513414818853 ], [ -62.498279861354291, -31.618484544392654 ], [ -62.498308531229611, -31.618446763786306 ], [ -62.498346602826388, -31.618425260060647 ], [ -62.498413111943719, -31.618409281333253 ], [ -62.49846371918575, -31.618409480081663 ], [ -62.498530184732182, -31.618401621100727 ], [ -62.498568198210833, -31.618390943718605 ], [ -62.498596766360478, -31.61837210926398 ], [ -62.498596843755436, -31.618357674049868 ], [ -62.498625411889137, -31.61833883958856 ], [ -62.498663425331699, -31.618328162177626 ], [ -62.498729890804924, -31.618320303091863 ], [ -62.498780498001253, -31.618320501714255 ], [ -62.498846963460075, -31.618312642567414 ], [ -62.498884976867572, -31.618301965090108 ], [ -62.498913544926985, -31.618283130563402 ], [ -62.498913622272781, -31.61826869534838 ], [ -62.498980145686104, -31.618250009720292 ], [ -62.499068766208154, -31.618239530710536 ], [ -62.499223794102697, -31.618232018706781 ], [ -62.499341877459038, -31.618232481670013 ], [ -62.499496905324648, -31.618224969334374 ], [ -62.499585525770108, -31.618214489965116 ], [ -62.499652049015431, -31.618195803985078 ], [ -62.499652126246978, -31.61818136876823 ], [ -62.499661716447896, -31.618162459720626 ], [ -62.499674426148374, -31.618151682872867 ], [ -62.499696610198804, -31.618143649798895 ], [ -62.499713479234828, -31.618143715880574 ], [ -62.499735576409265, -31.618151922419003 ], [ -62.499748170275005, -31.618162798389459 ], [ -62.499757557764816, -31.61818178177931 ], [ -62.499757480549547, -31.618196216996392 ], [ -62.499776356884631, -31.618215237551578 ], [ -62.499801602551948, -31.618226163070467 ], [ -62.499845840385412, -31.61823445630376 ], [ -62.499879578491026, -31.618234588425803 ], [ -62.499923816335766, -31.618242881632195 ], [ -62.499949062028136, -31.618253807122141 ], [ -62.499967938414045, -31.618272827649378 ], [ -62.499967861230978, -31.618287262866701 ], [ -62.499977248777746, -31.618306246240635 ], [ -62.499989842692464, -31.618317122187488 ], [ -62.500011939932591, -31.618325328678569 ], [ -62.500028809002202, -31.618325394718926 ], [ -62.500050906247786, -31.618333601203314 ], [ -62.500063500174804, -31.618344477142994 ], [ -62.500072887746676, -31.618363460509983 ], [ -62.500072810579539, -31.618377895727345 ], [ -62.500082198156555, -31.618396879093595 ] ], [ [ -62.505207060409965, -31.619048391186954 ], [ -62.505169047393188, -31.619059070549149 ], [ -62.505102581887954, -31.619066932985419 ], [ -62.505051974238974, -31.619066736864028 ], [ -62.504985508719287, -31.619074599239188 ], [ -62.504947495667437, -31.619085278535028 ], [ -62.504918928556968, -31.619104114419176 ], [ -62.50491885213561, -31.619118549645489 ], [ -62.504947218655957, -31.619137606230638 ], [ -62.504985117112383, -31.61914857977477 ], [ -62.50505149673365, -31.619156957030278 ], [ -62.505102104431444, -31.619157153152358 ], [ -62.505168441104686, -31.619173650162256 ], [ -62.505206282319627, -31.619195450061166 ], [ -62.505234548683021, -31.619233452818197 ], [ -62.505234395936924, -31.619262323271577 ], [ -62.505224706499256, -31.619300178979746 ], [ -62.505211939990112, -31.6193217828028 ], [ -62.505189713155204, -31.619337936650215 ], [ -62.505172843889717, -31.619337871289652 ], [ -62.505150745946104, -31.619329665685729 ], [ -62.505138151289295, -31.61931879024193 ], [ -62.505128762590758, -31.61929980723853 ], [ -62.505128838980255, -31.619285372012168 ], [ -62.505109961332401, -31.619266352237847 ], [ -62.505084714751021, -31.61925542776082 ], [ -62.505040475945705, -31.619247136333815 ], [ -62.505006737448312, -31.619247005571363 ], [ -62.504962369703854, -31.619263073561488 ], [ -62.504936951198204, -31.619284628313952 ], [ -62.504917772678112, -31.61932244721363 ], [ -62.504917619833677, -31.619351317665217 ], [ -62.504907930258383, -31.619389173347425 ], [ -62.504895163664067, -31.619410777137642 ], [ -62.504872936753841, -31.61942693092891 ], [ -62.504856067473106, -31.619426865526336 ], [ -62.504833969537138, -31.619418659867783 ], [ -62.504821374905767, -31.619407784393161 ], [ -62.504811986263185, -31.619388801367307 ], [ -62.504812062701838, -31.619374366141834 ], [ -62.504802674064415, -31.619355383115245 ], [ -62.504790079445144, -31.61934450763755 ], [ -62.504767981534492, -31.619336301967738 ], [ -62.504751112270377, -31.619336236551476 ], [ -62.504729143376686, -31.619303671432043 ], [ -62.504716720792352, -31.619260316689793 ], [ -62.504707633224285, -31.619184494955288 ], [ -62.504707939040578, -31.619126754052306 ], [ -62.504698851491099, -31.619050932315798 ], [ -62.50468642895278, -31.619007577569391 ], [ -62.504664460157372, -31.618975012438181 ], [ -62.504647590958697, -31.618974947008908 ], [ -62.50462562218442, -31.618942381871072 ], [ -62.504613199693864, -31.618899027117291 ], [ -62.504604112240827, -31.618823205372394 ], [ -62.504604418116728, -31.618765464467025 ], [ -62.504614308472753, -31.618689716335044 ], [ -62.504627189728339, -31.618646459730083 ], [ -62.504649502512187, -31.61861406634797 ], [ -62.504666371645776, -31.618614131776319 ], [ -62.504688383365071, -31.618638577093048 ], [ -62.504700863197961, -31.61867110542115 ], [ -62.504710051060371, -31.618727980926614 ], [ -62.504709821702789, -31.61877128660662 ], [ -62.504747476308083, -31.618828272504928 ], [ -62.504797911837422, -31.618860948005615 ], [ -62.504886346056871, -31.618885650824289 ], [ -62.504953822789929, -31.618885912401204 ], [ -62.505042343027469, -31.618894375482039 ], [ -62.505092893287703, -31.618905398026673 ], [ -62.505130748699806, -31.618924491342501 ], [ -62.505130672311687, -31.618938926569697 ], [ -62.505140060975407, -31.618957909573652 ], [ -62.505152655584425, -31.618968785017351 ], [ -62.50517475344337, -31.618976990620542 ], [ -62.505191622643764, -31.618977055980192 ], [ -62.505213720508173, -31.618985261576665 ], [ -62.505226315129505, -31.618996137013205 ], [ -62.505235703818308, -31.619015120010225 ], [ -62.505235627446119, -31.619029555237439 ], [ -62.505207060409965, -31.619048391186954 ] ], [ [ -62.502057119175873, -31.620152194515295 ], [ -62.502044236517847, -31.620195450836452 ], [ -62.502021922452869, -31.620227843742171 ], [ -62.502005053034971, -31.620227777961532 ], [ -62.501982955167854, -31.620219571811305 ], [ -62.501970360765455, -31.620208696059169 ], [ -62.501960972626478, -31.620189712831241 ], [ -62.501961049507621, -31.620175277613814 ], [ -62.501951661373802, -31.620156294385151 ], [ -62.501939066983503, -31.620145418629964 ], [ -62.501916969141703, -31.620137212468457 ], [ -62.501900099740411, -31.620137146674129 ], [ -62.501878001904075, -31.62012894050595 ], [ -62.50186540752609, -31.620118064743558 ], [ -62.501856019417367, -31.620099081507956 ], [ -62.501856096314441, -31.620084646290561 ], [ -62.50184670821087, -31.620065663054223 ], [ -62.501834113844986, -31.62005478728879 ], [ -62.501812016033959, -31.620046581109314 ], [ -62.5017951466493, -31.620046515301297 ], [ -62.501772962320253, -31.620054548734615 ], [ -62.501760252596924, -31.620065325787838 ], [ -62.501750662617532, -31.6200842349898 ], [ -62.501750585704187, -31.620098670206964 ], [ -62.501740995719338, -31.620117579408031 ], [ -62.501728285983688, -31.620128356457851 ], [ -62.501706101629559, -31.620136389879182 ], [ -62.501689232228955, -31.620136324057004 ], [ -62.501667134411839, -31.620128117852524 ], [ -62.501654540058773, -31.62011724206959 ], [ -62.501645151993159, -31.620098258818921 ], [ -62.501645228922783, -31.620083823601991 ], [ -62.50163584086232, -31.62006484035059 ], [ -62.501623246521369, -31.620053964564615 ], [ -62.501601148729556, -31.620045758348848 ], [ -62.501584279345572, -31.620045692512978 ], [ -62.501562181559216, -31.620037486290546 ], [ -62.501549587230578, -31.620026610497362 ], [ -62.501540199195212, -31.620007627239008 ], [ -62.501540276140759, -31.619993192022111 ], [ -62.501530888110558, -31.61997420876305 ], [ -62.501518293794007, -31.619963332966798 ], [ -62.501496196032974, -31.619955126733092 ], [ -62.50147932666561, -31.619955060883527 ], [ -62.501457228910034, -31.619946854643121 ], [ -62.501444634605797, -31.619935978839674 ], [ -62.501435246600686, -31.619916995573675 ], [ -62.501435323562156, -31.619902560356802 ], [ -62.501444913585836, -31.619883651178466 ], [ -62.501457623320071, -31.619872874156417 ], [ -62.501479807632109, -31.619864840777495 ], [ -62.501496676983209, -31.619864906626834 ], [ -62.501518904573558, -31.619848753431405 ], [ -62.501531672004354, -31.619827149988847 ], [ -62.501541362990707, -31.619789294580002 ], [ -62.501541516880074, -31.619760424145195 ], [ -62.501532229863926, -31.61972249466282 ], [ -62.501519693291591, -31.619700792453472 ], [ -62.501497638877176, -31.619684466410465 ], [ -62.501480769558647, -31.619684400561592 ], [ -62.501458671866551, -31.619676194321748 ], [ -62.501446077598153, -31.619665318518376 ], [ -62.501436689619148, -31.619646335251957 ], [ -62.501436766579587, -31.619631900034456 ], [ -62.501446356574441, -31.619612990854908 ], [ -62.501459066271295, -31.6196022138319 ], [ -62.501481250518665, -31.619594180451717 ], [ -62.501498119820937, -31.619594246300355 ], [ -62.501520347346045, -31.619578093103318 ], [ -62.50153311473867, -31.619556489659338 ], [ -62.501542805694854, -31.619518634248482 ], [ -62.501542959582146, -31.619489763812435 ], [ -62.501552650527053, -31.619451908400325 ], [ -62.501565417894618, -31.61943030495242 ], [ -62.5015876453689, -31.619414151742728 ], [ -62.501604514638963, -31.619414217576992 ], [ -62.501626612282628, -31.619422423791427 ], [ -62.501639206539949, -31.619433299577274 ], [ -62.501648594539503, -31.619452282829656 ], [ -62.501648517612303, -31.619466718048024 ], [ -62.501657905617009, -31.619485701299666 ], [ -62.501670499886451, -31.61949657708244 ], [ -62.501692597555419, -31.619504783285624 ], [ -62.501709466842101, -31.619504849106185 ], [ -62.501731434723155, -31.619537414733706 ], [ -62.501743855954324, -31.619580769750542 ], [ -62.501752941150301, -31.619656591666846 ], [ -62.501752633503138, -31.619714332539122 ], [ -62.501780696723323, -31.61979022849173 ], [ -62.501818422028734, -31.619833682213674 ], [ -62.501884672073452, -31.61986642054671 ], [ -62.501935280130851, -31.619866617927627 ], [ -62.502001530240506, -31.619899356200534 ], [ -62.502039255692772, -31.619942809858014 ], [ -62.502067319212422, -31.620018705748038 ], [ -62.502067011755024, -31.620076446619812 ], [ -62.502057119175873, -31.620152194515295 ] ], [ [ -62.503110474289478, -31.620341252337585 ], [ -62.503097879738192, -31.62033037669535 ], [ -62.5030757817484, -31.620322170733111 ], [ -62.503058912310763, -31.6203221050915 ], [ -62.503036814326421, -31.620313899122575 ], [ -62.503024219787441, -31.620303023473138 ], [ -62.503014831424224, -31.620284040320644 ], [ -62.503014908142966, -31.620269605101125 ], [ -62.503033986938952, -31.620250732728504 ], [ -62.503059348609852, -31.620240004780062 ], [ -62.503103673991376, -31.620232057272833 ], [ -62.503137412834427, -31.62023218854166 ], [ -62.50318143622755, -31.620281079685697 ], [ -62.50320639527169, -31.620346136612163 ], [ -62.503224769486749, -31.620459887791949 ], [ -62.503224309364406, -31.620546499108677 ], [ -62.503204727264453, -31.620660102634396 ], [ -62.50317907789033, -31.620724962680928 ], [ -62.503134536557098, -31.620773509263934 ], [ -62.503100797518755, -31.620773377992354 ], [ -62.503056471879738, -31.620781325495251 ], [ -62.503031110060839, -31.620792053440692 ], [ -62.503012031152295, -31.620810925810158 ], [ -62.503011954431472, -31.62082536102843 ], [ -62.503030831958505, -31.620844381107098 ], [ -62.503056078720611, -31.620855305989405 ], [ -62.503100318099129, -31.620863598107775 ], [ -62.503134057170016, -31.620863729379828 ], [ -62.503178253418689, -31.620880141281702 ], [ -62.503203442689404, -31.620901892548964 ], [ -62.503222219617108, -31.620939858823913 ], [ -62.503222066239552, -31.620968729260774 ], [ -62.503212375802839, -31.621006584795964 ], [ -62.503199608593093, -31.621028188404896 ], [ -62.503177381005713, -31.621044341889995 ], [ -62.503160511437549, -31.621044276260477 ], [ -62.503138283839654, -31.621060429738627 ], [ -62.503125516605365, -31.621082033339729 ], [ -62.503115826117281, -31.621119888866399 ], [ -62.503115672705796, -31.621148759301963 ], [ -62.503124960499363, -31.621186688668832 ], [ -62.503137497640822, -31.621208390721439 ], [ -62.50315955270122, -31.621224716484029 ], [ -62.503176422301934, -31.621224782114005 ], [ -62.503198606792893, -31.621216748439991 ], [ -62.503211316510843, -31.621205971245441 ], [ -62.503220906314645, -31.621187061935231 ], [ -62.503220983004283, -31.621172626717328 ], [ -62.503230572802622, -31.621153717406248 ], [ -62.503243282508272, -31.621142940208291 ], [ -62.503265466974113, -31.621134906522279 ], [ -62.503282336558911, -31.621134972138108 ], [ -62.503304434758419, -31.621143178065736 ], [ -62.503317029442172, -31.621154053687604 ], [ -62.503326417951911, -31.621173036816835 ], [ -62.503326341278544, -31.621187472034979 ], [ -62.503335729793449, -31.621206455163485 ], [ -62.503348324489295, -31.621217330782276 ], [ -62.503370422714127, -31.621225536698642 ], [ -62.50338729231553, -31.621225602300772 ], [ -62.503409390545819, -31.621233808210441 ], [ -62.503421985253979, -31.621244683822056 ], [ -62.503431373793987, -31.621263666943609 ], [ -62.503431297136551, -31.621278102161785 ], [ -62.503412218207387, -31.621296974589402 ], [ -62.503386856287591, -31.621307702603612 ], [ -62.503342530417555, -31.621315650202778 ], [ -62.503308791182548, -31.62131551898413 ], [ -62.50326446530255, -31.621323466556095 ], [ -62.503239103358993, -31.621334194540669 ], [ -62.503220024379829, -31.621353066938894 ], [ -62.503219947689509, -31.62136750215641 ], [ -62.503200868699629, -31.621386374551548 ], [ -62.503175506731786, -31.621397102523151 ], [ -62.503131180802342, -31.621405050048217 ], [ -62.503097441536156, -31.621404918773404 ], [ -62.503053245055327, -31.621388506842511 ], [ -62.503028055690464, -31.621366755546273 ], [ -62.503009278758718, -31.621328789245243 ], [ -62.503009432204124, -31.621299918810948 ], [ -62.503000144446936, -31.621261989436725 ], [ -62.502987607330525, -31.621240287371052 ], [ -62.502965552296949, -31.62122396157908 ], [ -62.502948682696911, -31.621223895921251 ], [ -62.502926843491458, -31.621166971074096 ], [ -62.502914594167464, -31.621091136936045 ], [ -62.502905810060234, -31.620958476438684 ], [ -62.502906347222243, -31.620857429913812 ], [ -62.502916541342593, -31.620724843282854 ], [ -62.502929596324165, -31.620649107632371 ], [ -62.502952039660457, -31.620592355136537 ], [ -62.502968909146567, -31.620592420792757 ], [ -62.502991136660917, -31.62057626734207 ], [ -62.503003903855358, -31.620554663752298 ], [ -62.503013594326831, -31.620516808230658 ], [ -62.503013747766047, -31.620487937792664 ], [ -62.503023438226265, -31.62045008226977 ], [ -62.503036205395638, -31.620428478676086 ], [ -62.503058432859163, -31.62041232521274 ], [ -62.503075302313071, -31.620412390854579 ], [ -62.503097486618749, -31.620404357195195 ], [ -62.503110196236456, -31.620393580008333 ], [ -62.503119785974981, -31.620374670702688 ], [ -62.503119862677799, -31.62036023548314 ], [ -62.503110474289478, -31.620341252337585 ] ], [ [ -62.505741380010214, -31.621287063726069 ], [ -62.505728613342015, -31.621308667592491 ], [ -62.505706386118, -31.621324821520886 ], [ -62.505689516492772, -31.621324756224912 ], [ -62.505667418035479, -31.621316550707668 ], [ -62.505654823053476, -31.621305675314847 ], [ -62.50564543405568, -31.621286692352204 ], [ -62.505645510371345, -31.621272257129199 ], [ -62.505626632221883, -31.621253237431972 ], [ -62.505601385045509, -31.621242313054331 ], [ -62.505557145254336, -31.621234021798763 ], [ -62.505523406037462, -31.621233891165495 ], [ -62.505479080373689, -31.621241839508592 ], [ -62.505453718700323, -31.621252567935962 ], [ -62.505434640180383, -31.621271440670061 ], [ -62.505434563832175, -31.621285875892607 ], [ -62.505415485301533, -31.621304748623626 ], [ -62.505390123603867, -31.621315477038021 ], [ -62.505345797890662, -31.621323425334229 ], [ -62.505312058642588, -31.621323294644807 ], [ -62.505267818840274, -31.621315003288974 ], [ -62.505242571690246, -31.62130407884078 ], [ -62.505223693617232, -31.621285059084855 ], [ -62.505223769997997, -31.621270623862763 ], [ -62.505233359403768, -31.62125171439753 ], [ -62.505246068894849, -31.62124093699817 ], [ -62.505268253216883, -31.621232902962824 ], [ -62.505285122824475, -31.621232968314274 ], [ -62.505307307141344, -31.621224934272089 ], [ -62.505320016620317, -31.6212141568652 ], [ -62.505329606000771, -31.621195247392301 ], [ -62.505329682364923, -31.621180812169793 ], [ -62.505339271739906, -31.62116190269602 ], [ -62.50535198120658, -31.621151125285721 ], [ -62.505374165498367, -31.621143091231549 ], [ -62.505391035090014, -31.621143156568838 ], [ -62.505413219376635, -31.621135122507837 ], [ -62.505425928831208, -31.621124345090006 ], [ -62.505435518180889, -31.621105435608584 ], [ -62.505435594528407, -31.621091000385615 ], [ -62.505407227320028, -31.621071943907662 ], [ -62.505369328035947, -31.621060970483569 ], [ -62.505302947034664, -31.621052593381595 ], [ -62.505252338309553, -31.621052397328622 ], [ -62.505186043259769, -31.621027780540643 ], [ -62.505148258607818, -31.620995154217486 ], [ -62.505120092026715, -31.620938205217051 ], [ -62.505120321213703, -31.62089489954905 ], [ -62.505139600248867, -31.620838134400703 ], [ -62.505165076426998, -31.62080575319975 ], [ -62.505209487837881, -31.620781565337211 ], [ -62.505243226889966, -31.620781696051747 ], [ -62.50528746643834, -31.62078998741417 ], [ -62.505312713455758, -31.620800911852999 ], [ -62.505331591450698, -31.620819931596397 ], [ -62.505331515087924, -31.620834366819729 ], [ -62.505340903977533, -31.620853349805685 ], [ -62.505353498862398, -31.620864225229223 ], [ -62.505375597185044, -31.620872430800006 ], [ -62.505392466727876, -31.620872496136606 ], [ -62.505414693896746, -31.620856342261181 ], [ -62.505427460573799, -31.620834738424701 ], [ -62.505437150097322, -31.620796882711005 ], [ -62.505437302789979, -31.620768012263685 ], [ -62.505456481405744, -31.620730193295408 ], [ -62.505481900190695, -31.620708638447198 ], [ -62.505526268537778, -31.620692570286348 ], [ -62.505560007559367, -31.620692700916855 ], [ -62.505604118304781, -31.620725351610336 ], [ -62.505629193630398, -31.620768755241215 ], [ -62.505647771197964, -31.620844613633182 ], [ -62.505647465941486, -31.620902354528837 ], [ -62.505637576162094, -31.620978102720841 ], [ -62.505624695036147, -31.621021359413469 ], [ -62.505602382001619, -31.621053752951369 ], [ -62.505585512425554, -31.62105368764216 ], [ -62.505563328172741, -31.621061721733543 ], [ -62.50555061874244, -31.6210724991654 ], [ -62.50554102941939, -31.62109140865585 ], [ -62.505540953088136, -31.621105843879032 ], [ -62.505559831190652, -31.621124863588879 ], [ -62.505585078330526, -31.621135787974538 ], [ -62.505629318077958, -31.621144079220109 ], [ -62.505663057262979, -31.621144209825072 ], [ -62.50570725409969, -31.621160620856898 ], [ -62.505732444040341, -31.621182371631196 ], [ -62.505751222054847, -31.621220337543765 ], [ -62.505751069456416, -31.621249207990388 ], [ -62.505741380010214, -31.621287063726069 ] ] ], [ [ [ -62.506930064282358, -31.617087243592209 ], [ -62.506932792804712, -31.617093111420676 ], [ -62.506933289461379, -31.616998907097891 ], [ -62.506860410335136, -31.61699862571573 ], [ -62.506930064282358, -31.617087243592209 ] ] ] ] } },
{ "type": "Feature", "properties": { "zona": "7", "zona_id": "7" }, "geometry": { "type": "MultiPolygon", "coordinates": [ [ [ [ -62.506909827763877, -31.621448566876055 ], [ -62.506910132247384, -31.621390825974331 ], [ -62.506920021045602, -31.621315077678556 ], [ -62.506932901616501, -31.621271820851533 ], [ -62.506955214246439, -31.62123942707807 ], [ -62.506972083859488, -31.621239492206687 ], [ -62.50699426803709, -31.62123145787 ], [ -62.507005706396214, -31.621221758050972 ], [ -62.507006977324863, -31.621220680293238 ], [ -62.507016566366623, -31.621201770690195 ], [ -62.507016642470376, -31.621187335464022 ], [ -62.507026231506671, -31.621168425860109 ], [ -62.507038940782159, -31.621157648279937 ], [ -62.507061124934644, -31.621149613931248 ], [ -62.507077994531762, -31.621149679045722 ], [ -62.507100307082062, -31.621117285245482 ], [ -62.507106747313188, -31.621095656821858 ], [ -62.507113187541279, -31.6210740283978 ], [ -62.507118512172454, -31.621033240842586 ], [ -62.507123076138129, -31.620998280080538 ], [ -62.507123380484607, -31.620940539172896 ], [ -62.507114290818485, -31.62086471760788 ], [ -62.507101866927805, -31.62082136309477 ], [ -62.50707989686812, -31.620788798375322 ], [ -62.507063027336102, -31.620788733261772 ], [ -62.507040971686493, -31.620772408166278 ], [ -62.507028433690735, -31.620750706486728 ], [ -62.507019144350643, -31.620712777385382 ], [ -62.507019296554368, -31.620683906930779 ], [ -62.507010007224252, -31.620645977828488 ], [ -62.506997469252255, -31.620624276145698 ], [ -62.506975413652654, -31.620607951038984 ], [ -62.50695854415352, -31.620607885911962 ], [ -62.506936317307279, -31.620624040060083 ], [ -62.506923551006153, -31.620645644051979 ], [ -62.506913862099331, -31.620683499885676 ], [ -62.506913709863049, -31.620712370339806 ], [ -62.506894531837368, -31.620750189533123 ], [ -62.506869113362669, -31.620771744665571 ], [ -62.50682474520206, -31.620787813294751 ], [ -62.506791006139714, -31.62078768299801 ], [ -62.506746680789604, -31.620795631784905 ], [ -62.506721319379878, -31.620806360467508 ], [ -62.506702241205446, -31.620825233395848 ], [ -62.506702165054243, -31.620839668622168 ], [ -62.506683086869081, -31.620858541547442 ], [ -62.50665772543509, -31.620869270217042 ], [ -62.506613400035519, -31.620877218957073 ], [ -62.506579660942002, -31.620877088604171 ], [ -62.506535421231675, -31.620868797687912 ], [ -62.506510174049794, -31.620857873489278 ], [ -62.506491295805148, -31.620838853917693 ], [ -62.506491371988893, -31.620824418691825 ], [ -62.506500961092627, -31.620805509126985 ], [ -62.506513670377998, -31.6207947315986 ], [ -62.506535854487815, -31.6207866973403 ], [ -62.506552724018128, -31.62078676252349 ], [ -62.506574908122779, -31.620778728258337 ], [ -62.50658761739605, -31.620767950722421 ], [ -62.506597206474467, -31.620749041149924 ], [ -62.506597282641607, -31.62073460592363 ], [ -62.506606871714567, -31.620715696350263 ], [ -62.506619580975531, -31.620704918810929 ], [ -62.506641765055079, -31.6206968845338 ], [ -62.506658634569469, -31.620696949702836 ], [ -62.506680818643865, -31.620688915418867 ], [ -62.506693527892722, -31.620678137872002 ], [ -62.506703116940379, -31.62065922829099 ], [ -62.5067031930909, -31.620644793064244 ], [ -62.506684314848997, -31.620625773520608 ], [ -62.50665906771453, -31.620614849351494 ], [ -62.506614828120526, -31.620606558463599 ], [ -62.506581089124651, -31.620606428112051 ], [ -62.506536849541916, -31.620598137197263 ], [ -62.506511602432504, -31.620587212999183 ], [ -62.506492724241426, -31.620568193427555 ], [ -62.506492800424141, -31.620553758201087 ], [ -62.506483411328738, -31.62053477529685 ], [ -62.506470816354742, -31.620523899983294 ], [ -62.506448718015264, -31.620515694601444 ], [ -62.506431848534106, -31.620515629405023 ], [ -62.506409664480252, -31.620523663646161 ], [ -62.506396955220318, -31.62053444116491 ], [ -62.506387366124216, -31.620553350722815 ], [ -62.506387289925222, -31.620567785949056 ], [ -62.506377700823663, -31.620586695506077 ], [ -62.506364991551422, -31.620597473021412 ], [ -62.506342807472457, -31.620605507250577 ], [ -62.506325937975376, -31.620605442039992 ], [ -62.50630375389126, -31.620613476262321 ], [ -62.506291044606918, -31.620624253770121 ], [ -62.506281455480057, -31.620643163319489 ], [ -62.506281379264436, -31.620657598545304 ], [ -62.506290768330608, -31.620676581463734 ], [ -62.506303363303736, -31.620687456794794 ], [ -62.506325461670478, -31.620695662201854 ], [ -62.506342331183838, -31.620695727412656 ], [ -62.506364215234996, -31.620744531885638 ], [ -62.506376524470909, -31.620809539305931 ], [ -62.506385413507523, -31.620923253384738 ], [ -62.506384956304281, -31.621009864736632 ], [ -62.50639384536678, -31.621123578811577 ], [ -62.506406154669541, -31.621188586225902 ], [ -62.506428038865913, -31.621237390685685 ], [ -62.50644490847727, -31.621237455883946 ], [ -62.50646692127372, -31.621261900895203 ], [ -62.506479402065061, -31.621294429046117 ], [ -62.506488591246452, -31.621351304414041 ], [ -62.506488362689026, -31.621394610087886 ], [ -62.506497551884856, -31.621451485454433 ], [ -62.506503792297003, -31.621467749528254 ], [ -62.50651003271129, -31.621484013601751 ], [ -62.506532045582077, -31.621508458601618 ], [ -62.50654891524259, -31.621508523786634 ], [ -62.506571013824519, -31.621516729152365 ], [ -62.506583608942428, -31.621527604455835 ], [ -62.506592998155156, -31.621546587351002 ], [ -62.506592921984947, -31.621561022575449 ], [ -62.506592722037873, -31.621598915039424 ], [ -62.50670870106827, -31.621599363087459 ], [ -62.506725570745644, -31.621599428249315 ], [ -62.506776179778072, -31.621599623721497 ], [ -62.506793049455652, -31.621599688874429 ], [ -62.506903799534982, -31.621591996571212 ], [ -62.506909076066485, -31.621591114724904 ], [ -62.506909827763877, -31.621448566876055 ] ] ], [ [ [ -62.505523406037462, -31.621233891165495 ], [ -62.505557145254336, -31.621234021798763 ], [ -62.505601385045509, -31.621242313054331 ], [ -62.505626632221869, -31.621253237431972 ], [ -62.505645510371345, -31.621272257129199 ], [ -62.50564543405568, -31.621286692352204 ], [ -62.505654823053476, -31.621305675314847 ], [ -62.505667418035479, -31.621316550707668 ], [ -62.505689516492772, -31.621324756224912 ], [ -62.505706386118, -31.621324821520886 ], [ -62.505728613342015, -31.621308667592491 ], [ -62.505730741120466, -31.621305066948196 ], [ -62.505741380010214, -31.621287063726069 ], [ -62.505747318704003, -31.621263861823682 ], [ -62.505751069456416, -31.621249207990395 ], [ -62.505751222054847, -31.621220337543765 ], [ -62.505732444040341, -31.621182371631196 ], [ -62.505720688733255, -31.621172221270474 ], [ -62.50570725409969, -31.621160620856894 ], [ -62.505663057262979, -31.621144209825072 ], [ -62.505629318077958, -31.621144079220109 ], [ -62.505585078330526, -31.621135787974548 ], [ -62.505559831190652, -31.621124863588879 ], [ -62.505540953088136, -31.621105843879032 ], [ -62.50554102941939, -31.621091408655847 ], [ -62.50555061874244, -31.6210724991654 ], [ -62.505563328172741, -31.621061721733543 ], [ -62.505585512425554, -31.62105368764216 ], [ -62.505602382001619, -31.621053752951369 ], [ -62.505624695036147, -31.621021359413469 ], [ -62.505631135600638, -31.620999731067361 ], [ -62.505637576162094, -31.620978102720841 ], [ -62.505642901430022, -31.620937315233064 ], [ -62.505647465941486, -31.620902354528845 ], [ -62.505647771197964, -31.620844613633182 ], [ -62.505629193630412, -31.620768755241215 ], [ -62.505604118304781, -31.620725351610329 ], [ -62.505560007559367, -31.620692700916855 ], [ -62.505526268537778, -31.620692570286348 ], [ -62.505481900190695, -31.620708638447212 ], [ -62.505456481405744, -31.620730193295397 ], [ -62.505437302789979, -31.620768012263685 ], [ -62.505437150097322, -31.620796882711005 ], [ -62.505427460573799, -31.620834738424705 ], [ -62.505414693896732, -31.620856342261181 ], [ -62.505392466727876, -31.620872496136606 ], [ -62.505375597185044, -31.620872430800006 ], [ -62.505353498862398, -31.620864225229223 ], [ -62.505340903977533, -31.620853349805685 ], [ -62.505331515087924, -31.620834366819729 ], [ -62.505331591450698, -31.620819931596387 ], [ -62.505312713455773, -31.620800911852999 ], [ -62.50528746643834, -31.62078998741417 ], [ -62.505243226889966, -31.620781696051747 ], [ -62.505209487837881, -31.620781565337211 ], [ -62.505165076426998, -31.62080575319975 ], [ -62.505162712658638, -31.620808757641292 ], [ -62.505139600248867, -31.620838134400703 ], [ -62.505129960734266, -31.620866516975337 ], [ -62.505120321213703, -31.62089489954905 ], [ -62.505120092026715, -31.620938205217051 ], [ -62.505148258607818, -31.620995154217496 ], [ -62.505165891442111, -31.621010379836342 ], [ -62.505186043259769, -31.621027780540636 ], [ -62.505252338309553, -31.621052397328622 ], [ -62.505302947034664, -31.621052593381595 ], [ -62.505369328035947, -31.621060970483569 ], [ -62.505407227320028, -31.621071943907662 ], [ -62.505435594528407, -31.621091000385622 ], [ -62.505435518180889, -31.621105435608584 ], [ -62.505425928831208, -31.621124345090006 ], [ -62.505413219376635, -31.62113512250783 ], [ -62.505391035090014, -31.621143156568838 ], [ -62.505374165498367, -31.621143091231549 ], [ -62.50535198120658, -31.621151125285721 ], [ -62.505339271739906, -31.62116190269602 ], [ -62.505329682364923, -31.621180812169793 ], [ -62.505329606000771, -31.621195247392301 ], [ -62.505320016620331, -31.6212141568652 ], [ -62.505307307141344, -31.621224934272082 ], [ -62.505285122824475, -31.621232968314274 ], [ -62.505268253216883, -31.621232902962824 ], [ -62.505246068894849, -31.62124093699817 ], [ -62.505233359403768, -31.62125171439753 ], [ -62.505223769997997, -31.621270623862767 ], [ -62.505223693617232, -31.621285059084855 ], [ -62.505242571690246, -31.62130407884078 ], [ -62.505267818840274, -31.621315003288974 ], [ -62.505312058642588, -31.621323294644807 ], [ -62.505345797890662, -31.621323425334229 ], [ -62.505346954213707, -31.621323217987566 ], [ -62.505390123603867, -31.621315477038028 ], [ -62.505413993437116, -31.621305379706971 ], [ -62.505415485301519, -31.621304748623626 ], [ -62.505434563832175, -31.621285875892607 ], [ -62.505434640180383, -31.621271440670053 ], [ -62.505453718700323, -31.621252567935962 ], [ -62.505479080373689, -31.621241839508592 ], [ -62.505523406037462, -31.621233891165495 ] ] ], [ [ [ -62.504694606546146, -31.621643896054756 ], [ -62.504694683009653, -31.62162946083464 ], [ -62.504685294176191, -31.621610477804033 ], [ -62.504678996723058, -31.621605040059968 ], [ -62.504672699270664, -31.621599602315609 ], [ -62.504650600840449, -31.621591396622993 ], [ -62.504633731169818, -31.621591331187066 ], [ -62.504611718780708, -31.621566885865203 ], [ -62.504599238606595, -31.621534357539424 ], [ -62.504590050559919, -31.62147748204881 ], [ -62.504590279997217, -31.621434176387929 ], [ -62.504582112856923, -31.621383620395093 ], [ -62.50458109196498, -31.62137730089594 ], [ -62.504568611825952, -31.62134477256658 ], [ -62.504546599511166, -31.621320327233303 ], [ -62.50452972988969, -31.621320261784135 ], [ -62.50450763153804, -31.621312056067246 ], [ -62.50449503669315, -31.62130118056141 ], [ -62.504485647932441, -31.621282197515917 ], [ -62.504485724427134, -31.621267762295425 ], [ -62.504504803135838, -31.621248889705051 ], [ -62.504530164914435, -31.621238161467236 ], [ -62.504574490652494, -31.621230213454318 ], [ -62.504608229863194, -31.621230344338265 ], [ -62.504652469563879, -31.621238635921689 ], [ -62.504677716625764, -31.621249560485762 ], [ -62.504696594579521, -31.621268580321303 ], [ -62.504696518117385, -31.62128301554224 ], [ -62.50472488524214, -31.621302072176622 ], [ -62.504762784545228, -31.62131304579178 ], [ -62.50482916567875, -31.621321423175594 ], [ -62.504879774546218, -31.621321619397751 ], [ -62.504946327650494, -31.621297517472797 ], [ -62.504984456231888, -31.621265185357899 ], [ -62.505013224580132, -31.621208457015076 ], [ -62.505013453819039, -31.621165151349601 ], [ -62.505004265553119, -31.621108275883294 ], [ -62.504991785300895, -31.62107574759278 ], [ -62.504969772936782, -31.62105130233094 ], [ -62.504952903362778, -31.621051236938168 ], [ -62.504930934003795, -31.621018671857307 ], [ -62.50491851110894, -31.620975317143003 ], [ -62.504909423229897, -31.620899495439783 ], [ -62.504909728942067, -31.62084175455054 ], [ -62.504900641081612, -31.620765932845323 ], [ -62.504888218232786, -31.620722578126852 ], [ -62.5048662489721, -31.62069001303421 ], [ -62.504849379463522, -31.620689947628431 ], [ -62.50482732422882, -31.620673622154587 ], [ -62.504814786762786, -31.620651920262755 ], [ -62.504805498332118, -31.620613991009133 ], [ -62.504805651218682, -31.620585120563739 ], [ -62.504796362797983, -31.620547191309143 ], [ -62.504792601564702, -31.620540680740763 ], [ -62.504783825355709, -31.620525489414092 ], [ -62.504761770171001, -31.620509163929029 ], [ -62.504744900695322, -31.620509098509782 ], [ -62.504722716502194, -31.62051713245641 ], [ -62.504710007051074, -31.620527909805297 ], [ -62.504700417616313, -31.620546819233066 ], [ -62.504700341156905, -31.620561254455637 ], [ -62.50469075171668, -31.620580163882504 ], [ -62.504678042253254, -31.620590941227981 ], [ -62.504655858035029, -31.620598975162643 ], [ -62.504638988543412, -31.620598909729232 ], [ -62.5046168903515, -31.620590704031965 ], [ -62.504604295589729, -31.62057982853656 ], [ -62.504594906877109, -31.620560845497469 ], [ -62.504594983352767, -31.620546410275111 ], [ -62.504585594645299, -31.620527427235281 ], [ -62.504579297270105, -31.620521989486214 ], [ -62.504572999895636, -31.620516551736824 ], [ -62.504550901729026, -31.620508346028284 ], [ -62.504534032254035, -31.620508280581191 ], [ -62.504512020142208, -31.620483835240879 ], [ -62.504499540142184, -31.620451306901703 ], [ -62.504490352253427, -31.620394431396008 ], [ -62.504490581727175, -31.620351125728433 ], [ -62.504482414727264, -31.620300569722197 ], [ -62.504481393852856, -31.620294250221363 ], [ -62.504468913887912, -31.620261721878613 ], [ -62.504446901850407, -31.620237276526904 ], [ -62.504430032424573, -31.620237211066559 ], [ -62.504408063436216, -31.620204645895452 ], [ -62.50439564088736, -31.620161291128376 ], [ -62.504386553502663, -31.620085469383479 ], [ -62.504386859527962, -31.620027728491436 ], [ -62.504377772161845, -31.619951906744546 ], [ -62.504365349658997, -31.619908551973303 ], [ -62.504343380768937, -31.619875986790415 ], [ -62.50432651140855, -31.619875921317071 ], [ -62.504304327331468, -31.619883955193 ], [ -62.50429161791979, -31.619894732501699 ], [ -62.504282028467593, -31.619913641899704 ], [ -62.504281951945508, -31.619928077122797 ], [ -62.504272362487846, -31.61994698651991 ], [ -62.504259653063869, -31.619957763825202 ], [ -62.504237468961684, -31.619965797689158 ], [ -62.504220599585366, -31.619965732201646 ], [ -62.504198372427012, -31.619981885871567 ], [ -62.504191989007701, -31.619992687729116 ], [ -62.504185605586912, -31.620003489586317 ], [ -62.504175915644772, -31.620041345205372 ], [ -62.50417576256703, -31.620070215650475 ], [ -62.504166072613621, -31.620108071268291 ], [ -62.504153305748467, -31.620129674979129 ], [ -62.504131078539274, -31.620145828636382 ], [ -62.504114209130755, -31.620145763134499 ], [ -62.504091938850458, -31.620170036597258 ], [ -62.504079114543948, -31.620202466716734 ], [ -62.504074219302254, -31.620230867635843 ], [ -62.504069324057468, -31.620259268554598 ], [ -62.50406909438945, -31.620302574220016 ], [ -62.504078282013317, -31.620359449754119 ], [ -62.504084521932796, -31.620375713943861 ], [ -62.504090761854414, -31.62039197813327 ], [ -62.504112773833803, -31.620416423545194 ], [ -62.504129643291151, -31.62041648904777 ], [ -62.504151612230601, -31.620449054265222 ], [ -62.504164034702342, -31.620492409053305 ], [ -62.504173121941299, -31.620568230807777 ], [ -62.504172815777558, -31.620625971693045 ], [ -62.504181903035104, -31.620701793445505 ], [ -62.504194325552859, -31.620745148229432 ], [ -62.504216294590606, -31.620777713435118 ], [ -62.504233164113387, -31.62077777892468 ], [ -62.504255176219765, -31.620802224311902 ], [ -62.504267656179557, -31.620834752672764 ], [ -62.50427684397215, -31.620891628189636 ], [ -62.504276614394556, -31.620934933852126 ], [ -62.504285802201601, -31.620991809367624 ], [ -62.50429412219723, -31.621013494939284 ], [ -62.504298282196473, -31.621024337724904 ], [ -62.504320294377152, -31.621048783100726 ], [ -62.504337163949103, -31.621048848577047 ], [ -62.504358831833912, -31.62113825243884 ], [ -62.504370852799944, -31.621257392110831 ], [ -62.504379237323633, -31.621465837427348 ], [ -62.504378395691738, -31.6216246248432 ], [ -62.504376234197565, -31.622032419779352 ], [ -62.504416606158415, -31.622025673427498 ], [ -62.504420469473359, -31.622041613646957 ], [ -62.504437339224673, -31.622041679111884 ], [ -62.504459523805174, -31.622033645220728 ], [ -62.504472233491917, -31.622022867901698 ], [ -62.504481823128152, -31.622003958497459 ], [ -62.504481899625596, -31.621989523278618 ], [ -62.50450097848438, -31.621970650692479 ], [ -62.504526340460338, -31.621959922458633 ], [ -62.504570666541703, -31.62195197445147 ], [ -62.504604406012824, -31.621952105339094 ], [ -62.50469297212554, -31.621952448876691 ], [ -62.504693373564507, -31.621876663974451 ], [ -62.504693526493234, -31.621847793535249 ], [ -62.504693770222943, -31.621801781272534 ], [ -62.50469394226711, -31.621769302028056 ], [ -62.504694128647984, -31.621734116179674 ], [ -62.504694205111825, -31.621719680959767 ], [ -62.504694348481408, -31.62169261492237 ], [ -62.504694463176918, -31.621670962092377 ], [ -62.504694606546146, -31.621643896054756 ] ] ], [ [ [ -62.503239103358993, -31.621334194540669 ], [ -62.50326446530255, -31.621323466556095 ], [ -62.503308791182548, -31.62131551898413 ], [ -62.503342530417555, -31.621315650202778 ], [ -62.503342609618052, -31.621315636002201 ], [ -62.503386856287591, -31.621307702603612 ], [ -62.503412056666505, -31.62129704292072 ], [ -62.503412218207387, -31.621296974589402 ], [ -62.503431297136551, -31.621278102161785 ], [ -62.503431373793987, -31.621263666943602 ], [ -62.503421985253979, -31.621244683822056 ], [ -62.503415687899533, -31.621239246016394 ], [ -62.503409390545819, -31.621233808210441 ], [ -62.50338729231553, -31.621225602300772 ], [ -62.503370422714127, -31.621225536698642 ], [ -62.503348324489295, -31.621217330782287 ], [ -62.503335729793449, -31.621206455163485 ], [ -62.503326341278544, -31.621187472034979 ], [ -62.503326417951911, -31.621173036816835 ], [ -62.503317029442172, -31.621154053687604 ], [ -62.503310732099926, -31.621148615876816 ], [ -62.503304434758419, -31.621143178065736 ], [ -62.503282336558911, -31.621134972138108 ], [ -62.503265466974113, -31.621134906522279 ], [ -62.503243282508272, -31.621142940208291 ], [ -62.503230572802622, -31.621153717406248 ], [ -62.503220983004283, -31.621172626717328 ], [ -62.503220906314645, -31.621187061935231 ], [ -62.503211316510843, -31.621205971245441 ], [ -62.503198606792893, -31.62121674843997 ], [ -62.503176422301934, -31.621224782114005 ], [ -62.50315955270122, -31.621224716484029 ], [ -62.503137497640822, -31.621208390721439 ], [ -62.503124960499363, -31.621186688668821 ], [ -62.503115672705796, -31.62114875930197 ], [ -62.503115826117281, -31.621119888866399 ], [ -62.503125516605365, -31.621082033339736 ], [ -62.503138283839654, -31.62106042973862 ], [ -62.503160511437549, -31.621044276260477 ], [ -62.503177381005713, -31.621044341889995 ], [ -62.503199608593093, -31.621028188404896 ], [ -62.503201736461804, -31.621024587803504 ], [ -62.503212375802839, -31.62100658479595 ], [ -62.503218315103716, -31.620983383016444 ], [ -62.503222066239552, -31.620968729260781 ], [ -62.503222219617108, -31.620939858823913 ], [ -62.503203442689404, -31.620901892548972 ], [ -62.503191687694944, -31.620891741958179 ], [ -62.503178253418689, -31.620880141281695 ], [ -62.503134057170016, -31.620863729379828 ], [ -62.503100318099129, -31.620863598107775 ], [ -62.503056078720611, -31.620855305989412 ], [ -62.503030831958505, -31.620844381107098 ], [ -62.503011954431472, -31.62082536102843 ], [ -62.503012031152295, -31.620810925810147 ], [ -62.503031110060839, -31.620792053440692 ], [ -62.503056471879738, -31.620781325495251 ], [ -62.503100797518755, -31.620773377992354 ], [ -62.503134536557098, -31.620773509263934 ], [ -62.503140703821387, -31.620766787430334 ], [ -62.50317907789033, -31.620724962680931 ], [ -62.503197731984187, -31.620677791738604 ], [ -62.503204727264453, -31.620660102634396 ], [ -62.503224309364406, -31.620546499108677 ], [ -62.503224769486749, -31.620459887791945 ], [ -62.50320639527169, -31.620346136612163 ], [ -62.50318143622755, -31.620281079685697 ], [ -62.503137412834441, -31.62023218854166 ], [ -62.503103673991376, -31.620232057272833 ], [ -62.503059348609852, -31.620240004780062 ], [ -62.503033986938952, -31.620250732728504 ], [ -62.503014908142966, -31.620269605101125 ], [ -62.503014831424224, -31.620284040320644 ], [ -62.503024219787441, -31.620303023473138 ], [ -62.503036814326421, -31.620313899122575 ], [ -62.503058912310763, -31.6203221050915 ], [ -62.5030757817484, -31.620322170733111 ], [ -62.503097879738192, -31.62033037669535 ], [ -62.503110474289478, -31.620341252337585 ], [ -62.503119862677799, -31.620360235483144 ], [ -62.503119785974981, -31.620374670702688 ], [ -62.50311019623647, -31.620393580008333 ], [ -62.503097486618749, -31.620404357195188 ], [ -62.503075302313071, -31.620412390854579 ], [ -62.503058432859163, -31.62041232521274 ], [ -62.503036205395638, -31.620428478676086 ], [ -62.503029821811687, -31.620439280473089 ], [ -62.503023438226265, -31.620450082269752 ], [ -62.503013747766047, -31.620487937792664 ], [ -62.503013594326831, -31.620516808230644 ], [ -62.503003903855358, -31.620554663752312 ], [ -62.502991136660917, -31.62057626734207 ], [ -62.502968909146567, -31.620592420792757 ], [ -62.502952039660457, -31.620592355136537 ], [ -62.502929596324165, -31.620649107632371 ], [ -62.502925244666081, -31.62067435284947 ], [ -62.502916541342593, -31.62072484328284 ], [ -62.502906347222243, -31.620857429913812 ], [ -62.502905810060234, -31.620958476438677 ], [ -62.502910202111067, -31.62102480668775 ], [ -62.502914594167464, -31.621091136936059 ], [ -62.502926843491458, -31.621166971074096 ], [ -62.502948682696911, -31.621223895921251 ], [ -62.502965552296949, -31.62122396157908 ], [ -62.502987607330525, -31.621240287371066 ], [ -62.503000144446936, -31.621261989436718 ], [ -62.503009432204124, -31.621299918810948 ], [ -62.503009278758718, -31.621328789245236 ], [ -62.503018667222705, -31.62134777239611 ], [ -62.503028055690464, -31.62136675554628 ], [ -62.503053245055327, -31.621388506842511 ], [ -62.503097441536156, -31.621404918773404 ], [ -62.503131180802342, -31.621405050048217 ], [ -62.503131260002938, -31.621405035847779 ], [ -62.503175506731786, -31.621397102523158 ], [ -62.503200707158456, -31.62138644288261 ], [ -62.503200868699629, -31.621386374551548 ], [ -62.503219947689509, -31.62136750215641 ], [ -62.503220024379829, -31.621353066938894 ], [ -62.503239103358993, -31.621334194540669 ] ] ], [ [ [ -62.505234548683021, -31.619233452818197 ], [ -62.505206282319627, -31.619195450061166 ], [ -62.505188532692173, -31.6191852247028 ], [ -62.505168441104686, -31.619173650162242 ], [ -62.505102104431444, -31.619157153152358 ], [ -62.50505149673365, -31.619156957030278 ], [ -62.504985117112383, -31.619148579774777 ], [ -62.504947218655957, -31.619137606230638 ], [ -62.50491885213561, -31.619118549645489 ], [ -62.504918928556968, -31.619104114419162 ], [ -62.504947495667437, -31.619085278535028 ], [ -62.504985508719287, -31.619074599239188 ], [ -62.505051974238974, -31.619066736864028 ], [ -62.505102581887954, -31.619066932985419 ], [ -62.505169047393188, -31.619059070549156 ], [ -62.505207060409965, -31.619048391186954 ], [ -62.505235627446119, -31.619029555237439 ], [ -62.505235703818308, -31.619015120010225 ], [ -62.505226315129505, -31.618996137013205 ], [ -62.505220017818466, -31.618990699295093 ], [ -62.505213720508173, -31.618985261576665 ], [ -62.505191622643764, -31.618977055980192 ], [ -62.50517475344337, -31.618976990620542 ], [ -62.505152655584425, -31.618968785017366 ], [ -62.505140060975407, -31.618957909573652 ], [ -62.505130672311687, -31.618938926569697 ], [ -62.505130748699806, -31.618924491342494 ], [ -62.505092893287703, -31.618905398026673 ], [ -62.505042343027469, -31.618894375482039 ], [ -62.504953822789929, -31.618885912401204 ], [ -62.504886346056871, -31.618885650824289 ], [ -62.504797911837422, -31.618860948005615 ], [ -62.504747476308076, -31.618828272504913 ], [ -62.504709821702789, -31.61877128660662 ], [ -62.504710051060371, -31.618727980926607 ], [ -62.504701884071046, -31.61867742492182 ], [ -62.504700863197961, -31.618671105421168 ], [ -62.504688383365071, -31.618638577093048 ], [ -62.504666371645776, -31.618614131776319 ], [ -62.504649502512187, -31.61861406634797 ], [ -62.504627189728339, -31.61864645973009 ], [ -62.504614308472753, -31.618689716335044 ], [ -62.504604418116728, -31.618765464467025 ], [ -62.504604112240827, -31.618823205372379 ], [ -62.504613199693864, -31.618899027117291 ], [ -62.50462562218442, -31.618942381871072 ], [ -62.504647590958697, -31.618974947008908 ], [ -62.504664460157372, -31.618975012438181 ], [ -62.50468642895278, -31.619007577569395 ], [ -62.504698851491099, -31.619050932315798 ], [ -62.504707939040578, -31.619126754052306 ], [ -62.504707633224285, -31.619184494955284 ], [ -62.504716720792352, -31.619260316689793 ], [ -62.504729143376686, -31.619303671432043 ], [ -62.504751112270377, -31.619336236551476 ], [ -62.504767981534492, -31.619336301967738 ], [ -62.504790079445144, -31.61934450763755 ], [ -62.504802674064415, -31.619355383115245 ], [ -62.504812062701838, -31.619374366141841 ], [ -62.504811986263185, -31.619388801367307 ], [ -62.504821374905767, -31.619407784393161 ], [ -62.504833969537138, -31.61941865986778 ], [ -62.504856067473106, -31.619426865526336 ], [ -62.504872936753841, -31.61942693092891 ], [ -62.504895163664067, -31.619410777137642 ], [ -62.504897291430197, -31.61940717650603 ], [ -62.504907930258383, -31.619389173347418 ], [ -62.504913869031292, -31.619365971477809 ], [ -62.504917619833677, -31.619351317665224 ], [ -62.504917772678112, -31.61932244721363 ], [ -62.504936951198204, -31.619284628313956 ], [ -62.504962369703854, -31.619263073561477 ], [ -62.505006737448312, -31.619247005571363 ], [ -62.505040475945705, -31.619247136333815 ], [ -62.505084714751021, -31.61925542776082 ], [ -62.505109961332401, -31.619266352237847 ], [ -62.505128838980255, -31.619285372012175 ], [ -62.505128762590758, -31.61929980723853 ], [ -62.505138151289295, -31.61931879024193 ], [ -62.505150745946104, -31.619329665685722 ], [ -62.505172843889717, -31.619337871289652 ], [ -62.505189713155204, -31.619337936650215 ], [ -62.505211939990112, -31.6193217828028 ], [ -62.505214067742045, -31.619318182165713 ], [ -62.505224706499256, -31.619300178979746 ], [ -62.505230645187815, -31.619276977094213 ], [ -62.505234395936924, -31.619262323271585 ], [ -62.505234548683021, -31.619233452818197 ] ] ], [ [ [ -62.504306240277458, -31.619523074602242 ], [ -62.50432842426833, -31.619515040724647 ], [ -62.504345293563617, -31.619515106197074 ], [ -62.50436747754933, -31.619507072312643 ], [ -62.504378915964203, -31.619497372726922 ], [ -62.504380186899049, -31.619496294995102 ], [ -62.504389776287518, -31.619477385587846 ], [ -62.504389852791611, -31.619462950363495 ], [ -62.504399442174623, -31.619444040955369 ], [ -62.504412151512042, -31.619433263634416 ], [ -62.504434335472652, -31.619425229738006 ], [ -62.504451204752023, -31.619425295196276 ], [ -62.504473560812166, -31.619384782037475 ], [ -62.504480030207745, -31.619357740536188 ], [ -62.504486499599487, -31.619330699034411 ], [ -62.504496490506263, -31.61923600468694 ], [ -62.504496872940216, -31.619163828560993 ], [ -62.504487885949132, -31.619069060578259 ], [ -62.504481703409709, -31.61904196998594 ], [ -62.504475520873754, -31.619014879393255 ], [ -62.504453595177829, -31.61897419441215 ], [ -62.504436725979836, -31.618974128955024 ], [ -62.504414671218655, -31.618957803410439 ], [ -62.504402134073402, -31.618936101475644 ], [ -62.504392845971189, -31.618898172185311 ], [ -62.504392998974915, -31.618869301733948 ], [ -62.504383710882671, -31.618831372442649 ], [ -62.504379949745619, -31.618824861861381 ], [ -62.504371173761179, -31.618809670504632 ], [ -62.504349119049998, -31.618793344948831 ], [ -62.504332249884882, -31.618793279478226 ], [ -62.504310152145102, -31.618785073730248 ], [ -62.504297557659669, -31.618774198204381 ], [ -62.504288169185763, -31.618755215139888 ], [ -62.504288245703385, -31.618740779914127 ], [ -62.504278857234652, -31.618721796848906 ], [ -62.504272559997617, -31.618716359084591 ], [ -62.504266262761313, -31.618710921319984 ], [ -62.504244165046835, -31.618702715560726 ], [ -62.504227295898353, -31.618702650076447 ], [ -62.504205198189325, -31.618694444310499 ], [ -62.504192603728299, -31.618683568774383 ], [ -62.504183215284655, -31.618664585702227 ], [ -62.504183291818215, -31.61865015047648 ], [ -62.504173903379716, -31.618631167403585 ], [ -62.504167606154901, -31.618625729634143 ], [ -62.504161308930797, -31.618620291864403 ], [ -62.504139211247093, -31.618612086087197 ], [ -62.504122342115224, -31.6186120205892 ], [ -62.504100330551417, -31.618587575176402 ], [ -62.504087850938966, -31.618555046791446 ], [ -62.50407866347112, -31.618498171243761 ], [ -62.504078893118532, -31.618454865566036 ], [ -62.504070726492749, -31.618404309522479 ], [ -62.50406970566511, -31.618397990016994 ], [ -62.504057226087738, -31.618365461628446 ], [ -62.50403521459824, -31.61834101620423 ], [ -62.504018345515526, -31.618340950693018 ], [ -62.503996247910372, -31.618332744891529 ], [ -62.503983653522063, -31.618321869334945 ], [ -62.503974265156337, -31.61830288624715 ], [ -62.503974341721054, -31.618288451021041 ], [ -62.50396495336048, -31.618269467932524 ], [ -62.50395865617201, -31.618264030152872 ], [ -62.503952358984264, -31.618258592372889 ], [ -62.503930261404435, -31.618250386560121 ], [ -62.503913392338333, -31.618250321035216 ], [ -62.503891380913451, -31.618225875586454 ], [ -62.503878901420478, -31.61819334718048 ], [ -62.503869714112362, -31.618136471616236 ], [ -62.503869943853275, -31.61809316593741 ], [ -62.503857991132939, -31.618056741983811 ], [ -62.50385126773174, -31.618036253509366 ], [ -62.503826136511115, -31.618003675946724 ], [ -62.503781984581785, -31.617979144459703 ], [ -62.50374824654827, -31.617979013369492 ], [ -62.503703922288992, -31.617986961114802 ], [ -62.503678561304923, -31.617997689202088 ], [ -62.503659483103746, -31.618016561683728 ], [ -62.503659406491231, -31.618030996909749 ], [ -62.503649817108283, -31.618049906266439 ], [ -62.503637107874326, -31.618060683514869 ], [ -62.503614924172524, -31.618068717277151 ], [ -62.503598055140003, -31.618068651710928 ], [ -62.503575828331137, -31.618084805280802 ], [ -62.503563061613256, -31.618106408940911 ], [ -62.503553371627149, -31.618144264523377 ], [ -62.503553218368545, -31.618173134974345 ], [ -62.503562506061485, -31.618211064325802 ], [ -62.503575042915891, -31.618232766342473 ], [ -62.50359709735924, -31.618249092030631 ], [ -62.503613966424304, -31.618249157597319 ], [ -62.503635977781379, -31.618273603093115 ], [ -62.503648457199837, -31.618306131521646 ], [ -62.503657644388383, -31.618363007099102 ], [ -62.503657414546744, -31.618406312774685 ], [ -62.503666601749721, -31.618463188350766 ], [ -62.503679081203245, -31.618495716775694 ], [ -62.503701092634628, -31.618520162260104 ], [ -62.503717961748855, -31.618520227813566 ], [ -62.503740059372987, -31.61852843366318 ], [ -62.50375265376011, -31.618539309243427 ], [ -62.503762042103695, -31.618558292346588 ], [ -62.50376196550539, -31.618572727571603 ], [ -62.503771353854134, -31.618591710674036 ], [ -62.503783948253364, -31.618602586251225 ], [ -62.503806045902799, -31.618610792089566 ], [ -62.503822915033638, -31.618610857629324 ], [ -62.503844969609105, -31.618627183275084 ], [ -62.503857506583877, -31.61864888526387 ], [ -62.503866794445067, -31.618686814592138 ], [ -62.503866641279984, -31.618715685042009 ], [ -62.503871285214657, -31.618734649705765 ], [ -62.50387592915115, -31.618753614369325 ], [ -62.503888466149689, -31.618775316354878 ], [ -62.503910520775136, -31.618791641989425 ], [ -62.503927389938866, -31.618791707515708 ], [ -62.503949444575028, -31.618808033143594 ], [ -62.50396198159784, -31.618829735122009 ], [ -62.503971269518459, -31.618867664442234 ], [ -62.503971116384541, -31.618896534891732 ], [ -62.503975760348922, -31.618915499551484 ], [ -62.503980404315115, -31.618934464211016 ], [ -62.503992941361709, -31.618956166186202 ], [ -62.504014996047857, -31.618972491802857 ], [ -62.504031865244471, -31.618972557315669 ], [ -62.504053704631573, -31.619029481995025 ], [ -62.504065954634349, -31.619105316054959 ], [ -62.504074740251504, -31.619237976526076 ], [ -62.504074204385901, -31.619339023094529 ], [ -62.504083341689743, -31.619405371751519 ], [ -62.504092479005891, -31.619471720407294 ], [ -62.50411738106849, -31.619547603585936 ], [ -62.504161361607871, -31.619604614212573 ], [ -62.504195100229964, -31.619604745199652 ], [ -62.504195179428883, -31.619604730998521 ], [ -62.504239425218636, -31.61959679729334 ], [ -62.5042646250389, -31.619586137433615 ], [ -62.504264786576179, -31.61958606910116 ], [ -62.50428386498114, -31.619567196535765 ], [ -62.504283941501853, -31.619552761311837 ], [ -62.504293530915639, -31.619533851912244 ], [ -62.504306240277458, -31.619523074602242 ] ] ], [ [ [ -62.502962396360111, -31.617453571885459 ], [ -62.503013060653039, -31.617442942406495 ], [ -62.503101665615965, -31.617435167189186 ], [ -62.503169141284239, -31.617435429698283 ], [ -62.503257746228591, -31.617427654372488 ], [ -62.503308410475526, -31.617417024775815 ], [ -62.503346466147555, -31.617398226144971 ], [ -62.503346542806469, -31.617383790918197 ], [ -62.50335613218023, -31.617364881582247 ], [ -62.503368841350479, -31.617354104359961 ], [ -62.503391024902449, -31.617346070638003 ], [ -62.503407893804102, -31.617346136230239 ], [ -62.503430120464202, -31.617329982686211 ], [ -62.503432248237928, -31.617326382077945 ], [ -62.503442887104079, -31.617308379035997 ], [ -62.503448826100126, -31.617285177229355 ], [ -62.503452577043433, -31.617270523456547 ], [ -62.503452730327687, -31.61724165300194 ], [ -62.503433954027344, -31.617203686745647 ], [ -62.503422199466783, -31.617193536174746 ], [ -62.503408765686409, -31.617181935520986 ], [ -62.503364571134838, -31.617165523707019 ], [ -62.503330833396959, -31.617165392509548 ], [ -62.503286509490835, -31.617173340114608 ], [ -62.503261148682014, -31.617184068122146 ], [ -62.503242070565761, -31.617202940544672 ], [ -62.503241993891258, -31.617217375771631 ], [ -62.503222915764297, -31.617236248191084 ], [ -62.503197554931184, -31.617246976185626 ], [ -62.503153230975641, -31.617254923743815 ], [ -62.50311949320659, -31.61725479249019 ], [ -62.503075255529012, -31.617246500391389 ], [ -62.503050009732959, -31.617235575516734 ], [ -62.503031132920142, -31.617216555437665 ], [ -62.503031209627181, -31.617202120211161 ], [ -62.503021821564978, -31.617183137053186 ], [ -62.503015524504264, -31.617177699227422 ], [ -62.503009227444288, -31.617172261401336 ], [ -62.502987130204829, -31.61716405542748 ], [ -62.502970261337097, -31.617163989780018 ], [ -62.502948164103117, -31.617155783799468 ], [ -62.502935569994719, -31.617144908140428 ], [ -62.502926181957612, -31.617125924975515 ], [ -62.502926258680588, -31.617111489749043 ], [ -62.502935848110177, -31.617092580444424 ], [ -62.502948557290836, -31.617081803263616 ], [ -62.502970740812955, -31.617073769614048 ], [ -62.502987609664416, -31.61707383526128 ], [ -62.503009793181377, -31.617065801604856 ], [ -62.503021231433209, -31.617056102135408 ], [ -62.503022502349928, -31.617055024416516 ], [ -62.503032091754214, -31.617036115104252 ], [ -62.503032168460571, -31.617021679877347 ], [ -62.503022780415776, -31.617002696719091 ], [ -62.503016483366999, -31.616997258893324 ], [ -62.503010186318967, -31.616991821067273 ], [ -62.502988089121843, -31.61698361509379 ], [ -62.502971220286653, -31.616983549446786 ], [ -62.502949123095, -31.616975343466621 ], [ -62.502936529010491, -31.616964467807609 ], [ -62.502927140990785, -31.616945484642425 ], [ -62.502927217713065, -31.616931049415534 ], [ -62.502908340986075, -31.616912029318293 ], [ -62.50288309529973, -31.616901104411234 ], [ -62.502838857811113, -31.616892812232003 ], [ -62.502805120174294, -31.616892680896683 ], [ -62.502760796355666, -31.616900628320497 ], [ -62.502735435562393, -31.616911356224229 ], [ -62.502716357397574, -31.61693022856851 ], [ -62.502716280642751, -31.616944663794918 ], [ -62.502706691184571, -31.616963573083183 ], [ -62.50269398199265, -31.616974350240003 ], [ -62.502671798471134, -31.616982383841641 ], [ -62.502654929636975, -31.616982318152857 ], [ -62.502632530200415, -31.617030950820922 ], [ -62.502619533102788, -31.617095860067188 ], [ -62.502609439793261, -31.617209500515813 ], [ -62.502608979159454, -31.617296111868576 ], [ -62.502636840862152, -31.617409900127516 ], [ -62.502674450480029, -31.617475006444582 ], [ -62.502740612824468, -31.617523983959735 ], [ -62.502791219620875, -31.61752418098845 ], [ -62.502857684205203, -31.617516319743935 ], [ -62.502895696846672, -31.61750564106341 ], [ -62.502924263865459, -31.61748680562631 ], [ -62.5029243405898, -31.617472370400666 ], [ -62.502962396360111, -31.617453571885459 ] ] ], [ [ [ -62.502067011755024, -31.620076446619819 ], [ -62.502067319212422, -31.620018705748038 ], [ -62.502039255692772, -31.619942809858014 ], [ -62.502001530240506, -31.619899356200527 ], [ -62.501935280130851, -31.619866617927627 ], [ -62.501884672073444, -31.61986642054671 ], [ -62.501818422028734, -31.619833682213674 ], [ -62.501780696723323, -31.61979022849173 ], [ -62.501752633503138, -31.619714332539143 ], [ -62.501752941150301, -31.619656591666846 ], [ -62.501743855954324, -31.619580769750542 ], [ -62.501731434723155, -31.619537414733706 ], [ -62.501709466842101, -31.619504849106185 ], [ -62.501692597555419, -31.619504783285624 ], [ -62.501670499886451, -31.619496577082455 ], [ -62.501657905617009, -31.619485701299666 ], [ -62.501648517612303, -31.619466718048024 ], [ -62.501648594539503, -31.619452282829641 ], [ -62.501639206539949, -31.619433299577274 ], [ -62.501632909410922, -31.61942786168451 ], [ -62.501626612282628, -31.619422423791427 ], [ -62.501604514638963, -31.619414217576992 ], [ -62.5015876453689, -31.619414151742728 ], [ -62.501565417894618, -31.61943030495242 ], [ -62.501561162106086, -31.619437506101882 ], [ -62.501552650527053, -31.619451908400318 ], [ -62.501542959582146, -31.619489763812435 ], [ -62.501542805694854, -31.619518634248475 ], [ -62.50153311473867, -31.619556489659349 ], [ -62.501520347346045, -31.619578093103318 ], [ -62.501498119820937, -31.619594246300355 ], [ -62.501481250518665, -31.619594180451717 ], [ -62.501459066271295, -31.6196022138319 ], [ -62.501446356574441, -31.619612990854908 ], [ -62.501436766579587, -31.619631900034456 ], [ -62.501436689619148, -31.619646335251957 ], [ -62.501446077598153, -31.619665318518376 ], [ -62.501458671866551, -31.619676194321748 ], [ -62.501480769558647, -31.619684400561592 ], [ -62.501497638877176, -31.619684466410465 ], [ -62.501519693291591, -31.619700792453475 ], [ -62.501532229863926, -31.619722494662813 ], [ -62.501541516880074, -31.619760424145195 ], [ -62.501541362990707, -31.619789294579988 ], [ -62.501531672004354, -31.619827149988861 ], [ -62.501518904573558, -31.619848753431405 ], [ -62.501496676983209, -31.619864906626834 ], [ -62.501479807632109, -31.619864840777495 ], [ -62.501457623320071, -31.619872874156417 ], [ -62.501444913585836, -31.619883651178466 ], [ -62.501435323562156, -31.619902560356802 ], [ -62.501435246600686, -31.619916995573675 ], [ -62.501444634605797, -31.619935978839674 ], [ -62.501457228910034, -31.619946854643121 ], [ -62.50147932666561, -31.619955060883527 ], [ -62.501496196032974, -31.619955126733092 ], [ -62.501518293794007, -31.619963332966798 ], [ -62.501530888110558, -31.61997420876305 ], [ -62.501540276140759, -31.619993192022125 ], [ -62.501540199195212, -31.620007627239008 ], [ -62.501549587230578, -31.620026610497362 ], [ -62.501562181559216, -31.620037486290546 ], [ -62.501584279345572, -31.620045692512978 ], [ -62.501601148729556, -31.620045758348848 ], [ -62.501623246521369, -31.620053964564615 ], [ -62.50163584086232, -31.62006484035059 ], [ -62.501645228922783, -31.620083823601998 ], [ -62.501645151993159, -31.620098258818921 ], [ -62.501654540058773, -31.62011724206959 ], [ -62.501667134411839, -31.620128117852524 ], [ -62.501689232228955, -31.620136324057004 ], [ -62.501706101629559, -31.620136389879182 ], [ -62.501728285983702, -31.620128356457858 ], [ -62.50173972474591, -31.620118657113068 ], [ -62.501740995719338, -31.620117579408031 ], [ -62.501750585704187, -31.620098670206964 ], [ -62.501750662617532, -31.620084234989786 ], [ -62.501760252596924, -31.620065325787838 ], [ -62.501772962320253, -31.620054548734615 ], [ -62.5017951466493, -31.620046515301297 ], [ -62.501812016033959, -31.620046581109314 ], [ -62.501834113844993, -31.62005478728879 ], [ -62.50184670821087, -31.620065663054223 ], [ -62.501856096314441, -31.620084646290561 ], [ -62.501856019417367, -31.620099081507956 ], [ -62.50186540752609, -31.620118064743558 ], [ -62.501878001904075, -31.62012894050595 ], [ -62.501900099740411, -31.620137146674129 ], [ -62.501916969141703, -31.620137212468457 ], [ -62.501939066983503, -31.620145418629964 ], [ -62.501951661373802, -31.620156294385151 ], [ -62.501961049507621, -31.620175277613821 ], [ -62.501960972626478, -31.620189712831241 ], [ -62.501970360765455, -31.620208696059169 ], [ -62.501982955167854, -31.620219571811305 ], [ -62.502005053034971, -31.620227777961532 ], [ -62.502021922452869, -31.620227843742171 ], [ -62.502044236517847, -31.620195450836452 ], [ -62.502050677848381, -31.620173822676072 ], [ -62.502057119175873, -31.620152194515295 ], [ -62.502062445951367, -31.620111407187192 ], [ -62.502067011755024, -31.620076446619819 ] ] ], [ [ [ -62.500650800655372, -31.620312711890989 ], [ -62.500673115212614, -31.620280319230414 ], [ -62.500679556865428, -31.62025869114284 ], [ -62.500685998515195, -31.620237063054834 ], [ -62.500691325893285, -31.620196275790715 ], [ -62.500695892213479, -31.620161315278164 ], [ -62.500696200518497, -31.620103574419236 ], [ -62.500687116142139, -31.620027752441469 ], [ -62.500674695345914, -31.619984397329318 ], [ -62.500652727732643, -31.619951831525039 ], [ -62.500635858368042, -31.61995176556405 ], [ -62.500613760689333, -31.619943559178473 ], [ -62.500601166484813, -31.619932683292866 ], [ -62.500591778652129, -31.61991369996662 ], [ -62.500591855743799, -31.619899264751592 ], [ -62.50060144593678, -31.619880355638355 ], [ -62.500614155766598, -31.619869578701259 ], [ -62.50063634014824, -31.61986154546959 ], [ -62.500653209496562, -31.619861611430331 ], [ -62.500675393873038, -31.619853578191822 ], [ -62.500686832709107, -31.619843878941719 ], [ -62.500688103690742, -31.619842801247191 ], [ -62.50069769385842, -31.619823892126298 ], [ -62.500697770933463, -31.619809456910826 ], [ -62.500716850097014, -31.619790584886882 ], [ -62.500742211901695, -31.619779857399308 ], [ -62.500786537250136, -31.619771910695555 ], [ -62.50082027591526, -31.619772042574805 ], [ -62.500864471233243, -31.619788455270712 ], [ -62.500889659668815, -31.619810206989452 ], [ -62.500908435439328, -31.619848173599099 ], [ -62.500908281353986, -31.619877044030723 ], [ -62.500898590102423, -31.619914899388281 ], [ -62.500885822513993, -31.619936502765597 ], [ -62.500863594794765, -31.619952655849261 ], [ -62.500846725429476, -31.619952589916139 ], [ -62.500824541043677, -31.619960623184195 ], [ -62.500811831225299, -31.619971400142198 ], [ -62.500802241065038, -31.619990309271341 ], [ -62.500802164005563, -31.620004744486607 ], [ -62.50081155189006, -31.620023727797673 ], [ -62.500824146131443, -31.620034603662738 ], [ -62.500846243850546, -31.620042810012208 ], [ -62.500863113232121, -31.620042875945572 ], [ -62.500885167617831, -31.620059202096989 ], [ -62.500897704088899, -31.62008090436635 ], [ -62.500906990880566, -31.620118833890455 ], [ -62.500906836793149, -31.620147704320857 ], [ -62.500911480193039, -31.620166669082526 ], [ -62.500916123594777, -31.620185633844002 ], [ -62.500928660089592, -31.620207336110155 ], [ -62.50095071452531, -31.620223662250339 ], [ -62.500967583939762, -31.620223728170238 ], [ -62.500990028356227, -31.620166976026706 ], [ -62.500994182685162, -31.620142878385447 ], [ -62.501003084811096, -31.620091240581925 ], [ -62.501010758632724, -31.619991459013697 ], [ -62.50101328152909, -31.619958654114068 ], [ -62.50101382071508, -31.619857607602473 ], [ -62.501005039397477, -31.619724946977907 ], [ -62.500992791807022, -31.619649112656496 ], [ -62.500970954151228, -31.619592187476997 ], [ -62.500954084850683, -31.619592121558707 ], [ -62.500932247231361, -31.619535196372457 ], [ -62.500919999722726, -31.619459362042697 ], [ -62.500911218567722, -31.619326701405203 ], [ -62.50091175785068, -31.619225654885167 ], [ -62.500902976724639, -31.6190929942426 ], [ -62.500890729292614, -31.619017159905642 ], [ -62.500868891841328, -31.618960234705231 ], [ -62.500852022655046, -31.618960168774642 ], [ -62.500830055215161, -31.618927602997513 ], [ -62.500817634491376, -31.61888424789263 ], [ -62.50080855012088, -31.618808425909286 ], [ -62.500808858340065, -31.618750685037121 ], [ -62.500799773988142, -31.618674863051762 ], [ -62.500787353310351, -31.618631507942723 ], [ -62.50076538596872, -31.618598942153827 ], [ -62.500748516847885, -31.618598876210243 ], [ -62.500726506177273, -31.618574430225035 ], [ -62.500714027744735, -31.618541901522473 ], [ -62.500704842333434, -31.618485025753206 ], [ -62.500705073543003, -31.618441720097596 ], [ -62.500690991981685, -31.618413245114798 ], [ -62.500676910428837, -31.618384770130405 ], [ -62.500639128423877, -31.618352142486945 ], [ -62.500572836526636, -31.618327523326087 ], [ -62.500522229312629, -31.618327325413858 ], [ -62.5004557639718, -31.618335185433946 ], [ -62.500417750723457, -31.618345863380462 ], [ -62.500415219401589, -31.618347532292908 ], [ -62.500389182942889, -31.618364698246431 ], [ -62.500389105824553, -31.618379133464479 ], [ -62.500379515747106, -31.618398042567367 ], [ -62.500366806092984, -31.618408819485374 ], [ -62.500344622035271, -31.618416852675377 ], [ -62.500327752948344, -31.618416786676558 ], [ -62.500305568885452, -31.618424819859705 ], [ -62.500292859219243, -31.618435596770205 ], [ -62.50028326911648, -31.618454505865426 ], [ -62.500283191981531, -31.618468941083044 ], [ -62.50027360187331, -31.618487850177388 ], [ -62.500260892194788, -31.61849862708446 ], [ -62.500238708106814, -31.618506660255633 ], [ -62.500221839003963, -31.618506594242664 ], [ -62.500199741702303, -31.618498387787497 ], [ -62.500187147738771, -31.61848751186114 ], [ -62.500177760131493, -31.618468528502547 ], [ -62.500177837282706, -31.618454093285166 ], [ -62.500168449680594, -31.618435109925848 ], [ -62.500162152704512, -31.61842967196128 ], [ -62.500155855729162, -31.618424233996411 ], [ -62.500133758452804, -31.618416027529985 ], [ -62.500116889366581, -31.618415961503317 ], [ -62.500094792095673, -31.618407755030212 ], [ -62.500082198156555, -31.618396879093595 ], [ -62.500072810579539, -31.618377895727345 ], [ -62.500072887746676, -31.618363460509975 ], [ -62.500063500174804, -31.618344477142994 ], [ -62.500057203210936, -31.618339039173303 ], [ -62.500050906247786, -31.618333601203314 ], [ -62.500028809002202, -31.618325394718926 ], [ -62.500011939932591, -31.618325328678569 ], [ -62.499989842692464, -31.618317122187495 ], [ -62.499977248777746, -31.618306246240635 ], [ -62.499967861230978, -31.618287262866701 ], [ -62.499967938414045, -31.618272827649378 ], [ -62.499949062028136, -31.618253807122141 ], [ -62.499923816335766, -31.618242881632195 ], [ -62.49987957849104, -31.618234588425803 ], [ -62.499845840385412, -31.61823445630376 ], [ -62.499801602551948, -31.618226163070474 ], [ -62.499776356884631, -31.618215237551578 ], [ -62.499757480549547, -31.618196216996392 ], [ -62.499757557764816, -31.618181781779306 ], [ -62.499748170275005, -31.618162798389459 ], [ -62.499741873341769, -31.618157360404389 ], [ -62.499735576409265, -31.618151922419003 ], [ -62.499713479234828, -31.618143715880574 ], [ -62.499696610198804, -31.618143649798895 ], [ -62.499674426148374, -31.618151682872867 ], [ -62.499661716447896, -31.618162459720626 ], [ -62.499652126246978, -31.61818136876823 ], [ -62.499652049015431, -31.618195803985078 ], [ -62.499585525770108, -31.618214489965116 ], [ -62.499496905324648, -31.618224969334367 ], [ -62.499341877459038, -31.618232481670013 ], [ -62.499223794102697, -31.618232018706781 ], [ -62.499068766208154, -31.618239530710536 ], [ -62.498980145686104, -31.618250009720292 ], [ -62.498913622272781, -31.61826869534838 ], [ -62.498913544926985, -31.618283130563402 ], [ -62.498884976867572, -31.618301965090108 ], [ -62.498846963460075, -31.618312642567403 ], [ -62.498780498001253, -31.618320501714255 ], [ -62.498729890804924, -31.618320303091863 ], [ -62.498663425331699, -31.618328162177626 ], [ -62.498625411889137, -31.61833883958856 ], [ -62.498622880535983, -31.618340508465142 ], [ -62.498596843755436, -31.618357674049875 ], [ -62.498596766360478, -31.61837210926398 ], [ -62.498568198210833, -31.618390943718605 ], [ -62.498530184732182, -31.61840162110072 ], [ -62.49846371918575, -31.618409480081663 ], [ -62.498413111943719, -31.618409281333253 ], [ -62.49841081852626, -31.618409832324431 ], [ -62.498346602826388, -31.618425260060647 ], [ -62.498329523981383, -31.618434906593208 ], [ -62.498308531229597, -31.618446763786302 ], [ -62.498279861354291, -31.618484544392654 ], [ -62.498279706465688, -31.618513414818842 ], [ -62.498289093690055, -31.618532398312862 ], [ -62.498298480918194, -31.618551381806181 ], [ -62.498323668420575, -31.618573134025571 ], [ -62.498367862724486, -31.618589547578075 ], [ -62.498401600950572, -31.61858968009188 ], [ -62.498401680149463, -31.618589665894341 ], [ -62.498445925920805, -31.618581734195253 ], [ -62.498471126110118, -31.618571075481036 ], [ -62.498471287649778, -31.618571007155932 ], [ -62.4984903670017, -31.618552135463023 ], [ -62.498490444413626, -31.61853770024954 ], [ -62.49851901262393, -31.618518865813378 ], [ -62.498557026151666, -31.618508188435285 ], [ -62.498623491761215, -31.618500329406558 ], [ -62.498674099054142, -31.618500528072122 ], [ -62.498740477604443, -31.618508908598155 ], [ -62.498778375052709, -31.618519883975093 ], [ -62.498806740122546, -31.618538941911105 ], [ -62.498806662759435, -31.618553377125259 ], [ -62.498797072345333, -31.618572286105298 ], [ -62.498784362487122, -31.61858306286339 ], [ -62.498762178255809, -31.618591095776445 ], [ -62.498745309141547, -31.618591029568282 ], [ -62.498723081380973, -31.618607182282275 ], [ -62.498716697429174, -31.618617983862883 ], [ -62.498710313475868, -31.618628785443143 ], [ -62.498700621473446, -31.618666640633371 ], [ -62.498700466713629, -31.61869551106059 ], [ -62.49870510959699, -31.618714475901392 ], [ -62.498709752482192, -31.618733440742002 ], [ -62.498722288271978, -31.618755143222316 ], [ -62.498744341978174, -31.618771469739688 ], [ -62.498761211124986, -31.618771535948309 ], [ -62.498783395399407, -31.618763503036096 ], [ -62.498794834294372, -31.618753803954458 ], [ -62.498796105282544, -31.61875272627865 ], [ -62.498805695715866, -31.618733817299429 ], [ -62.498805773079681, -31.618719382085672 ], [ -62.498834341283505, -31.618700547579412 ], [ -62.498872354850704, -31.618689870108174 ], [ -62.498938820565442, -31.618682010916615 ], [ -62.498989427959117, -31.618682209458232 ], [ -62.499055806668736, -31.618690589821789 ], [ -62.499093704228663, -31.618701565105976 ], [ -62.499122069418348, -31.618720622972656 ], [ -62.499121992103362, -31.618735058187106 ], [ -62.499131379521202, -31.618754041620555 ], [ -62.499143973395924, -31.618764917649688 ], [ -62.499166070665005, -31.618773124286879 ], [ -62.499182939813203, -31.618773190439803 ], [ -62.499205124052821, -31.618765157453957 ], [ -62.499216562904778, -31.618755458334093 ], [ -62.499217833888181, -31.618754380654035 ], [ -62.499227424236864, -31.618735471642267 ], [ -62.499227501535579, -31.618721036427566 ], [ -62.499246580767533, -31.61870216462086 ], [ -62.499271942439776, -31.618691437422132 ], [ -62.499316267388693, -31.618683491223283 ], [ -62.499350005653582, -31.618683623486884 ], [ -62.499350651036153, -31.618683272024263 ], [ -62.499394417524407, -31.61865943764376 ], [ -62.499406064405299, -31.618644635335205 ], [ -62.499419895071554, -31.618627057592334 ], [ -62.499439177067941, -31.618570293315429 ], [ -62.499439408864362, -31.61852698766878 ], [ -62.49944920196193, -31.618470186197772 ], [ -62.499462027621441, -31.618437756548612 ], [ -62.499484298673217, -31.618413483894866 ], [ -62.499501167757366, -31.618413550005087 ], [ -62.499523264976069, -31.618421756580389 ], [ -62.499535858852724, -31.61843263257143 ], [ -62.499545246325525, -31.618451615975932 ], [ -62.499545169076669, -31.61846605119192 ], [ -62.499554556554635, -31.618485034595682 ], [ -62.499567150443376, -31.618495910583661 ], [ -62.499589247687396, -31.618504117147697 ], [ -62.499606116788158, -31.61850418324423 ], [ -62.499628214037649, -31.618512389801563 ], [ -62.499640807938704, -31.618523265782368 ], [ -62.49965019544176, -31.6185422491792 ], [ -62.499650118208834, -31.618556684395212 ], [ -62.499659505717041, -31.618575667791308 ], [ -62.499672099630196, -31.618586543769052 ], [ -62.49969419690499, -31.618594750315118 ], [ -62.499711066022371, -31.618594816397948 ], [ -62.499733250175403, -31.618586783319238 ], [ -62.499744688951168, -31.618577084150996 ], [ -62.499745959926109, -31.618576006465577 ], [ -62.499755550149757, -31.61855709741231 ], [ -62.499755627366412, -31.618542662196056 ], [ -62.499774706456016, -31.618523790308423 ], [ -62.499800068020491, -31.61851306300338 ], [ -62.49984439284237, -31.618505116619673 ], [ -62.499878131045627, -31.618505248743094 ], [ -62.499922369017931, -31.618513541950968 ], [ -62.499947614782748, -31.6185244674415 ], [ -62.499966491222217, -31.618543487968708 ], [ -62.499966414038106, -31.618557923185421 ], [ -62.499975801610965, -31.618576906558925 ], [ -62.499988395561523, -31.618587782505855 ], [ -62.500010492865137, -31.618595988997487 ], [ -62.500027361983555, -31.618596055038552 ], [ -62.500049242247684, -31.618644860570537 ], [ -62.50006154682913, -31.618709868572591 ], [ -62.500070428016606, -31.618823583046812 ], [ -62.500069965002311, -31.618910194344149 ], [ -62.500059868370414, -31.619023834524928 ], [ -62.500046869194286, -31.619088743467785 ], [ -62.500024467887847, -31.619137375643135 ], [ -62.500007598671779, -31.619137309600699 ], [ -62.499985501241191, -31.61912910310793 ], [ -62.499972907218968, -31.619118227160886 ], [ -62.499963519593912, -31.619099243788209 ], [ -62.499963596780091, -31.619084808572726 ], [ -62.499954209160201, -31.619065825199318 ], [ -62.499947912154759, -31.619060387224426 ], [ -62.499941615150078, -31.619054949249207 ], [ -62.499919517744793, -31.619046742745184 ], [ -62.499902648545351, -31.619046676689031 ], [ -62.499880334023572, -31.619079069221517 ], [ -62.499867450516589, -31.619122325321435 ], [ -62.499857556269994, -31.619198073040398 ], [ -62.49985724745806, -31.619255813900125 ], [ -62.499847353187555, -31.619331561616466 ], [ -62.499834469628922, -31.619374817710831 ], [ -62.499812155003774, -31.619407210228694 ], [ -62.499795285739594, -31.619407144157694 ], [ -62.499773101396123, -31.619415177244203 ], [ -62.499760391533073, -31.619425954097988 ], [ -62.499750801218809, -31.619444863148136 ], [ -62.49975072399868, -31.619459298362337 ], [ -62.49976011161543, -31.619478281749515 ], [ -62.499772705660511, -31.619489157717176 ], [ -62.499794803156533, -31.619497364246989 ], [ -62.499811672437005, -31.619497430318223 ], [ -62.49983376993849, -31.619505636841346 ], [ -62.499846363995879, -31.619516512801823 ], [ -62.499855751637718, -31.619535496182063 ], [ -62.499855674433519, -31.619549931396289 ], [ -62.499874551058149, -31.619568951935985 ], [ -62.499899797100426, -31.619579877437069 ], [ -62.49994403558177, -31.619588170641336 ], [ -62.499977774176273, -31.619588302742475 ], [ -62.500021969255869, -31.619604715727974 ], [ -62.500047157444229, -31.619626467610967 ], [ -62.500065932835078, -31.619664434341644 ], [ -62.500065778490736, -31.619693304770379 ], [ -62.500056086919109, -31.61973116006175 ], [ -62.50004331916292, -31.619752763353706 ], [ -62.500021091344372, -31.619768916290148 ], [ -62.50000422201439, -31.619768850246079 ], [ -62.499982037602102, -31.619776883367713 ], [ -62.499969327713096, -31.619787660241432 ], [ -62.499959737402719, -31.619806569306249 ], [ -62.499959660213761, -31.619821004520098 ], [ -62.499969047908422, -31.619839987891655 ], [ -62.499981642026199, -31.619850863838852 ], [ -62.500003739626116, -31.619859070333138 ], [ -62.500020608972356, -31.619859136377439 ], [ -62.500042706577723, -31.619867342865025 ], [ -62.500055300707814, -31.619878218805045 ], [ -62.500064688427564, -31.619897202169675 ], [ -62.500064611254537, -31.619911637383538 ], [ -62.500073998979438, -31.619930620747429 ], [ -62.50008659312163, -31.619941496684376 ], [ -62.50010869075232, -31.619949703160707 ], [ -62.500125560115187, -31.619949769191312 ], [ -62.500147831362035, -31.619925496429545 ], [ -62.500154244175661, -31.619909281573548 ], [ -62.500160656987028, -31.619893066717161 ], [ -62.500170449802098, -31.619836265199876 ], [ -62.500170681271328, -31.619792959556978 ], [ -62.500180474068983, -31.619736158037892 ], [ -62.500193299655798, -31.619703728320879 ], [ -62.500215570825731, -31.619679455545562 ], [ -62.500232440140124, -31.619679521561551 ], [ -62.500254494329397, -31.619695847820761 ], [ -62.500267030605691, -31.619717550151275 ], [ -62.500276317106888, -31.619755479720357 ], [ -62.500276162826957, -31.619784350149615 ], [ -62.500280806081626, -31.619803314933783 ], [ -62.500285449338129, -31.619822279717756 ], [ -62.500297985638177, -31.61984398204503 ], [ -62.500320039877437, -31.619860308293028 ], [ -62.500336909224721, -31.619860374295548 ], [ -62.500358920090456, -31.619884820345092 ], [ -62.500371398571573, -31.619917349076086 ], [ -62.500380583908083, -31.619974224855977 ], [ -62.500380352534407, -31.620017530499037 ], [ -62.500389537885347, -31.620074406277553 ], [ -62.500395777142366, -31.620090670641414 ], [ -62.50040201640153, -31.62010693500498 ], [ -62.500424027341566, -31.620131381043116 ], [ -62.50044089673802, -31.620131447032406 ], [ -62.500462864318308, -31.620164012871907 ], [ -62.500475285038704, -31.620207368002674 ], [ -62.50048436925848, -31.620283189991767 ], [ -62.500484060820497, -31.62034093084721 ], [ -62.500493145058833, -31.620416752834313 ], [ -62.500505565825222, -31.620460107960913 ], [ -62.500527533503792, -31.620492673788643 ], [ -62.500544402965687, -31.620492739764931 ], [ -62.500566630868967, -31.620476586740068 ], [ -62.50056875882558, -31.620472986183167 ], [ -62.500579398606185, -31.62045498339803 ], [ -62.500585338521681, -31.620431781745371 ], [ -62.500589090045693, -31.620417128069811 ], [ -62.500589244232827, -31.620388257642041 ], [ -62.50059893566106, -31.620350402312582 ], [ -62.500611703373231, -31.620328798966607 ], [ -62.500633931225686, -31.620312645929097 ], [ -62.500650800655372, -31.620312711890989 ] ] ], [ [ [ -62.496784112633449, -31.618035763849342 ], [ -62.496798463736326, -31.618096648445217 ], [ -62.496801512730947, -31.618108240676154 ], [ -62.496796912995265, -31.618089397861635 ], [ -62.496791941538049, -31.618068690196637 ], [ -62.496784112633449, -31.618035763849342 ] ] ], [ [ [ -62.50121760970967, -31.617627213668065 ], [ -62.50119236403367, -31.617616288428035 ], [ -62.501148126365848, -31.617607995662148 ], [ -62.501114388479728, -31.617607863877538 ], [ -62.501070150823161, -31.617599571084764 ], [ -62.501044905172208, -31.617588645815786 ], [ -62.501026028701141, -31.617569625444876 ], [ -62.501026105718715, -31.61755519022358 ], [ -62.501016718031174, -31.617536206923106 ], [ -62.501010421064962, -31.61753076899971 ], [ -62.501004124099488, -31.617525331076024 ], [ -62.500982026957892, -31.617517124756656 ], [ -62.500965158031626, -31.617517058843699 ], [ -62.500942974236445, -31.617525092141484 ], [ -62.500930264766538, -31.617535869118949 ], [ -62.500920674886828, -31.617554778266989 ], [ -62.500920597852968, -31.617569213488046 ], [ -62.500901519189668, -31.617588085554093 ], [ -62.500876158000779, -31.617598813083333 ], [ -62.500831833692168, -31.617606759831638 ], [ -62.500798095808122, -31.617606627963486 ], [ -62.500753858181739, -31.617598335061427 ], [ -62.500728612568963, -31.617587409730319 ], [ -62.500709736163117, -31.617568389313316 ], [ -62.500709813229513, -31.617553954092724 ], [ -62.500671959289377, -31.617534859477431 ], [ -62.500621410313492, -31.617523835193573 ], [ -62.500532891814842, -31.617515369064144 ], [ -62.500465416116, -31.617515105161676 ], [ -62.500376984398549, -31.617490399301875 ], [ -62.500326551170964, -31.617457722071851 ], [ -62.500288899818102, -31.617400734891451 ], [ -62.500289131210494, -31.617357429231241 ], [ -62.500298923660317, -31.617300627678066 ], [ -62.500311748860227, -31.617268197932933 ], [ -62.500334019410722, -31.617243925121397 ], [ -62.500350888286114, -31.617243991117199 ], [ -62.500373115442194, -31.617227838110171 ], [ -62.500375243330524, -31.617224237553962 ], [ -62.50038588276967, -31.617206234772365 ], [ -62.500391822515283, -31.617183033115296 ], [ -62.500395573931996, -31.617168379436965 ], [ -62.500395728159319, -31.617139508995333 ], [ -62.500405419310376, -31.617101653658672 ], [ -62.500418186612805, -31.617080050316947 ], [ -62.50044041371806, -31.61706389729726 ], [ -62.500457282561236, -31.617063963278689 ], [ -62.500479466287004, -31.617055930063991 ], [ -62.500490904796827, -31.617046230823863 ], [ -62.500492175742217, -31.617045153130437 ], [ -62.500501765654398, -31.617026244013434 ], [ -62.500501842751255, -31.617011808792064 ], [ -62.500492455223672, -31.61699282545311 ], [ -62.500486158324442, -31.616987387504107 ], [ -62.500479861425966, -31.616981949554813 ], [ -62.500457764459377, -31.616973743145838 ], [ -62.500440895632458, -31.616973677164648 ], [ -62.50041879867134, -31.616965470748976 ], [ -62.500406204885934, -31.616954594843492 ], [ -62.500396817383425, -31.616935611497603 ], [ -62.500396894496227, -31.616921176276257 ], [ -62.500387506998884, -31.616902192929629 ], [ -62.500381210111854, -31.616896754975514 ], [ -62.500374913225578, -31.616891317021089 ], [ -62.500352816289762, -31.616883110594156 ], [ -62.500335947479464, -31.616883044599259 ], [ -62.500313763782955, -31.616891077789557 ], [ -62.500301054328617, -31.616901854705603 ], [ -62.500291464389171, -31.616920763807627 ], [ -62.500291387260113, -31.616935199028742 ], [ -62.500272308602327, -31.616954071002674 ], [ -62.500246947516004, -31.616964798409061 ], [ -62.500202623458257, -31.616972744942345 ], [ -62.500168885806168, -31.616972612910338 ], [ -62.500124561738474, -31.616980559416412 ], [ -62.500099200628398, -31.616991286793155 ], [ -62.500080121920625, -31.617010158737703 ], [ -62.500080044758661, -31.617024593958135 ], [ -62.50007045476184, -31.617043503042616 ], [ -62.50005774525885, -31.617054279933679 ], [ -62.500035561498294, -31.617062313074761 ], [ -62.500018692656504, -31.617062247037648 ], [ -62.499996422068868, -31.61708651979448 ], [ -62.49998359678586, -31.617118949507983 ], [ -62.4999787004772, -31.617147350272568 ], [ -62.499973804165442, -31.617175751036811 ], [ -62.499973572628697, -31.617219056696175 ], [ -62.499982757481064, -31.617275932523391 ], [ -62.499991076156441, -31.617297618374227 ], [ -62.499995235495554, -31.617308461299416 ], [ -62.500017245679942, -31.617332907410432 ], [ -62.50003411457056, -31.617332973448239 ], [ -62.500056124770879, -31.617357419552629 ], [ -62.500068602821464, -31.617389948321467 ], [ -62.500077787747038, -31.617446824141108 ], [ -62.500077556255988, -31.617490129799293 ], [ -62.50010571874158, -31.617547079900064 ], [ -62.500123350102797, -31.617562306208129 ], [ -62.500143500236923, -31.617579707700106 ], [ -62.500209791490668, -31.61760432708002 ], [ -62.500260398311028, -31.617604525112004 ], [ -62.500326776380327, -31.617612904809601 ], [ -62.500364673659831, -31.617623879715499 ], [ -62.500393038788758, -31.617642937302392 ], [ -62.500392961673207, -31.617657372522082 ], [ -62.500468770750224, -31.617676615680104 ], [ -62.50056992665742, -31.617687837934593 ], [ -62.500747007351912, -31.61769665027245 ], [ -62.500881959018265, -31.617697177746898 ], [ -62.50105912640548, -31.617689750028884 ], [ -62.501160397900179, -31.617679318984699 ], [ -62.501236409246189, -31.617660669232567 ], [ -62.501236486231576, -31.617646234011012 ], [ -62.50121760970967, -31.617627213668065 ] ] ], [ [ [ -62.496301077738742, -31.61394231938678 ], [ -62.496300380138223, -31.614071860372459 ], [ -62.496300114384468, -31.614121209318679 ], [ -62.496290277155396, -31.614185942389913 ], [ -62.496277426595235, -31.614222904204237 ], [ -62.496255137424598, -31.614250575667025 ], [ -62.496238269099685, -31.614250509135868 ], [ -62.496215998220244, -31.614274781240898 ], [ -62.496203172031258, -31.614307210579348 ], [ -62.496193377437713, -31.61436401182236 ], [ -62.496193144176083, -31.614407317475681 ], [ -62.496202326473814, -31.614464193572875 ], [ -62.496214802806961, -31.614496722714918 ], [ -62.49623681134269, -31.614521169470965 ], [ -62.496253679716403, -31.614521236002819 ], [ -62.496275513349218, -31.614578161991748 ], [ -62.496287756502504, -31.614653996778785 ], [ -62.496296530750158, -31.614786657758039 ], [ -62.496295986574701, -31.614887704276892 ], [ -62.496304760851217, -31.615020365251109 ], [ -62.496317004081028, -31.615096200030944 ], [ -62.49633883788178, -31.615153126005751 ], [ -62.496355706369727, -31.615153192525316 ], [ -62.496471677225898, -31.615153649787029 ], [ -62.496539151179803, -31.615153915781764 ], [ -62.496627623345312, -31.61517050446486 ], [ -62.496678112298795, -31.615192356728127 ], [ -62.496715862515927, -31.615230398738174 ], [ -62.496715707164256, -31.615259269172149 ], [ -62.496734480344116, -31.615297236395257 ], [ -62.496759666612711, -31.615318988921199 ], [ -62.496803859104787, -31.615335403004362 ], [ -62.496837596148914, -31.615335535919119 ], [ -62.496881744984393, -31.615360069785115 ], [ -62.496906873069292, -31.615392648695174 ], [ -62.49692554444534, -31.615449562112804 ], [ -62.496925311512825, -31.615492867763646 ], [ -62.496915517222611, -31.615549669054811 ], [ -62.496902691094029, -31.615582098457757 ], [ -62.496880420063349, -31.615606370672094 ], [ -62.496863551492297, -31.615606304220968 ], [ -62.496841367810511, -31.615614336809752 ], [ -62.49682865813655, -31.615625113380027 ], [ -62.496819067633361, -31.61564402221914 ], [ -62.496818989972219, -31.615658457435451 ], [ -62.496856842355406, -31.615677553182238 ], [ -62.496907389871517, -31.615688578944265 ], [ -62.496995906279508, -31.615697047567537 ], [ -62.49706338063087, -31.615697313289395 ], [ -62.497151984373915, -31.615689542185702 ], [ -62.497202648336021, -31.615678915005763 ], [ -62.497240704497308, -31.615660118194604 ], [ -62.497240782093364, -31.615645682977355 ], [ -62.497250372511928, -31.615626774105721 ], [ -62.497263082138112, -31.615615997492952 ], [ -62.497285265785123, -31.61560796483057 ], [ -62.497302134357568, -31.615608031225978 ], [ -62.497324143437531, -31.615632477796101 ], [ -62.497336620312481, -31.61566500682834 ], [ -62.497345803419314, -31.615721882840703 ], [ -62.497345570678903, -31.615765188492485 ], [ -62.497335776612587, -31.615821989815831 ], [ -62.497322950590444, -31.615854419260742 ], [ -62.497300679601921, -31.615878691547778 ], [ -62.497283810980669, -31.615878625151659 ], [ -62.497261627269012, -31.615886657812805 ], [ -62.497248917605432, -31.615897434424568 ], [ -62.497239327158042, -31.615916343295023 ], [ -62.497239249560941, -31.61593077851164 ], [ -62.497296079354484, -31.615949948831734 ], [ -62.497371930026027, -31.615961074002673 ], [ -62.497504726913377, -31.615969716531026 ], [ -62.497605938743703, -31.615970114700293 ], [ -62.497738822879143, -31.615962517365837 ], [ -62.497814789879875, -31.615951989447758 ], [ -62.49787182324426, -31.615933267065927 ], [ -62.497871900743746, -31.615918831847896 ], [ -62.497881491064177, -31.61589992292863 ], [ -62.497894200656106, -31.615889146253167 ], [ -62.497916384315594, -31.615881113481585 ], [ -62.497933252938928, -31.615881179794169 ], [ -62.497955349421005, -31.61588938663634 ], [ -62.497967942776285, -31.615900262780858 ], [ -62.4979773296823, -31.615919246302148 ], [ -62.497977252199092, -31.615933681520403 ], [ -62.497986639110259, -31.615952665040947 ], [ -62.497999232477639, -31.615963541182406 ], [ -62.498021328985018, -31.615971748013315 ], [ -62.498038197624972, -31.615971814312207 ], [ -62.498060381292163, -31.615963781515809 ], [ -62.498073090872509, -31.615953004822511 ], [ -62.498082681156092, -31.615934095887841 ], [ -62.498082758623035, -31.615919660669356 ], [ -62.498092348901153, -31.615900751733808 ], [ -62.4981050584692, -31.615889975037106 ], [ -62.498127242111295, -31.615881942228718 ], [ -62.498144110735318, -31.615882008513449 ], [ -62.498166294372261, -31.615873975698229 ], [ -62.498179003928207, -31.615863198993974 ], [ -62.498188594181023, -31.615844290050784 ], [ -62.498188671631333, -31.615829854831855 ], [ -62.498245704848436, -31.615811132281152 ], [ -62.498321671673196, -31.615800604059437 ], [ -62.498454555520034, -31.615793005976954 ], [ -62.49855576717389, -31.61579340339156 ], [ -62.498688563950289, -31.615802044687847 ], [ -62.498764414679528, -31.615813169032506 ], [ -62.498821244724233, -31.615832338676803 ], [ -62.498821167371538, -31.615846773897129 ], [ -62.498802088645341, -31.615865645653869 ], [ -62.49877672769145, -31.615876372771435 ], [ -62.498732404033191, -31.615884318799868 ], [ -62.498698666781301, -31.615884186383568 ], [ -62.498654343113088, -31.615892132384815 ], [ -62.498628982135436, -31.615902859472733 ], [ -62.498609903359274, -31.615921731200082 ], [ -62.498609825973695, -31.615936166419729 ], [ -62.498600235795905, -31.615955075395078 ], [ -62.498587526275266, -31.615965852141461 ], [ -62.498565342651553, -31.615973885029895 ], [ -62.498548474009873, -31.615973818800622 ], [ -62.498526377454439, -31.615965612060432 ], [ -62.498513784024745, -31.61595473597032 ], [ -62.498504397005824, -31.615935752487399 ], [ -62.498504474407689, -31.615921317267972 ], [ -62.498495087393913, -31.615902333784327 ], [ -62.498482493976319, -31.615891457691156 ], [ -62.498460397446209, -31.615883250939699 ], [ -62.498443528821127, -31.615883184696731 ], [ -62.498421345205124, -31.615891217560346 ], [ -62.498408635672902, -31.615901994288897 ], [ -62.498399045458264, -31.61592090324886 ], [ -62.498398968040128, -31.615935338468045 ], [ -62.498389377820033, -31.615954247427123 ], [ -62.498376668275512, -31.61596502415226 ], [ -62.498354484634412, -31.615973057003888 ], [ -62.498337615993414, -31.615972990746766 ], [ -62.498315432347155, -31.615981023591544 ], [ -62.498302722790541, -31.615991800309146 ], [ -62.498293132545122, -31.616010709260589 ], [ -62.498293055110388, -31.616025144479323 ], [ -62.498302442094896, -31.616044127977172 ], [ -62.498315035511602, -31.61605500408783 ], [ -62.498337132068976, -31.616063210864507 ], [ -62.498354000726245, -31.616063277121853 ], [ -62.498375879539211, -31.616112082944586 ], [ -62.498388182646934, -31.616177091118015 ], [ -62.498397061601253, -31.616290805729921 ], [ -62.498396597083122, -31.616377417039441 ], [ -62.498405476063233, -31.616491131647493 ], [ -62.498417779237684, -31.616556139814971 ], [ -62.498439658195728, -31.616604945624566 ], [ -62.498456526950974, -31.616605011869375 ], [ -62.498478536566438, -31.616629458242357 ], [ -62.498491013972576, -31.616661987162306 ], [ -62.498500197871891, -31.616718863091144 ], [ -62.498499965656947, -31.616762168743833 ], [ -62.498509149570701, -31.616819044671296 ], [ -62.498521627011876, -31.61685157358767 ], [ -62.498543636701633, -31.616876019949267 ], [ -62.498560505506035, -31.616876086180849 ], [ -62.498582515211716, -31.61690053253583 ], [ -62.498594992688986, -31.616933061445003 ], [ -62.498604176675926, -31.616989937364892 ], [ -62.498603944506669, -31.617033243016429 ], [ -62.49861312850804, -31.617090118934939 ], [ -62.498625606020362, -31.617122647840521 ], [ -62.49864761580033, -31.617147094184116 ], [ -62.498664484653894, -31.617147160402485 ], [ -62.49868666854907, -31.617139127501098 ], [ -62.498699378219797, -31.617128350748388 ], [ -62.498708968501319, -31.617109441770094 ], [ -62.498709045875152, -31.617095006552873 ], [ -62.498718636151217, -31.617076097573708 ], [ -62.498731345809638, -31.617065320817559 ], [ -62.498753529679718, -31.617057287904213 ], [ -62.498770398517344, -31.617057354108425 ], [ -62.498792495351381, -31.617065560807898 ], [ -62.498805088961618, -31.61707643687053 ], [ -62.498814476153093, -31.617095420329811 ], [ -62.498814398795538, -31.617109855547248 ], [ -62.498823785992165, -31.617128839005794 ], [ -62.498836379614502, -31.617139715065353 ], [ -62.498858476473842, -31.617147921753585 ], [ -62.498875345328095, -31.617147987944094 ], [ -62.49889752920587, -31.617139955005907 ], [ -62.498910238852716, -31.617129178231949 ], [ -62.498919829091925, -31.617110269237379 ], [ -62.498919906433208, -31.6170958340197 ], [ -62.498948474113789, -31.617076999477732 ], [ -62.498986487005872, -31.617066321962813 ], [ -62.499052951556031, -31.617058462697763 ], [ -62.499103558072065, -31.61705866118508 ], [ -62.499170022607792, -31.617050801858934 ], [ -62.499208035464818, -31.617040124277654 ], [ -62.499236603071118, -31.617021289670291 ], [ -62.499236680363239, -31.617006854451702 ], [ -62.499227293094258, -31.616987871022406 ], [ -62.4992146994461, -31.616976995000865 ], [ -62.499192602594817, -31.616968788374159 ], [ -62.499175733772056, -31.616968722225881 ], [ -62.499153636926216, -31.616960515592481 ], [ -62.499141043290372, -31.616949639563757 ], [ -62.49913165604648, -31.616930656127519 ], [ -62.499131733354531, -31.616916220908955 ], [ -62.499122346115804, -31.616897237471992 ], [ -62.499109752492046, -31.616886361440219 ], [ -62.499087655671524, -31.61687815479555 ], [ -62.499070786865389, -31.616878088633573 ], [ -62.499048603064495, -31.616886121602995 ], [ -62.499035893466832, -31.616896898391634 ], [ -62.499026303273467, -31.616915807396019 ], [ -62.499026225949144, -31.616930242614348 ], [ -62.499016635750323, -31.616949151617845 ], [ -62.499003926140354, -31.61695992840308 ], [ -62.498981742314371, -31.616967961360515 ], [ -62.498964873492312, -31.616967895184388 ], [ -62.498942820167926, -31.616951568704529 ], [ -62.498930284562469, -31.616929866241712 ], [ -62.498920998872926, -31.61689193656661 ], [ -62.498921153553759, -31.616863066130239 ], [ -62.498930845269875, -31.616825210909738 ], [ -62.498943612872189, -31.616803607717646 ], [ -62.4989658401621, -31.616787454955865 ], [ -62.49898270895163, -31.616787521131542 ], [ -62.499004979727552, -31.616763248552331 ], [ -62.499017805297974, -31.616730818938322 ], [ -62.499027598447569, -31.616674017484403 ], [ -62.499027830417411, -31.616630711827604 ], [ -62.499009157532079, -31.616573798712054 ], [ -62.498984028397473, -31.616541220210696 ], [ -62.498939878447011, -31.616516687064404 ], [ -62.498906140965943, -31.616516554700549 ], [ -62.498861947539382, -31.616500141338211 ], [ -62.498836760461742, -31.616478389222426 ], [ -62.498817986193771, -31.616440422303992 ], [ -62.498818140903673, -31.616411551866044 ], [ -62.498837321263906, -31.61637373388454 ], [ -62.498862740357595, -31.61635218034267 ], [ -62.498907107732009, -31.616336114460875 ], [ -62.498940845147992, -31.616336246823806 ], [ -62.498985342994111, -31.616295821481529 ], [ -62.499010936013221, -31.616241788664855 ], [ -62.499030420713304, -31.616147131973413 ], [ -62.499030807319279, -31.616074955872609 ], [ -62.499021826125251, -31.615980187519988 ], [ -62.499009464607269, -31.615926005816689 ], [ -62.498987542007761, -31.615885319909669 ], [ -62.498970673380946, -31.61588525373633 ], [ -62.498948663808001, -31.615860807445824 ], [ -62.498936186344991, -31.615828278565946 ], [ -62.498927002259833, -31.615771402658726 ], [ -62.498927234268066, -31.615728096996456 ], [ -62.498918050197346, -31.615671221087855 ], [ -62.498905572769367, -31.61563869220441 ], [ -62.498883563270716, -31.615614245902513 ], [ -62.498866694693064, -31.615614179715941 ], [ -62.498844598193458, -31.615605973030942 ], [ -62.498832004774144, -31.615595096971706 ], [ -62.498822617725359, -31.615576113510823 ], [ -62.49882269507701, -31.615561678289886 ], [ -62.498803819465806, -31.61554265759343 ], [ -62.498778574637804, -31.615531731881482 ], [ -62.498734338179268, -31.615523438289259 ], [ -62.49870060105755, -31.61552330587481 ], [ -62.498656364610284, -31.61551501225572 ], [ -62.498631119807335, -31.615504086514811 ], [ -62.498612244246956, -31.615485065790413 ], [ -62.498612321630809, -31.615470630569725 ], [ -62.498621911755095, -31.615451721591487 ], [ -62.498634621201106, -31.61544094484006 ], [ -62.498656804691969, -31.615432911937546 ], [ -62.498673673236397, -31.615432978151496 ], [ -62.498695856722094, -31.615424945242147 ], [ -62.498708566156019, -31.615414168483181 ], [ -62.498718156254988, -31.615395259497291 ], [ -62.498718233622228, -31.615380824276173 ], [ -62.498727823715747, -31.615361915289398 ], [ -62.498740533137358, -31.615351138527025 ], [ -62.498762716597973, -31.615343105605689 ], [ -62.498779585126464, -31.615343171805485 ], [ -62.498801768581941, -31.61533513887731 ], [ -62.498814477991452, -31.615324362107394 ], [ -62.498824068059655, -31.615305453112974 ], [ -62.498824145410275, -31.615291017891419 ], [ -62.498814758392726, -31.615272034429378 ], [ -62.498802165021338, -31.61526115836714 ], [ -62.498780068610522, -31.615252951671454 ], [ -62.498763200098288, -31.615252885471889 ], [ -62.498741103692929, -31.615244678769507 ], [ -62.498728510333841, -31.6152338027001 ], [ -62.498719123341395, -31.61521481923111 ], [ -62.498719200707924, -31.61520038400959 ], [ -62.49870981372063, -31.615181400539875 ], [ -62.498697220373657, -31.615170524467409 ], [ -62.498675123993586, -31.615162317753757 ], [ -62.498658255497979, -31.6151622515405 ], [ -62.498636072071768, -31.615170284444272 ], [ -62.498623362663132, -31.615181061196687 ], [ -62.49861377256768, -31.615199970176132 ], [ -62.498613695184872, -31.615214405397424 ], [ -62.498594616548061, -31.615233277125938 ], [ -62.498569255743476, -31.615244004204907 ], [ -62.498524932369065, -31.615251950165064 ], [ -62.498491195346354, -31.615251817696308 ], [ -62.498446959046753, -31.615243524005848 ], [ -62.498421714341688, -31.615232598224118 ], [ -62.498402838878327, -31.615213577468971 ], [ -62.498402916293678, -31.615199142248141 ], [ -62.498393529371036, -31.615180158755845 ], [ -62.498380936061437, -31.615169282652573 ], [ -62.4983588397102, -31.615161075884497 ], [ -62.498341971215638, -31.615161009629478 ], [ -62.498319700656729, -31.615185282101312 ], [ -62.498306875064799, -31.615217711652729 ], [ -62.498297081643337, -31.615274513061344 ], [ -62.498296849347447, -31.615317818722481 ], [ -62.498306033008113, -31.615374694674617 ], [ -62.498318510192824, -31.615407223615428 ], [ -62.498340519494441, -31.615431670013447 ], [ -62.498357388037817, -31.615431736269173 ], [ -62.498379440903953, -31.615448062849186 ], [ -62.498391976187108, -31.615469765367688 ], [ -62.498401261528542, -31.615507695086002 ], [ -62.498401106695418, -31.615536565526192 ], [ -62.498391414906401, -31.61557442071328 ], [ -62.498378647349178, -31.615596023854721 ], [ -62.498356420245358, -31.61561217651921 ], [ -62.498339551669453, -31.615612110263019 ], [ -62.498317368109404, -31.615620143109474 ], [ -62.498304658602628, -31.615630919828394 ], [ -62.498295068395649, -31.615649828781429 ], [ -62.498294990962293, -31.615664264000998 ], [ -62.498285400749857, -31.61568317295314 ], [ -62.498272691230781, -31.615693949668639 ], [ -62.498250507645643, -31.615701982503115 ], [ -62.498233639053794, -31.61570191623278 ], [ -62.498211542590674, -31.615693709438723 ], [ -62.498198949234194, -31.615682833317877 ], [ -62.498189562306017, -31.615663849811952 ], [ -62.498189639755644, -31.615649414592607 ], [ -62.498180252832618, -31.615630431085965 ], [ -62.498167659488239, -31.615619554962052 ], [ -62.498145563050429, -31.615611348156733 ], [ -62.498128694475206, -31.615611281872699 ], [ -62.498106598042853, -31.615603075060694 ], [ -62.498094004710772, -31.61559219892959 ], [ -62.498084617812836, -31.61557321541601 ], [ -62.498084695278386, -31.61555878019669 ], [ -62.498094285518079, -31.615539871259532 ], [ -62.49810699503626, -31.615529094561527 ], [ -62.498129178592151, -31.615521061751458 ], [ -62.498146047151103, -31.615521128035255 ], [ -62.498168317835855, -31.615496855596284 ], [ -62.498181143515289, -31.615464426061084 ], [ -62.498190937028582, -31.615407624664005 ], [ -62.498191169374323, -31.615364319004165 ], [ -62.498181985784541, -31.615307443044433 ], [ -62.498169508660325, -31.615274914090392 ], [ -62.498147499440144, -31.615250467663152 ], [ -62.498130630929992, -31.615250401380042 ], [ -62.49810857815401, -31.615234074757502 ], [ -62.498096042967838, -31.615212372211388 ], [ -62.498086757778111, -31.61517444247076 ], [ -62.498086912706071, -31.615145572030311 ], [ -62.498077627526314, -31.61510764228872 ], [ -62.498065092363881, -31.615085939739387 ], [ -62.498043039637871, -31.615069613105621 ], [ -62.498026171160618, -31.615069546809057 ], [ -62.498004074864824, -31.615061339980056 ], [ -62.497991481616864, -31.615050463838791 ], [ -62.497982094792654, -31.615031480316865 ], [ -62.49798217227238, -31.615017045096554 ], [ -62.497972785453321, -31.614998061573875 ], [ -62.497960192217462, -31.614987185429573 ], [ -62.497938095946971, -31.614978978589292 ], [ -62.497921227486337, -31.614978912279042 ], [ -62.497898956863324, -31.615003184677526 ], [ -62.497886131151972, -31.615035614186358 ], [ -62.497876337496081, -31.61509241556184 ], [ -62.497876105007037, -31.615135721221421 ], [ -62.497856822803044, -31.615192485290294 ], [ -62.497831345671685, -31.615224865051346 ], [ -62.497786935048005, -31.615249050376683 ], [ -62.497753198030153, -31.615248917713011 ], [ -62.49770896180101, -31.615240623767619 ], [ -62.497683717185012, -31.61522969784091 ], [ -62.497664841873871, -31.615210676978268 ], [ -62.497664919403114, -31.615196241759062 ], [ -62.497674509689006, -31.615177332852859 ], [ -62.497687219205105, -31.615166556195994 ], [ -62.497709402709589, -31.615158523457865 ], [ -62.497726271202062, -31.61515858979643 ], [ -62.497748454701394, -31.615150557051464 ], [ -62.497761164205393, -31.615139780387068 ], [ -62.497770754465982, -31.615120871473202 ], [ -62.497770831978592, -31.615106436253562 ], [ -62.497761445193952, -31.615087452715986 ], [ -62.497748851971068, -31.615076576551115 ], [ -62.497726755698643, -31.615068369674358 ], [ -62.497709887222427, -31.615068303336034 ], [ -62.49768779095546, -31.615060096452591 ], [ -62.49767519774489, -31.615049220280536 ], [ -62.497665810985325, -31.615030236736011 ], [ -62.497665888513865, -31.615015801516403 ], [ -62.497656501759458, -31.61499681797115 ], [ -62.497643908560988, -31.614985941796046 ], [ -62.497621812319331, -31.614977734901341 ], [ -62.497604943859727, -31.614977668549322 ], [ -62.497582716772691, -31.614993821080848 ], [ -62.497569949110989, -31.615015424142285 ], [ -62.49756025704346, -31.615053279266434 ], [ -62.497560101953496, -31.615082149704953 ], [ -62.497550409874698, -31.615120004827851 ], [ -62.497537642187929, -31.615141607885381 ], [ -62.497515415050074, -31.615157760404248 ], [ -62.497498546558298, -31.61515769403784 ], [ -62.497476450289383, -31.615149487117918 ], [ -62.497463857091788, -31.615138610925317 ], [ -62.497454470366634, -31.615119627365868 ], [ -62.497454547928065, -31.615105192146935 ], [ -62.497445161208063, -31.615086208586771 ], [ -62.497432568022568, -31.615075332391104 ], [ -62.49741047177897, -31.615067125459923 ], [ -62.497393603303813, -31.615067059079816 ], [ -62.497371419794788, -31.615075091763153 ], [ -62.497358710255334, -31.615085868388501 ], [ -62.497349119915569, -31.615104777270698 ], [ -62.497349042337873, -31.615119212489383 ], [ -62.497310986419549, -31.615138009336935 ], [ -62.497260322763033, -31.615148636563941 ], [ -62.497171719540972, -31.615156407748902 ], [ -62.497104245578726, -31.61515614208832 ], [ -62.49701572967107, -31.615147673544691 ], [ -62.496965182433009, -31.615136647827512 ], [ -62.496927330244581, -31.615117552113261 ], [ -62.496927407887348, -31.61510311689549 ], [ -62.496936998311739, -31.615084208045857 ], [ -62.49694970789897, -31.615073431462982 ], [ -62.496971891442762, -31.615065398853268 ], [ -62.49698875991654, -31.615065465289057 ], [ -62.497010943455173, -31.615057432672501 ], [ -62.497023653030304, -31.615046656082093 ], [ -62.497033243429392, -31.615027747224808 ], [ -62.497033321055547, -31.615013312006589 ], [ -62.497061888467975, -31.614994477877826 ], [ -62.497099900717629, -31.61498380091437 ], [ -62.497166363929885, -31.614975942614798 ], [ -62.497216969304489, -31.61497614183795 ], [ -62.497283432502321, -31.6149682834773 ], [ -62.497321444716931, -31.614957606447476 ], [ -62.497350012055087, -31.614938772253314 ], [ -62.497350089632086, -31.614924337034196 ], [ -62.497378656954304, -31.614905502833366 ], [ -62.497416669132832, -31.614894825774741 ], [ -62.497483132257493, -31.614886967309271 ], [ -62.497533737586416, -31.614887166406408 ], [ -62.497600200696645, -31.614879307879871 ], [ -62.497638212840144, -31.614868630754863 ], [ -62.497666780088068, -31.614849796488645 ], [ -62.497666857615926, -31.614835361268618 ], [ -62.497657470878899, -31.614816377723091 ], [ -62.49764487770431, -31.61480550154802 ], [ -62.497622781504973, -31.614797294653702 ], [ -62.497605913077912, -31.614797228302148 ], [ -62.497583860500548, -31.614780901589896 ], [ -62.497571325496104, -31.614759198992662 ], [ -62.49756204056208, -31.614721269213881 ], [ -62.497562195649259, -31.614692398773705 ], [ -62.497552910725197, -31.614654468993976 ], [ -62.497540375744506, -31.614632766393505 ], [ -62.497518323217115, -31.614616439670051 ], [ -62.497501454822945, -31.614616373305036 ], [ -62.497479358680984, -31.614608166386272 ], [ -62.497466765555046, -31.614597290193785 ], [ -62.497457378882054, -31.614578306633515 ], [ -62.497457456441389, -31.614563871413335 ], [ -62.497448069773561, -31.61454488785235 ], [ -62.497435476659717, -31.614534011656811 ], [ -62.497413380543065, -31.614525804726775 ], [ -62.497396512165523, -31.614525738348064 ], [ -62.497374503322767, -31.614501291788709 ], [ -62.497362026584078, -31.614468762755745 ], [ -62.497352843579542, -31.614411886734612 ], [ -62.497353076304279, -31.614368581073581 ], [ -62.497334404873605, -31.614311667708396 ], [ -62.49730927692363, -31.61427908887843 ], [ -62.497265128480116, -31.614254555160237 ], [ -62.497231391823675, -31.61425442236246 ], [ -62.497187025162297, -31.614270487674641 ], [ -62.497161606259787, -31.614292040891868 ], [ -62.49714242566445, -31.61432985863139 ], [ -62.497142270449892, -31.614358729071327 ], [ -62.49713257828158, -31.614396584165814 ], [ -62.497119810600033, -31.614418187184029 ], [ -62.497097583564752, -31.614434339633046 ], [ -62.497080715204511, -31.614434273212808 ], [ -62.497058619143303, -31.614426066221853 ], [ -62.497046026091098, -31.614415189988335 ], [ -62.497036639521689, -31.614396206397696 ], [ -62.49703671714542, -31.614381771178031 ], [ -62.497027330581169, -31.614362787586661 ], [ -62.497014737541058, -31.614351911350084 ], [ -62.496992641505152, -31.614343704347856 ], [ -62.496975773161537, -31.614343637913933 ], [ -62.496953589790145, -31.614351670527022 ], [ -62.496940880302617, -31.614362447112519 ], [ -62.4969312899551, -31.614381355965378 ], [ -62.496931212315111, -31.61439579118478 ], [ -62.496912133511742, -31.614414662662572 ], [ -62.496886772742258, -31.614425389409128 ], [ -62.49684244962215, -31.614433334788956 ], [ -62.496808712903423, -31.61443320187886 ], [ -62.496764608208501, -31.614400548178146 ], [ -62.496739538687301, -31.614357142824076 ], [ -62.496720969578128, -31.614281283147857 ], [ -62.496721280266144, -31.614223542270878 ], [ -62.4967121996198, -31.614147719980291 ], [ -62.496699781413938, -31.614104364469075 ], [ -62.496677816546544, -31.614071797979982 ], [ -62.496660948252789, -31.614071731504978 ], [ -62.496638852314632, -31.614063524442212 ], [ -62.496626259360049, -31.614052648167718 ], [ -62.496616872911609, -31.614033664546412 ], [ -62.496616950599012, -31.614019229326878 ], [ -62.496607564155745, -31.61400024570484 ], [ -62.496594971213248, -31.613989369427294 ], [ -62.496572875300402, -31.613981162353255 ], [ -62.496556007023266, -31.613981095864574 ], [ -62.496533904608476, -31.613974097737053 ], [ -62.49652130300138, -31.613964833389922 ], [ -62.496511901398343, -31.613948670651773 ], [ -62.496511967532498, -31.613936384682418 ], [ -62.496512141134446, -31.613904134012778 ], [ -62.496507195030617, -31.613905028861186 ], [ -62.496423494528656, -31.613920171912589 ], [ -62.496389724385352, -31.613926281572429 ], [ -62.496308426444216, -31.613940989872887 ], [ -62.496301077738742, -31.61394231938678 ] ] ], [ [ [ -62.495864332930871, -31.614082867538848 ], [ -62.495853962930262, -31.61408943258331 ], [ -62.495864066493603, -31.614132300592043 ], [ -62.495861236854367, -31.614109459792548 ], [ -62.49586131297972, -31.614095336063059 ], [ -62.495864332930871, -31.614082867538848 ] ] ] ] } }
]
}
