{
"type": "FeatureCollection",
"name": "La Petronila_12_A_zonas",
"crs": { "type": "name", "properties": { "name": "urn:ogc:def:crs:OGC:1.3:CRS84" } },
"features": [
{ "type": "Feature", "properties": { "zona": "salino", "zona_id": "SALINO" }, "geometry": { "type": "Polygon", "coordinates": [ [ [ -62.540755091687032, -31.657860322286613 ], [ -62.54075516268405, -31.65784588707254 ], [ -62.54076474878778, -31.657826975012892 ], [ -62.540777459259893, -31.657816194146324 ], [ -62.540799649336513, -31.657808154037362 ], [ -62.540816525635869, -31.65780821475785 ], [ -62.540838715707316, -31.657800174642045 ], [ -62.540851426167286, -31.657789393767942 ], [ -62.540861012245671, -31.657770481700652 ], [ -62.540861083226069, -31.657756046486178 ], [ -62.540880162210243, -31.657737168568207 ], [ -62.5409055298704, -31.657726433220986 ], [ -62.540949870036869, -31.657718472762099 ], [ -62.540983622603903, -31.657718594160812 ], [ -62.541027962760332, -31.657710633674668 ], [ -62.541053330396622, -31.657699898297782 ], [ -62.541072409330688, -31.657681020350449 ], [ -62.541072480278153, -31.657666585135324 ], [ -62.541082066299047, -31.657647673050533 ], [ -62.541094776710246, -31.65763689215148 ], [ -62.54111696671746, -31.657628851986466 ], [ -62.541133842985161, -31.657628912664688 ], [ -62.541156032987182, -31.657620872492799 ], [ -62.541133842985168, -31.657628912664677 ], [ -62.541178143188077, -31.657629071934398 ], [ -62.541178329381793, -31.657591179493782 ], [ -62.541178400312646, -31.657576744278252 ], [ -62.541187986302731, -31.657557832184931 ], [ -62.541200696689472, -31.657547051274946 ], [ -62.541222886666347, -31.657539011091099 ], [ -62.541239762918053, -31.657539071755174 ], [ -62.541261952889755, -31.657531031564485 ], [ -62.541274663264367, -31.65752025064695 ], [ -62.541284249229093, -31.657501338546009 ], [ -62.541284320143312, -31.657486903330053 ], [ -62.541293906102588, -31.657467991228231 ], [ -62.54130661646488, -31.657457210307321 ], [ -62.541328806411435, -31.657449170104652 ], [ -62.541345682647147, -31.657449230754558 ], [ -62.541367872588509, -31.657441190545043 ], [ -62.541380582938665, -31.657430409616584 ], [ -62.541390168872582, -31.657411497507127 ], [ -62.541390239770188, -31.657397062290745 ], [ -62.541399825698647, -31.657378150180428 ], [ -62.541412536036489, -31.657367369248568 ], [ -62.541434725952698, -31.657359329027095 ], [ -62.541451602172437, -31.657359389662844 ], [ -62.541473792083465, -31.657351349434514 ], [ -62.541486502409157, -31.657340568495115 ], [ -62.541496088312279, -31.657321656377153 ], [ -62.541496159193251, -31.657307221160355 ], [ -62.541505745090909, -31.657288309041512 ], [ -62.541518455404287, -31.657277528098724 ], [ -62.541540645290169, -31.657269487858425 ], [ -62.541557521493914, -31.657269548480013 ], [ -62.541579870827285, -31.657229028994351 ], [ -62.541557521493914, -31.657269548480013 ], [ -62.541557521493935, -31.657269548480013 ], [ -62.541579711374617, -31.657261508232867 ], [ -62.541592421675851, -31.657250727282541 ], [ -62.541602007548157, -31.657231815156059 ], [ -62.541602078412517, -31.657217379938857 ], [ -62.54160275162134, -31.657080245373766 ], [ -62.541603105939942, -31.65700806928567 ], [ -62.541603291956697, -31.656970176839103 ], [ -62.541594171162615, -31.656894357849691 ], [ -62.541581726660205, -31.656851006733934 ], [ -62.541559736199119, -31.656818447932284 ], [ -62.541542860076888, -31.656818387311755 ], [ -62.541520789901796, -31.656802068123707 ], [ -62.541508239128909, -31.656780369827679 ], [ -62.541498932371539, -31.656742443277732 ], [ -62.541499074129369, -31.656713572841486 ], [ -62.541489767382032, -31.656675646290587 ], [ -62.541477216633005, -31.65665394799132 ], [ -62.541455146508021, -31.656637628791952 ], [ -62.541438270418723, -31.656637568157908 ], [ -62.541416160428035, -31.656629368762104 ], [ -62.541403556532281, -31.656618496869307 ], [ -62.541394156783475, -31.656599516535238 ], [ -62.541394227678218, -31.656585081317022 ], [ -62.541384827934593, -31.656566100982221 ], [ -62.541372224050974, -31.656555229086354 ], [ -62.541350114085638, -31.656547029679238 ], [ -62.54133323801296, -31.656546969031456 ], [ -62.541311128053081, -31.65653876961764 ], [ -62.541298524181791, -31.656527897714533 ], [ -62.541289124463319, -31.656508917372761 ], [ -62.541289195374041, -31.656494482154539 ], [ -62.541279795660749, -31.65647550181205 ], [ -62.54126719180158, -31.656464629905862 ], [ -62.541245081867061, -31.656456430480738 ], [ -62.541228205810995, -31.656456369819228 ], [ -62.541206135776342, -31.65644005057716 ], [ -62.541193585124546, -31.656418352250125 ], [ -62.541184278529443, -31.656380425676655 ], [ -62.541184420382542, -31.656351555240029 ], [ -62.541175113797479, -31.6563136286656 ], [ -62.541162563169536, -31.656291930335311 ], [ -62.541140493184997, -31.656275611081963 ], [ -62.541123617161873, -31.656275550406928 ], [ -62.541101545758572, -31.656259522029071 ], [ -62.541088993248898, -31.656238211534493 ], [ -62.541079683377781, -31.656200963677989 ], [ -62.541079822720803, -31.656172610364873 ], [ -62.541079822720803, -31.656172610364855 ], [ -62.541080188495314, -31.656098182917308 ], [ -62.537913123798504, -31.656656093128149 ], [ -62.537911501106045, -31.656984004676978 ], [ -62.537910882930539, -31.657108923357775 ], [ -62.53792905728956, -31.657272947861813 ], [ -62.537953907989774, -31.657366728516859 ], [ -62.537997860385289, -31.657437155644072 ], [ -62.538031612836605, -31.65743727782252 ], [ -62.538075872761127, -31.657445557973556 ], [ -62.538101133547521, -31.657456475999943 ], [ -62.538120025588746, -31.657475490923684 ], [ -62.538119954185397, -31.657489926133234 ], [ -62.53812935335278, -31.657508906700304 ], [ -62.538141956981924, -31.657519778912469 ], [ -62.538164066887518, -31.657527978873617 ], [ -62.538180943129966, -31.657528039942136 ], [ -62.538203053041016, -31.657536239896586 ], [ -62.538215656682475, -31.657547112101529 ], [ -62.53822505587501, -31.657566092661629 ], [ -62.538224984487641, -31.657580527871165 ], [ -62.538234383685356, -31.657599508430526 ], [ -62.538246987338965, -31.657610380632399 ], [ -62.538269097275361, -31.657618580575548 ], [ -62.538285973534435, -31.657618641630329 ], [ -62.538308163772783, -31.657610601955927 ], [ -62.538320874495561, -31.657599821336067 ], [ -62.538330461064049, -31.657580909463011 ], [ -62.538330532435111, -31.657566474253237 ], [ -62.538378090552634, -31.657547699728021 ], [ -62.538441429992723, -31.657537102209901 ], [ -62.538552220476753, -31.657529382884906 ], [ -62.538636601695394, -31.657529687948553 ], [ -62.538747392156701, -31.657521968453885 ], [ -62.538810731539783, -31.657511370751859 ], [ -62.538858289534879, -31.657492596046346 ], [ -62.538858360824101, -31.6574781608353 ], [ -62.538896425912469, -31.657459351814907 ], [ -62.538947108064548, -31.657448708314419 ], [ -62.539035748357243, -31.657440908548448 ], [ -62.539103253272692, -31.657441152347481 ], [ -62.539191893546572, -31.657433352472861 ], [ -62.539242575652352, -31.657422708854508 ], [ -62.539280640642062, -31.657403899718414 ], [ -62.53928071186575, -31.657389464506299 ], [ -62.539290298218624, -31.657370552558454 ], [ -62.539303008796239, -31.657359771838994 ], [ -62.539325198887504, -31.657351731986008 ], [ -62.539342075100869, -31.657351792900691 ], [ -62.53936418507498, -31.657359992654765 ], [ -62.539376788829621, -31.657370864746412 ], [ -62.539386188242034, -31.657389845223598 ], [ -62.539386117034645, -31.657404280435923 ], [ -62.539395516452238, -31.657423260912367 ], [ -62.539408120219015, -31.657434133000926 ], [ -62.539430230218485, -31.657442332743699 ], [ -62.539447106448463, -31.657442393644647 ], [ -62.539469216453377, -31.657450593380727 ], [ -62.539481820232481, -31.65746146546206 ], [ -62.539491219675227, -31.657480445931533 ], [ -62.539491148483826, -31.657494881143862 ], [ -62.539500547931745, -31.657513861612596 ], [ -62.539513151722979, -31.657524733690867 ], [ -62.539535261753258, -31.657532933415617 ], [ -62.539552137999863, -31.657532994302837 ], [ -62.539574248035592, -31.657541194020883 ], [ -62.539586851839154, -31.657552066091938 ], [ -62.539596251312226, -31.657571046553695 ], [ -62.539596180136805, -31.657585481766024 ], [ -62.539605579615056, -31.657604462227049 ], [ -62.539618183430747, -31.657615334295024 ], [ -62.539640293491836, -31.657623534001765 ], [ -62.539657169755067, -31.657623594875247 ], [ -62.539679239792569, -31.65763991438223 ], [ -62.539691790251027, -31.657661612852255 ], [ -62.539701096359423, -31.657699539522422 ], [ -62.539700954040235, -31.657728409946905 ], [ -62.539710260158678, -31.657766336616085 ], [ -62.539722810640981, -31.657788035082877 ], [ -62.539744880728598, -31.657804354578577 ], [ -62.539761757024763, -31.657804415438527 ], [ -62.539783867143335, -31.657812615120697 ], [ -62.539796471007804, -31.657823487171171 ], [ -62.539805870550289, -31.65784246761735 ], [ -62.539805799406523, -31.657856902829497 ], [ -62.539891142346228, -31.657876157085887 ], [ -62.540005004101424, -31.657887394126952 ], [ -62.540204315553844, -31.657896232295307 ], [ -62.540356202380359, -31.65789677940926 ], [ -62.540555593799674, -31.657889377414371 ], [ -62.540356202380565, -31.657896779409246 ], [ -62.540754905319616, -31.657898214723375 ], [ -62.540754918631585, -31.65789550812076 ], [ -62.540755091687032, -31.657860322286613 ] ] ] } },
{ "type": "Feature", "properties": { "zona": "10", "zona_id": "10" }, "geometry": { "type": "Polygon", "coordinates": [ [ [ -62.542446073874764, -31.657182515424509 ], [ -62.542446073874764, -31.657182515424513 ], [ -62.542480881017042, -31.657182640206859 ], [ -62.54253467387371, -31.657182833033641 ], [ -62.542568426254626, -31.657182954011422 ], [ -62.542650697683953, -31.657183248857351 ], [ -62.542650697683804, -31.65718324885734 ], [ -62.542446073874764, -31.657182515424509 ] ] ] } },
{ "type": "Feature", "properties": { "zona": "9", "zona_id": "9" }, "geometry": { "type": "MultiPolygon", "coordinates": [ [ [ [ -62.540730346219803, -31.660961151783887 ], [ -62.540740305447514, -31.660866454900983 ], [ -62.540740660485156, -31.660794278864508 ], [ -62.540750619682406, -31.660699581978061 ], [ -62.540763543562093, -31.660645495498329 ], [ -62.540785894065358, -31.660604976184068 ], [ -62.540802770870194, -31.660605036911154 ], [ -62.540824961610639, -31.66059699680758 ], [ -62.540837672457123, -31.660586215943198 ], [ -62.540847258832805, -31.660567303887987 ], [ -62.540847329823066, -31.660552868679854 ], [ -62.540847516172278, -31.660514976258376 ], [ -62.540822200989311, -31.660514885176006 ], [ -62.540758913032406, -31.660514657448125 ], [ -62.540725159455675, -31.660514535980422 ], [ -62.540652378306561, -31.660514274035307 ], [ -62.540589090351574, -31.660514046223206 ], [ -62.540581706756868, -31.660514019643081 ], [ -62.540480446030507, -31.660513655072592 ], [ -62.540347581305362, -31.660505056647818 ], [ -62.540271689079546, -31.660493956682917 ], [ -62.540214823238273, -31.66047480527445 ], [ -62.540214894326056, -31.660460370067398 ], [ -62.540215080931262, -31.660422477648723 ], [ -62.540170779408982, -31.660422318032158 ], [ -62.540153902638664, -31.660422257221803 ], [ -62.540131631895541, -31.660446536816579 ], [ -62.540118814333709, -31.660478970420563 ], [ -62.540109041171775, -31.660535774837673 ], [ -62.540108827858525, -31.660579080457566 ], [ -62.540118041089137, -31.660635953292918 ], [ -62.540130538717783, -31.660668478119277 ], [ -62.540152569559282, -31.660692917347873 ], [ -62.540169446378506, -31.660692978158863 ], [ -62.540191637193061, -31.660684938166252 ], [ -62.540204348123972, -31.660674157365904 ], [ -62.540213934636583, -31.66065524535983 ], [ -62.540214005725005, -31.660640810153186 ], [ -62.540223592232152, -31.660621898146228 ], [ -62.540236303150735, -31.660611117342487 ], [ -62.540258493940136, -31.6606030773379 ], [ -62.540275370743373, -31.660603138134729 ], [ -62.54029744158786, -31.660619457534928 ], [ -62.54030999258228, -31.660641155939242 ], [ -62.540319299223611, -31.66067908255188 ], [ -62.540319157079054, -31.660707952965375 ], [ -62.540328463730411, -31.660745879577032 ], [ -62.540341014748691, -31.660767577978088 ], [ -62.540363085643293, -31.66078389736699 ], [ -62.54037996247947, -31.660783958150319 ], [ -62.540402073355921, -31.6607921577288 ], [ -62.540414677690876, -31.660803029717655 ], [ -62.540424077651714, -31.660822010113531 ], [ -62.540424006595259, -31.660836445320161 ], [ -62.540433406561284, -31.66085542571529 ], [ -62.540446010908369, -31.660866297701066 ], [ -62.540468121810179, -31.660874497268246 ], [ -62.540484998662969, -31.660874558037822 ], [ -62.540507109570235, -31.660882757598284 ], [ -62.540519713929648, -31.660893629576847 ], [ -62.540529113920833, -31.660912609964999 ], [ -62.540529042880358, -31.660927045171654 ], [ -62.540538442876723, -31.66094602555906 ], [ -62.540551047248279, -31.66095689753454 ], [ -62.540573158180898, -31.660965097083686 ], [ -62.540590035050322, -31.660965157839531 ], [ -62.540612145988391, -31.660973357381966 ], [ -62.540624750372274, -31.660984229350245 ], [ -62.540634150393792, -31.661003209730666 ], [ -62.540634079369305, -31.661017644937328 ], [ -62.540643479396003, -31.661036625317021 ], [ -62.540656083792022, -31.661047497282212 ], [ -62.540678194755422, -31.661055696813332 ], [ -62.540695071641501, -31.661055757555445 ], [ -62.540717422274867, -31.661015238256994 ], [ -62.540730346219803, -31.660961151783887 ] ] ], [ [ [ -62.538209468733399, -31.660685900995173 ], [ -62.538209512141485, -31.660685901152252 ], [ -62.538209609276223, -31.660677781557016 ], [ -62.538209695381077, -31.660666955272927 ], [ -62.53820981247582, -31.660648174773293 ], [ -62.538209813508416, -31.660648009157939 ], [ -62.538209884906678, -31.660633573955359 ], [ -62.538219471817065, -31.660614662102805 ], [ -62.538232182963469, -31.660603881500865 ], [ -62.53825437391918, -31.660595841846391 ], [ -62.538271250716342, -31.660595902908238 ], [ -62.53829344166688, -31.660587863246906 ], [ -62.538306152801148, -31.660577082637435 ], [ -62.53831573968619, -31.660558170777247 ], [ -62.538315811067825, -31.66054373557423 ], [ -62.538325397947396, -31.660524823713164 ], [ -62.538338109069336, -31.660514043100282 ], [ -62.538360299994721, -31.660506003426988 ], [ -62.538377176775889, -31.660506064474671 ], [ -62.538399367696087, -31.660498024794517 ], [ -62.538412078805898, -31.660487244174117 ], [ -62.538421665660117, -31.660468332305406 ], [ -62.538421737025118, -31.660453897101959 ], [ -62.538478789785444, -31.660435156896551 ], [ -62.538554788753054, -31.66042460511968 ], [ -62.53868773341361, -31.660416965803851 ], [ -62.53878899400955, -31.660417331795767 ], [ -62.538921778246703, -31.66044217144583 ], [ -62.538997563345589, -31.660474925018573 ], [ -62.5390542418534, -31.660531969379122 ], [ -62.539054028050941, -31.660575274992613 ], [ -62.539044254231371, -31.660632079321044 ], [ -62.539031436266903, -31.660664512811042 ], [ -62.539009165175813, -31.660688792205651 ], [ -62.538992288360106, -31.660688731241226 ], [ -62.538970097444064, -31.660696771024302 ], [ -62.538957386369127, -31.660707551700273 ], [ -62.538947799597707, -31.660726463609329 ], [ -62.538947728313268, -31.660740898813202 ], [ -62.538957127968388, -31.660759879314387 ], [ -62.538969732128905, -31.660770751444389 ], [ -62.538991842875205, -31.66077895126601 ], [ -62.539008719707219, -31.660779012230648 ], [ -62.539030790368614, -31.660795331847762 ], [ -62.539043341090135, -31.660817030373458 ], [ -62.539052647232303, -31.66085495707269 ], [ -62.539052504695093, -31.660883827480237 ], [ -62.539061810847294, -31.660921754178489 ], [ -62.539074361592675, -31.660943452700945 ], [ -62.539096432304191, -31.660959772306757 ], [ -62.539113309169146, -31.660959833257877 ], [ -62.539135419972951, -31.660968033054932 ], [ -62.539148024182246, -31.660978905167429 ], [ -62.539157423901592, -31.660997885653771 ], [ -62.539157352648814, -31.661012320857452 ], [ -62.539166752373355, -31.661031301343073 ], [ -62.539179356594786, -31.661042173452472 ], [ -62.539201467423936, -31.661050373238226 ], [ -62.539218344305517, -31.66105043417561 ], [ -62.539240455140124, -31.661058633954635 ], [ -62.539253059373884, -31.66106950605684 ], [ -62.539262459123577, -31.661088486535473 ], [ -62.539262387886787, -31.661102921739165 ], [ -62.539271787641653, -31.661121902217058 ], [ -62.539284391887549, -31.661132774316183 ], [ -62.539306502747515, -31.661140974083889 ], [ -62.539323379645722, -31.661141035007542 ], [ -62.53934549051116, -31.661149234768565 ], [ -62.539358094769369, -31.66116010686045 ], [ -62.539367494549403, -31.661179087331373 ], [ -62.539367423328592, -31.661193522535072 ], [ -62.539376823113805, -31.661212503005263 ], [ -62.539389427384151, -31.661223375094078 ], [ -62.53941153827494, -31.661231574843782 ], [ -62.539428415189782, -31.661231635753687 ], [ -62.539450561579464, -31.661232640315255 ], [ -62.53946321318449, -31.661233918821612 ], [ -62.539472695807326, -31.661236110528154 ], [ -62.539472687699089, -31.661237754298252 ], [ -62.539472666414945, -31.66124206919481 ], [ -62.539613248355849, -31.661223305179618 ], [ -62.539780570134042, -31.66120097188286 ], [ -62.539897866721404, -31.661185315567689 ], [ -62.540205770080121, -31.661144217225768 ], [ -62.540163885905933, -31.661144066314257 ], [ -62.540147930030017, -31.661144008820546 ], [ -62.540127027938624, -31.661135813553997 ], [ -62.540115114361662, -31.661124944026447 ], [ -62.540106232510531, -31.661105965476033 ], [ -62.540106303616874, -31.661091530270618 ], [ -62.540096903694511, -31.661072549852516 ], [ -62.540084299360998, -31.661061677832734 ], [ -62.540062188449653, -31.661053478199207 ], [ -62.540045311565514, -31.66105341737341 ], [ -62.540023200659626, -31.661045217733147 ], [ -62.540010596338433, -31.661034345706149 ], [ -62.540001196441231, -31.661015365281077 ], [ -62.540001267563547, -31.661000930075673 ], [ -62.539991867671532, -31.660981949649859 ], [ -62.539979263362483, -31.66097107761977 ], [ -62.539957152481946, -31.660962877968217 ], [ -62.539940275614434, -31.660962817128684 ], [ -62.539918164739369, -31.660954617470413 ], [ -62.539905560442634, -31.660943745433119 ], [ -62.539896160575772, -31.660924765000324 ], [ -62.539896231714081, -31.660910329794934 ], [ -62.539886831852392, -31.660891349361396 ], [ -62.5398742275678, -31.660880477321026 ], [ -62.539852116718087, -31.660872277651436 ], [ -62.539835239867202, -31.660872216798182 ], [ -62.539813129022946, -31.660864017121877 ], [ -62.539800524750675, -31.660853145074277 ], [ -62.539791124914153, -31.660834164633773 ], [ -62.53979119606845, -31.66081972942839 ], [ -62.539781796237108, -31.660800748987135 ], [ -62.539769191976966, -31.660789876936473 ], [ -62.539747081158069, -31.660781677248867 ], [ -62.53973020432381, -31.660781616381872 ], [ -62.539708133541787, -31.660765296884552 ], [ -62.539695582671705, -31.660743598422638 ], [ -62.539686276278253, -31.660705671767275 ], [ -62.539686418618508, -31.66067680135632 ], [ -62.53969609864447, -31.660638943182825 ], [ -62.539708863000456, -31.660617336028 ], [ -62.539731093864738, -31.660601176312337 ], [ -62.539747970666376, -31.660601237178906 ], [ -62.53977020152012, -31.660585077456304 ], [ -62.539782965851536, -31.660563470293642 ], [ -62.53979264582609, -31.660525612111666 ], [ -62.539792788132438, -31.660496741699465 ], [ -62.539773988536211, -31.66045878081519 ], [ -62.539748780112014, -31.660437036710803 ], [ -62.539704558648133, -31.660420637325426 ], [ -62.53967080511039, -31.66042051557919 ], [ -62.539626463554448, -31.66042847557706 ], [ -62.539601095012344, -31.66043921065712 ], [ -62.53959454295893, -31.660445693313974 ], [ -62.539582015212773, -31.660458088368145 ], [ -62.539581944027141, -31.660472523573908 ], [ -62.539572357406378, -31.660491435532027 ], [ -62.539559646428465, -31.660502216269261 ], [ -62.539537455604552, -31.660510256152119 ], [ -62.539520578819861, -31.660510195257867 ], [ -62.539498548187709, -31.660485755921439 ], [ -62.539486050803667, -31.660453231034587 ], [ -62.539476837975215, -31.660396358155843 ], [ -62.539477051580079, -31.66035305253855 ], [ -62.539486825105328, -31.660296248171701 ], [ -62.539499642859965, -31.660263814632131 ], [ -62.539521913721813, -31.660239535148094 ], [ -62.539538790457577, -31.660239596041716 ], [ -62.53956102126012, -31.660223436354158 ], [ -62.539573785589141, -31.660201829211186 ], [ -62.539583465608899, -31.660163971043392 ], [ -62.539583607977931, -31.660135100630406 ], [ -62.539583981695664, -31.660059315795696 ], [ -62.539495379003959, -31.660058996112319 ], [ -62.53946162559793, -31.660058874312003 ], [ -62.539417284197256, -31.660066834239107 ], [ -62.539391915730441, -31.660077569278897 ], [ -62.539385363688353, -31.660084051925498 ], [ -62.539372835963853, -31.660096446960011 ], [ -62.539372764746879, -31.660110882166183 ], [ -62.539363178122031, -31.660129794109594 ], [ -62.539350467170024, -31.660140574826865 ], [ -62.539328276414928, -31.660148614674434 ], [ -62.539311399696096, -31.660148553753135 ], [ -62.539289208935834, -31.660156593593861 ], [ -62.539276497971677, -31.660167374303587 ], [ -62.539266911321469, -31.660186286239348 ], [ -62.539266840087883, -31.660200721445097 ], [ -62.539247760270747, -31.660219599106682 ], [ -62.539222391743152, -31.660230334111947 ], [ -62.539178050241539, -31.660238293954734 ], [ -62.539144296772228, -31.660238172069874 ], [ -62.539100035427531, -31.660229892279443 ], [ -62.539074773775631, -31.660218974447218 ], [ -62.539055880990297, -31.660199959665825 ], [ -62.539055952256504, -31.660185524460491 ], [ -62.539046552637501, -31.660166543965246 ], [ -62.5390339485486, -31.660155671842514 ], [ -62.539011837945395, -31.660147472028754 ], [ -62.538994961227537, -31.660147411065623 ], [ -62.53897285062979, -31.660139211245138 ], [ -62.538960246553202, -31.660128339115193 ], [ -62.538950846959374, -31.660109358612967 ], [ -62.538950918241568, -31.660094923407655 ], [ -62.538941518652912, -31.660075942904676 ], [ -62.53892891458846, -31.660065070771648 ], [ -62.538906804016072, -31.660056870939876 ], [ -62.538889927314841, -31.660056809963002 ], [ -62.53886781674791, -31.660048610124495 ], [ -62.538855212695779, -31.660037737984265 ], [ -62.538845813132284, -31.660018757474315 ], [ -62.538845884430458, -31.66000432226901 ], [ -62.53885547114637, -31.659985410364968 ], [ -62.538868182133541, -31.6599746296971 ], [ -62.538890372885668, -31.65996658992929 ], [ -62.538907249570599, -31.659966650905957 ], [ -62.538929440317531, -31.659958611131287 ], [ -62.538942151292567, -31.659947830455884 ], [ -62.538951737983126, -31.659928918544196 ], [ -62.538951809264674, -31.659914483338483 ], [ -62.538942409693526, -31.659895502835219 ], [ -62.538929805653055, -31.659884630702201 ], [ -62.538907695123122, -31.659876430870764 ], [ -62.53889081845449, -31.659876369894306 ], [ -62.538868707930014, -31.659868170056143 ], [ -62.538856103901857, -31.659857297915906 ], [ -62.538846704355862, -31.659838317405672 ], [ -62.538846775653404, -31.659823882199952 ], [ -62.538827882993857, -31.659804867384839 ], [ -62.53880262148882, -31.659793949499416 ], [ -62.538758360386062, -31.659785669592207 ], [ -62.538724607082365, -31.659785547597899 ], [ -62.538680265752312, -31.65979350726991 ], [ -62.538654897277347, -31.659804242163538 ], [ -62.53864834520401, -31.659810724772271 ], [ -62.538635817419753, -31.65982311973438 ], [ -62.538635746089597, -31.659837554939671 ], [ -62.538626159344965, -31.659856466827371 ], [ -62.538613448346432, -31.659867247471229 ], [ -62.538591257594817, -31.659875287191007 ], [ -62.538574380927145, -31.659875226172716 ], [ -62.538552190170357, -31.659883265885643 ], [ -62.538539479159688, -31.659894046521963 ], [ -62.538529892389704, -31.65991295840201 ], [ -62.538529821042914, -31.659927393606875 ], [ -62.538539220532918, -31.659946374139675 ], [ -62.538551824535645, -31.65995724631081 ], [ -62.538573935052575, -31.659965446203696 ], [ -62.538590811736547, -31.6599655072222 ], [ -62.538612882133492, -31.659981826911135 ], [ -62.53862543265047, -31.660003525478722 ], [ -62.538634738545696, -31.660041452210844 ], [ -62.538634595883785, -31.660070322620385 ], [ -62.538605929191831, -31.660108112072013 ], [ -62.538567849582705, -31.660129627587924 ], [ -62.538501317252482, -31.660145626906445 ], [ -62.538450687103669, -31.66014544380781 ], [ -62.538384194888465, -31.660153323262637 ], [ -62.538346168742436, -31.660164012308627 ], [ -62.538317595592048, -31.660182855488511 ], [ -62.538317524211699, -31.660197290692324 ], [ -62.538307937365033, -31.660216202554082 ], [ -62.538295226280646, -31.660226983164826 ], [ -62.538273035416452, -31.660235022827727 ], [ -62.538256158684504, -31.660234961766747 ], [ -62.538233967815131, -31.660243001422806 ], [ -62.5382212567186, -31.660253782025993 ], [ -62.538211669846589, -31.66027269388011 ], [ -62.538211598449607, -31.66028712908351 ], [ -62.538203932959973, -31.660306047889385 ], [ -62.538193783702106, -31.660316837759755 ], [ -62.538176076047129, -31.660324893628456 ], [ -62.538162615100475, -31.660324844915859 ], [ -62.538127280115624, -31.660324717038513 ], [ -62.538161751402463, -31.660476414135314 ], [ -62.538174883349903, -31.660534203502404 ], [ -62.538209354787156, -31.660685900582852 ], [ -62.538209468733399, -31.660685900995173 ] ] ], [ [ [ -62.54612238779783, -31.66035432696107 ], [ -62.546122389686332, -31.660353938486338 ], [ -62.546122390405742, -31.66035379049595 ], [ -62.546117644285765, -31.660353676495976 ], [ -62.546112898165788, -31.660353562495828 ], [ -62.546100241126474, -31.660353406484905 ], [ -62.546078090768184, -31.660353244455575 ], [ -62.546061213996417, -31.660353184426516 ], [ -62.546039102713792, -31.660344985824281 ], [ -62.546026497777866, -31.660334114384554 ], [ -62.546017096720583, -31.660315134389631 ], [ -62.546017166910858, -31.660300699170509 ], [ -62.546007765858754, -31.660281719174858 ], [ -62.545995160934964, -31.66027084773205 ], [ -62.545973049677663, -31.660262649118497 ], [ -62.545956172922523, -31.660262589075685 ], [ -62.545934061670707, -31.660254390455435 ], [ -62.545921456759231, -31.660243519005402 ], [ -62.545912055732295, -31.660224539002762 ], [ -62.545912125938564, -31.660210103783655 ], [ -62.5459027249168, -31.660191123780276 ], [ -62.545890120017468, -31.660180252327162 ], [ -62.545868008790976, -31.660172053695582 ], [ -62.545851132052476, -31.660171993639047 ], [ -62.545829415812335, -31.660082596893009 ], [ -62.545817337589213, -31.659963461287411 ], [ -62.545808858265481, -31.659755019017766 ], [ -62.545809630693022, -31.659596231596364 ], [ -62.545811658286311, -31.659179414596288 ], [ -62.54580849393151, -31.659179403334779 ], [ -62.545767357319193, -31.659179256927981 ], [ -62.545750480760375, -31.659179196859835 ], [ -62.54572840928779, -31.659162878393243 ], [ -62.545715857221516, -31.659141180506801 ], [ -62.545706548528152, -31.659103254259353 ], [ -62.545706688998031, -31.659074383816851 ], [ -62.545702034655456, -31.659055420692749 ], [ -62.545697380314706, -31.659036457568448 ], [ -62.5456848282723, -31.659014759678758 ], [ -62.545662756849843, -31.65899844120085 ], [ -62.54564588032396, -31.658998381119165 ], [ -62.54562376939802, -31.658990182446594 ], [ -62.545611164691856, -31.658979310965712 ], [ -62.545601763852268, -31.658960330938246 ], [ -62.545601834103046, -31.65894589571689 ], [ -62.545592433268645, -31.658926915688696 ], [ -62.54557982857461, -31.658916044204741 ], [ -62.545557717674036, -31.658907845520851 ], [ -62.545540841164772, -31.658907785425427 ], [ -62.545518611699968, -31.658923946170713 ], [ -62.545505848917564, -31.658945553927254 ], [ -62.545501010172849, -31.658964483251452 ], [ -62.545496171426123, -31.658983412575378 ], [ -62.545496030891648, -31.659012283017457 ], [ -62.545486353388981, -31.659050141664327 ], [ -62.54547359058153, -31.659071749416995 ], [ -62.545451361065837, -31.659087910149676 ], [ -62.545434484524279, -31.659087850039885 ], [ -62.54539334795443, -31.659087703512931 ], [ -62.545390183602919, -31.65908769224108 ], [ -62.545389630115935, -31.659201369602425 ], [ -62.545389419262932, -31.659244675263359 ], [ -62.545379649441401, -31.659301480126565 ], [ -62.545366833858196, -31.659333914282179 ], [ -62.545344564722221, -31.65935819480605 ], [ -62.545327688132048, -31.659358134681678 ], [ -62.545305498065076, -31.659366175576213 ], [ -62.545292787896663, -31.659376956894082 ], [ -62.545283202542507, -31.659395869296414 ], [ -62.545283132241231, -31.659410304516111 ], [ -62.545264053792522, -31.659429183092552 ], [ -62.545238686157155, -31.659439919303654 ], [ -62.545194345517707, -31.659447881246237 ], [ -62.545160592305713, -31.659447760955224 ], [ -62.545116172538073, -31.659471962492184 ], [ -62.545090699377489, -31.6595043515022 ], [ -62.545080072607497, -31.6595356700034 ], [ -62.545071436243042, -31.659561122498779 ], [ -62.545071225239496, -31.659604428155358 ], [ -62.545083199177441, -31.659640848221205 ], [ -62.545089934521556, -31.6596613345077 ], [ -62.545115091250203, -31.659693903983495 ], [ -62.545159273790389, -31.659718421312132 ], [ -62.545193027100225, -31.659718541604398 ], [ -62.545237367868616, -31.659710579663827 ], [ -62.545262735578056, -31.659699843454128 ], [ -62.545281814083054, -31.659680964879215 ], [ -62.545281884385268, -31.659666529660143 ], [ -62.545272483545538, -31.659647549610447 ], [ -62.545259878792969, -31.659636678095545 ], [ -62.545237767751345, -31.659628479355799 ], [ -62.545220891112578, -31.659628419216855 ], [ -62.545198780076412, -31.659620220470376 ], [ -62.54518617533617, -31.659609348948269 ], [ -62.545176774521586, -31.659590368891589 ], [ -62.545176844839794, -31.659575933672514 ], [ -62.545205416438357, -31.659557088940229 ], [ -62.545243441577433, -31.659546397839609 ], [ -62.54530993282706, -31.659538514800595 ], [ -62.5453605626954, -31.659538695174977 ], [ -62.545426974866096, -31.659547051696919 ], [ -62.545464894566209, -31.659558013359575 ], [ -62.545493281645285, -31.659577061014016 ], [ -62.545493211375991, -31.659591496233713 ], [ -62.545483626039648, -31.659610408650643 ], [ -62.545470915857976, -31.659621189985739 ], [ -62.545448725740208, -31.659629230904383 ], [ -62.545431849100801, -31.659629170793323 ], [ -62.545409579910171, -31.659653451326918 ], [ -62.545396764287432, -31.65968588548338 ], [ -62.545386994420753, -31.659742690342853 ], [ -62.54538678356208, -31.659785996000085 ], [ -62.545398757645856, -31.659822416036658 ], [ -62.545405493072018, -31.659842902306693 ], [ -62.545430649959641, -31.659875471720863 ], [ -62.545474832669413, -31.659899988941142 ], [ -62.54550858604636, -31.65990010915057 ], [ -62.545552847832141, -31.659908386722634 ], [ -62.545578110174574, -31.65991930327943 ], [ -62.545597004244676, -31.659938317108114 ], [ -62.545596933990424, -31.659952752327186 ], [ -62.545577855492311, -31.65997163094849 ], [ -62.54555248774404, -31.659982367220021 ], [ -62.545508146871732, -31.659990329268776 ], [ -62.545474393462165, -31.659990209058936 ], [ -62.545430052579825, -31.659998171080453 ], [ -62.545404684807679, -31.660008907322318 ], [ -62.54538560625943, -31.660027785914234 ], [ -62.545385535972265, -31.660042221132699 ], [ -62.545385052746582, -31.660141463258743 ], [ -62.545384771595998, -31.66019920413137 ], [ -62.545384587090489, -31.660237096578758 ], [ -62.545393803508759, -31.660293969066295 ], [ -62.545406302937764, -31.660326493394653 ], [ -62.545428335092495, -31.660350931726072 ], [ -62.545445211862351, -31.660350991838822 ], [ -62.545467324179945, -31.66035896726158 ], [ -62.545479930502687, -31.66036954104672 ], [ -62.545489333991831, -31.660388000088982 ], [ -62.54548926565208, -31.66040203836123 ], [ -62.545489086260019, -31.660438888825755 ], [ -62.545755073040773, -31.660403373226824 ], [ -62.545829471268355, -31.66039343917922 ], [ -62.545856401295843, -31.660389843327273 ], [ -62.54612238779783, -31.66035432696107 ] ] ], [ [ [ -62.542568878133025, -31.658167274350632 ], [ -62.542556273896295, -31.658156402571052 ], [ -62.542546873761317, -31.658137422322774 ], [ -62.542546688119003, -31.658175314767398 ], [ -62.542590988589907, -31.658175473549168 ], [ -62.542568878133025, -31.658167274350632 ] ] ], [ [ [ -62.54503340406611, -31.65827442556429 ], [ -62.545016527672558, -31.658274365400597 ], [ -62.544994416973928, -31.65826616662018 ], [ -62.5449818124385, -31.658255295077517 ], [ -62.54497241179844, -31.658236315003446 ], [ -62.54497248214453, -31.658221879781713 ], [ -62.544963081509664, -31.658202899706897 ], [ -62.544950476986372, -31.658192028161157 ], [ -62.544928366313094, -31.658183829369442 ], [ -62.544911489936162, -31.658183769192018 ], [ -62.544889577152212, -31.65813497133248 ], [ -62.544877236498372, -31.658069967697656 ], [ -62.544868297645891, -31.657956256471156 ], [ -62.544868719813607, -31.657869645137755 ], [ -62.544869827995228, -31.657642290381983 ], [ -62.54478122753153, -31.657641974389829 ], [ -62.544747474974237, -31.657641853995699 ], [ -62.544703135150954, -31.657649815777493 ], [ -62.544677767938587, -31.657660551884039 ], [ -62.544671216431773, -31.657667034809545 ], [ -62.544658689730738, -31.657679430377353 ], [ -62.544658619337618, -31.657693865599676 ], [ -62.544649034032801, -31.657712777959777 ], [ -62.544636324016963, -31.657723559216485 ], [ -62.544614134282284, -31.657731599995955 ], [ -62.544597257987817, -31.657731539777757 ], [ -62.544575226661721, -31.657707101300719 ], [ -62.544562727862179, -31.657674576883668 ], [ -62.544553512188912, -31.657617704320018 ], [ -62.5445537234162, -31.657574398653068 ], [ -62.544535014863747, -31.65751749221057 ], [ -62.544509858915532, -31.657484922616792 ], [ -62.54446567759809, -31.65746040506632 ], [ -62.544431925107943, -31.657460284589352 ], [ -62.544343324822286, -31.657459968294802 ], [ -62.544342770096023, -31.657573645668649 ], [ -62.5443425587709, -31.657616951334315 ], [ -62.544347166541812, -31.657645387623297 ], [ -62.544351774315423, -31.657673823912017 ], [ -62.544364273041111, -31.657706348349013 ], [ -62.5443832538271, -31.65772740306808 ], [ -62.544386304311352, -31.657730786861954 ], [ -62.544403180605187, -31.657730847108052 ], [ -62.544425291124419, -31.657739045989892 ], [ -62.544437895525427, -31.657749917587118 ], [ -62.54444729600862, -31.657768897700535 ], [ -62.544447225582587, -31.657783332922222 ], [ -62.544466118993597, -31.657802346918444 ], [ -62.54449138063957, -31.657813263687391 ], [ -62.544535641343735, -31.657821541604768 ], [ -62.544569393964942, -31.657821662055536 ], [ -62.54461365468034, -31.657829939945959 ], [ -62.544638916351346, -31.657840856685887 ], [ -62.544657809813252, -31.657859870654029 ], [ -62.544657739419506, -31.657874305875929 ], [ -62.544648154095519, -31.657893218235266 ], [ -62.544635444054755, -31.657903999491349 ], [ -62.544613254276911, -31.657912040270038 ], [ -62.544596377949837, -31.657911980051413 ], [ -62.544574069355264, -31.657944380259696 ], [ -62.544561200878867, -31.657987640756481 ], [ -62.544551338281615, -31.658063391791877 ], [ -62.544551056638284, -31.658121132676619 ], [ -62.544560179943055, -31.658196951463996 ], [ -62.544572626003365, -31.658240302294956 ], [ -62.544594617850201, -31.658272860583331 ], [ -62.544611494242488, -31.658272920802808 ], [ -62.544633604908235, -31.658281119649249 ], [ -62.544646209406118, -31.658291991225898 ], [ -62.544655609985007, -31.658310971323271 ], [ -62.544655539589691, -31.658325406544151 ], [ -62.544693419107873, -31.65834448824436 ], [ -62.54474399553812, -31.658355495272993 ], [ -62.544832557096413, -31.658363931109228 ], [ -62.544900062734037, -31.658364171848476 ], [ -62.544988703452887, -31.658356367952489 ], [ -62.54503938543003, -31.658345722032099 ], [ -62.545077449653057, -31.658326911162252 ], [ -62.545077519983145, -31.658312475940512 ], [ -62.545068119317953, -31.658293495873419 ], [ -62.545055514770198, -31.658282624337975 ], [ -62.54503340406611, -31.65827442556429 ] ] ], [ [ [ -62.542039493780933, -31.655991931948993 ], [ -62.542052105244132, -31.656001258899114 ], [ -62.542074220825974, -31.656008299524011 ], [ -62.542091096803048, -31.656008360072892 ], [ -62.54211320670818, -31.656016559351741 ], [ -62.542125810607125, -31.656027431175488 ], [ -62.542135210449274, -31.656046411458217 ], [ -62.542135139670556, -31.656060846679146 ], [ -62.542144539517878, -31.65607982696115 ], [ -62.542157143428966, -31.656090698781831 ], [ -62.542179253359443, -31.656098898049354 ], [ -62.542196129353144, -31.656098958584501 ], [ -62.542218239289078, -31.656107157845323 ], [ -62.542230843212494, -31.656118029658771 ], [ -62.542240243084954, -31.656137009933801 ], [ -62.542240172322245, -31.656151445154727 ], [ -62.542249572199893, -31.656170425429014 ], [ -62.542262176135431, -31.656181297239403 ], [ -62.542284286096709, -31.656189496488903 ], [ -62.542301162107037, -31.656189557010322 ], [ -62.542323272073787, -31.656197756253118 ], [ -62.542335876021639, -31.656208628056284 ], [ -62.54234527592444, -31.656227608323594 ], [ -62.54234520517771, -31.656242043544527 ], [ -62.542373590612044, -31.656261091887206 ], [ -62.542411508612496, -31.656272054446728 ], [ -62.542477918179792, -31.656280412483124 ], [ -62.542528546261579, -31.656280593964343 ], [ -62.542594916072794, -31.656297071751975 ], [ -62.542632781087761, -31.656318860662072 ], [ -62.542661073813321, -31.656356855169346 ], [ -62.54266093241673, -31.656385725611901 ], [ -62.542651254053311, -31.656423584051051 ], [ -62.542638490960307, -31.656445191526245 ], [ -62.542616261591476, -31.656461351773029 ], [ -62.54259938553129, -31.656461291292811 ], [ -62.542577195927144, -31.656469331720896 ], [ -62.542564485845872, -31.65648011277268 ], [ -62.542554900246699, -31.656499024976267 ], [ -62.542554829531625, -31.656513460197015 ], [ -62.542564229509033, -31.656532440448 ], [ -62.542576833529921, -31.656543312227498 ], [ -62.542598943604844, -31.656551511423107 ], [ -62.542615819681345, -31.656551571903542 ], [ -62.542637929761725, -31.656559771092429 ], [ -62.542650533794934, -31.656570642864711 ], [ -62.542659933797495, -31.656589623108722 ], [ -62.542659863098407, -31.656604058329474 ], [ -62.542678755906508, -31.656623072588108 ], [ -62.542704017021684, -31.656633989707846 ], [ -62.542748277001735, -31.656642268239853 ], [ -62.542782029188281, -31.656642389159302 ], [ -62.54282620967183, -31.656666907287917 ], [ -62.542851364811803, -31.656699477210097 ], [ -62.542870072177529, -31.656756383895424 ], [ -62.542869860176168, -31.656799689557751 ], [ -62.542898060396901, -31.656856630239048 ], [ -62.542935872716079, -31.656889245475636 ], [ -62.543002203294186, -31.656913842866299 ], [ -62.543052831723102, -31.65691402414279 ], [ -62.543119202079147, -31.656930501661265 ], [ -62.543157067473423, -31.656952290417248 ], [ -62.543185360602408, -31.656990284808369 ], [ -62.54318521936441, -31.657019155250172 ], [ -62.543175541144066, -31.657057013726721 ], [ -62.543162778083236, -31.657078621252545 ], [ -62.543140548651742, -31.657094781588466 ], [ -62.543123672475843, -31.657094721176495 ], [ -62.543101482764435, -31.657102761693949 ], [ -62.54308877265585, -31.657113542796647 ], [ -62.543079187095671, -31.65713245503812 ], [ -62.543079116459907, -31.657146890258485 ], [ -62.543041052326096, -31.657165700536538 ], [ -62.542990370773623, -31.657176345669203 ], [ -62.542901731027079, -31.657184148187692 ], [ -62.542834226261441, -31.657183906399489 ], [ -62.542726640542881, -31.657183520975764 ], [ -62.542650697683953, -31.657183248857351 ], [ -62.542568426254626, -31.657182954011422 ], [ -62.54253467387371, -31.657182833033641 ], [ -62.542480881017042, -31.657182640206859 ], [ -62.542446073874764, -31.657182515424513 ], [ -62.542384897685814, -31.657182296087072 ], [ -62.542362787481537, -31.657174096853957 ], [ -62.542350183401645, -31.657163225053822 ], [ -62.542340783406118, -31.657144244788757 ], [ -62.542340854156031, -31.657129809569856 ], [ -62.542321961316169, -31.657110795262419 ], [ -62.542296700118385, -31.657099878067068 ], [ -62.54225243996401, -31.657091599377356 ], [ -62.542218687617613, -31.657091478316335 ], [ -62.542174308040778, -31.657107559031161 ], [ -62.542148887607631, -31.65712912104852 ], [ -62.542129716101186, -31.657166945385743 ], [ -62.542129574535842, -31.65719581582248 ], [ -62.542119895869277, -31.657233674213703 ], [ -62.542107132540849, -31.657255281630821 ], [ -62.542084902886586, -31.657271441780292 ], [ -62.54206802668125, -31.65727138122843 ], [ -62.542045757193719, -31.657295661181056 ], [ -62.542032940741066, -31.657328095003692 ], [ -62.542023169096467, -31.657384899609557 ], [ -62.542022956697139, -31.657428205262487 ], [ -62.542032170809499, -31.657485077995801 ], [ -62.542044668699859, -31.657517602653058 ], [ -62.542066699313921, -31.657542041560955 ], [ -62.542083575568171, -31.657542102113453 ], [ -62.542105566380229, -31.657574660824523 ], [ -62.542118011218598, -31.657618011887518 ], [ -62.542127132501591, -31.657693830835616 ], [ -62.542126849363271, -31.657751571704168 ], [ -62.542116984820922, -31.657827322535766 ], [ -62.542104115226167, -31.657870582774983 ], [ -62.542081805782473, -31.657902982539735 ], [ -62.54206492946301, -31.657902921986388 ], [ -62.542042858941613, -31.657886602888073 ], [ -62.542030307904234, -31.657864904644537 ], [ -62.542021000831923, -31.657826978136075 ], [ -62.542021142434329, -31.657798107702625 ], [ -62.542011835372065, -31.657760181193186 ], [ -62.541999284358553, -31.65773848294641 ], [ -62.541977213887272, -31.657722163836805 ], [ -62.541960337600734, -31.657722103269936 ], [ -62.541938227307455, -31.657713903963085 ], [ -62.541925623205486, -31.657703032121731 ], [ -62.541916223243753, -31.657684051827303 ], [ -62.541916294060776, -31.657669616610477 ], [ -62.541906894104223, -31.657650636315317 ], [ -62.541894290014383, -31.657639764470858 ], [ -62.541872179746463, -31.657631565152723 ], [ -62.541855303476552, -31.657631504572119 ], [ -62.541833113530608, -31.657639544866107 ], [ -62.541820403203346, -31.657650325839505 ], [ -62.541810817330997, -31.657669237981178 ], [ -62.541810746497653, -31.65768367319777 ], [ -62.541791667710889, -31.657702551256893 ], [ -62.541766300156858, -31.657713286781334 ], [ -62.541721960058787, -31.657721247524581 ], [ -62.541688207487297, -31.657721126321118 ], [ -62.541643867379179, -31.657729087037104 ], [ -62.541618499801281, -31.657739822531891 ], [ -62.541599420964403, -31.657758700561637 ], [ -62.541599350098146, -31.6577731357776 ], [ -62.541580271250531, -31.657792013804286 ], [ -62.541554903648297, -31.657802749286102 ], [ -62.541510563490569, -31.657810709955204 ], [ -62.541476810887744, -31.657810588695526 ], [ -62.541432590350503, -31.657794189911158 ], [ -62.541407382247122, -31.657772446128483 ], [ -62.541388582525492, -31.657734485464861 ], [ -62.541388724322914, -31.657705615033539 ], [ -62.541369924622011, -31.657667654366954 ], [ -62.54134471656716, -31.657645910571958 ], [ -62.541300496131342, -31.657629511742361 ], [ -62.541266743595003, -31.657629390427733 ], [ -62.541133842985168, -31.657628912664677 ], [ -62.54111696671746, -31.657628851986466 ], [ -62.541094776710246, -31.65763689215148 ], [ -62.541082066299047, -31.657647673050533 ], [ -62.541072480278153, -31.657666585135338 ], [ -62.541072409330688, -31.657681020350442 ], [ -62.541053330396622, -31.657699898297782 ], [ -62.541027962760332, -31.657710633674668 ], [ -62.540983622603903, -31.657718594160812 ], [ -62.540949870036869, -31.657718472762099 ], [ -62.5409055298704, -31.657726433220986 ], [ -62.540880162210243, -31.657737168568207 ], [ -62.540861083226069, -31.657756046486178 ], [ -62.540861012245671, -31.657770481700645 ], [ -62.540851426167286, -31.657789393767942 ], [ -62.540838715707316, -31.657800174642045 ], [ -62.540816525635869, -31.65780821475785 ], [ -62.540799649336513, -31.657808154037362 ], [ -62.540777459259893, -31.657816194146324 ], [ -62.54076474878778, -31.657826975012892 ], [ -62.54075516268405, -31.657845887072547 ], [ -62.540755091687032, -31.657860322286599 ], [ -62.540754918631585, -31.65789550812076 ], [ -62.540754758887822, -31.657927987352107 ], [ -62.540754532583726, -31.657973999596262 ], [ -62.540754390588738, -31.658002870023765 ], [ -62.54078268304594, -31.658040864935039 ], [ -62.54082054833291, -31.658062654379588 ], [ -62.540886919093786, -31.658079133060014 ], [ -62.540937548139524, -31.658079315181567 ], [ -62.541003958848208, -31.658087673993528 ], [ -62.541041877421549, -31.658098636962364 ], [ -62.54107026314572, -31.658117685592238 ], [ -62.541070192196671, -31.658132120806318 ], [ -62.541098577936793, -31.658151169429935 ], [ -62.541136496547296, -31.658162132370908 ], [ -62.54120290733394, -31.658170491079971 ], [ -62.541253536431455, -31.658170673076633 ], [ -62.541319867460977, -31.658195271341196 ], [ -62.54135767975886, -31.658227887038446 ], [ -62.541385879473147, -31.658284828036507 ], [ -62.541385666770807, -31.658328133679465 ], [ -62.541366401642748, -31.6583849041082 ], [ -62.541340927492541, -31.658417292365755 ], [ -62.541296507245725, -31.658441492572379 ], [ -62.541262754415897, -31.658441371253925 ], [ -62.541218374034131, -31.658457451625299 ], [ -62.541192953011148, -31.658479013442101 ], [ -62.541173780835067, -31.658516837621441 ], [ -62.54117363896669, -31.65854570804818 ], [ -62.54116395976645, -31.658583566353922 ], [ -62.541151196029467, -31.658605173667016 ], [ -62.541128965887509, -31.658621333641943 ], [ -62.541112089440468, -31.65862127296138 ], [ -62.541089859287951, -31.658637432929357 ], [ -62.541077095526397, -31.658659040234621 ], [ -62.54106741627475, -31.658696898531876 ], [ -62.541067274372494, -31.658725768957392 ], [ -62.541057595109613, -31.658763627253393 ], [ -62.541044831323013, -31.658785234554784 ], [ -62.541022601119593, -31.658801394510146 ], [ -62.541005724640257, -31.658801333815205 ], [ -62.540983534343752, -31.658809373956682 ], [ -62.540970823758492, -31.658820154841031 ], [ -62.540961237591709, -31.658839066912641 ], [ -62.540961166623802, -31.658853502124888 ], [ -62.540961051300833, -31.65887695934471 ], [ -62.540960909364699, -31.658905829768969 ], [ -62.540951230039177, -31.658943688055249 ], [ -62.540938466202931, -31.65896529534492 ], [ -62.540916235938077, -31.658981455280724 ], [ -62.54089935942644, -31.658981394571402 ], [ -62.54087716907803, -31.658989434693673 ], [ -62.540864458455836, -31.659000215566781 ], [ -62.540854872248659, -31.659019127629488 ], [ -62.540854801263805, -31.659033562841092 ], [ -62.540845215051171, -31.659052474902946 ], [ -62.540832504416642, -31.659063255772651 ], [ -62.540810314043071, -31.659071295882949 ], [ -62.540793437515454, -31.65907123515947 ], [ -62.540771247136703, -31.659079275262894 ], [ -62.540758536490046, -31.659090056125084 ], [ -62.540748950252052, -31.659108968179293 ], [ -62.540748879250586, -31.65912340339047 ], [ -62.540748706184267, -31.659158589217622 ], [ -62.540748546430471, -31.659191068442514 ], [ -62.540748320112165, -31.659237080677492 ], [ -62.540748178108245, -31.659265951099265 ], [ -62.540747951789101, -31.659311963333693 ], [ -62.540747792034082, -31.659344442557803 ], [ -62.540747618965867, -31.659379628383736 ], [ -62.540747547963434, -31.659394063594313 ], [ -62.54076644093562, -31.659413078129393 ], [ -62.540791702572875, -31.659423995627936 ], [ -62.540835963694093, -31.659432274830479 ], [ -62.54086971688011, -31.659432396265188 ], [ -62.540923511020729, -31.659432589783286 ], [ -62.540961483355588, -31.659432726370653 ], [ -62.541002620051984, -31.659432874327543 ], [ -62.541019496645468, -31.659432935023979 ], [ -62.541041687087848, -31.659424894878413 ], [ -62.541054397748255, -31.659414113988706 ], [ -62.541063983956811, -31.659395201912194 ], [ -62.541064054910329, -31.659380766700963 ], [ -62.541083134190117, -31.659361888760234 ], [ -62.541108502271321, -31.659351153379362 ], [ -62.541152843194766, -31.659343192859136 ], [ -62.541186596350066, -31.659343314209721 ], [ -62.541230857469941, -31.659351593275378 ], [ -62.541256119146155, -31.659362510682453 ], [ -62.54127501221658, -31.659381525143271 ], [ -62.541274941295683, -31.659395960354907 ], [ -62.541293834376653, -31.659414974812933 ], [ -62.541319096077459, -31.659425892207679 ], [ -62.541363357248713, -31.659434171227755 ], [ -62.541397110437906, -31.659434292522992 ], [ -62.541441531134772, -31.659410092289331 ], [ -62.541467005525682, -31.659377704018961 ], [ -62.541486270805457, -31.659320933585224 ], [ -62.541486483469377, -31.659277627948399 ], [ -62.541496255652987, -31.65922082340542 ], [ -62.541509072559698, -31.659188389650527 ], [ -62.541531342643395, -31.659164109804347 ], [ -62.541548219189544, -31.659164170430397 ], [ -62.541570449390356, -31.659148010384346 ], [ -62.541583213106705, -31.659126403030939 ], [ -62.541592892196491, -31.659088544695553 ], [ -62.541593033938241, -31.659059674269542 ], [ -62.541602713016786, -31.65902181593292 ], [ -62.541615476708067, -31.65900020857563 ], [ -62.541637706857983, -31.658984048516949 ], [ -62.541654583371844, -31.658984109128628 ], [ -62.541676933083359, -31.658943589640337 ], [ -62.541689856171381, -31.658889503044549 ], [ -62.541699814178592, -31.658794806044753 ], [ -62.541700168445857, -31.658722629975088 ], [ -62.54169114041683, -31.658627864792397 ], [ -62.541678748790858, -31.65857368728452 ], [ -62.541656797756275, -31.658533008696097 ], [ -62.541639921323956, -31.658532948085483 ], [ -62.541617810868459, -31.658524748722609 ], [ -62.541605206695976, -31.658513876850289 ], [ -62.541595806720174, -31.658494896534513 ], [ -62.541595877588989, -31.658480461320181 ], [ -62.541643435533665, -31.658461685578999 ], [ -62.541706775245594, -31.658451086444142 ], [ -62.541817566581997, -31.658443364293301 ], [ -62.54190194866537, -31.658443667205855 ], [ -62.542079151044419, -31.658444303140648 ], [ -62.542101341161846, -31.658436262806511 ], [ -62.542114051565214, -31.658425481807157 ], [ -62.542123637456058, -31.658406569645102 ], [ -62.542123708243018, -31.658392134429509 ], [ -62.542123823271723, -31.658368677204098 ], [ -62.542123964845331, -31.65833980677268 ], [ -62.542124190477843, -31.658293794522358 ], [ -62.542124349747539, -31.658261315286627 ], [ -62.54212452228942, -31.658226129447741 ], [ -62.542124593075748, -31.658211694231721 ], [ -62.542162657819773, -31.658192884235884 ], [ -62.542213340015635, -31.658182239439743 ], [ -62.54230198076209, -31.658174437410125 ], [ -62.54236948623879, -31.658174679486581 ], [ -62.542458126966423, -31.65816687734829 ], [ -62.542508809115958, -31.658156232434319 ], [ -62.542546873761317, -31.658137422322774 ], [ -62.542546944482105, -31.658122987105706 ], [ -62.542563595004019, -31.658106511610814 ], [ -62.542566023204635, -31.658104108934278 ], [ -62.542591390775549, -31.658093373251667 ], [ -62.542635730980521, -31.658085412207793 ], [ -62.542669483688165, -31.658085533161916 ], [ -62.542713863648956, -31.658069452280952 ], [ -62.542739284211919, -31.658047890155409 ], [ -62.542758455658117, -31.658010065731222 ], [ -62.542758597033512, -31.657981195295619 ], [ -62.542768275523152, -31.657943336858665 ], [ -62.542781038795546, -31.657921729377211 ], [ -62.542803268487177, -31.657905569108443 ], [ -62.542820144808871, -31.657905629564159 ], [ -62.542861280843198, -31.657905776915626 ], [ -62.542899252567459, -31.657905912920597 ], [ -62.54295304584393, -31.657906105574956 ], [ -62.542986798488258, -31.657906226444553 ], [ -62.543031138572232, -31.65789826526191 ], [ -62.543056506034631, -31.65788752948546 ], [ -62.543075584606392, -31.657868651235734 ], [ -62.543075655244706, -31.657854216016993 ], [ -62.543085240881574, -31.657835303778626 ], [ -62.543097951089891, -31.657824522678432 ], [ -62.543120140973926, -31.657816482164129 ], [ -62.543137017280259, -31.657816542577802 ], [ -62.543159127705671, -31.657824741678041 ], [ -62.543171731969089, -31.657835613398898 ], [ -62.543181132202093, -31.657854593602966 ], [ -62.543181061580093, -31.657869028821906 ], [ -62.543218940607346, -31.657888110956524 ], [ -62.543269516609726, -31.657899118566299 ], [ -62.543358077589247, -31.657907555420998 ], [ -62.543425582882975, -31.657907796937049 ], [ -62.543514143886227, -31.657916233683647 ], [ -62.5435647199401, -31.65792724117685 ], [ -62.543602599070688, -31.657946323198377 ], [ -62.543602528513595, -31.657960758417968 ], [ -62.543621421786405, -31.65797977253742 ], [ -62.543646683379201, -31.657990689472783 ], [ -62.543690944088588, -31.657998967682975 ], [ -62.543724696769964, -31.657999088357741 ], [ -62.543768957490585, -31.658007366540978 ], [ -62.54379421910842, -31.658018283447309 ], [ -62.543813112432126, -31.658037297538705 ], [ -62.54381304190732, -31.658051732758491 ], [ -62.543822442292502, -31.658070712916132 ], [ -62.543835046666814, -31.658081584572098 ], [ -62.543857157217552, -31.658089783552249 ], [ -62.543874033575023, -31.658089843868911 ], [ -62.543896104468146, -31.658106162653496 ], [ -62.543908655973183, -31.65812786071713 ], [ -62.543917963842425, -31.658165787093697 ], [ -62.543917822824469, -31.658194657533123 ], [ -62.543927130703743, -31.658232583908724 ], [ -62.543939682232647, -31.658254281969107 ], [ -62.543961753175886, -31.658270600742398 ], [ -62.543978629566276, -31.658270661045545 ], [ -62.544000898791374, -31.65824638075679 ], [ -62.544013714693158, -31.658213946735909 ], [ -62.544023485222048, -31.658157141974367 ], [ -62.544023696699597, -31.658113836314286 ], [ -62.544042960159111, -31.658057065466188 ], [ -62.544068433279122, -31.658024676657678 ], [ -62.54411285262028, -31.658000475475994 ], [ -62.544146605304185, -31.65800059603918 ], [ -62.544190984976645, -31.657984514641548 ], [ -62.544216405178908, -31.657962952218057 ], [ -62.544235576011715, -31.657925127565655 ], [ -62.54423571692994, -31.65789625712371 ], [ -62.544216916028788, -31.657858296866344 ], [ -62.544191707252779, -31.657836553627572 ], [ -62.544147486214349, -31.657820155779334 ], [ -62.544113733595658, -31.657820035216986 ], [ -62.544069512579043, -31.657803637341907 ], [ -62.544044303852345, -31.657781894074283 ], [ -62.544025503051785, -31.657743933789 ], [ -62.544025644033979, -31.657715063347084 ], [ -62.544035321982136, -31.657677204807356 ], [ -62.544048084925791, -31.657655597195163 ], [ -62.544070314337034, -31.65763943670235 ], [ -62.544087190613602, -31.657639496990075 ], [ -62.544109380370486, -31.657631456302322 ], [ -62.544122090433824, -31.6576206750984 ], [ -62.54413167583516, -31.657601762778519 ], [ -62.544131746309475, -31.657587327557049 ], [ -62.544141331705369, -31.657568415236291 ], [ -62.544154041756371, -31.657557634028976 ], [ -62.544176231488109, -31.657549593329257 ], [ -62.544193107748697, -31.657549653602821 ], [ -62.544215297475247, -31.657541612896257 ], [ -62.544228007514128, -31.657530831681399 ], [ -62.544237592884656, -31.657511919353009 ], [ -62.544237663342351, -31.657497484131117 ], [ -62.544247248707435, -31.65747857180186 ], [ -62.544259958733988, -31.65746779058362 ], [ -62.544282148435393, -31.657459749865076 ], [ -62.544299024680015, -31.657459810124475 ], [ -62.544343324822286, -31.657459968294802 ], [ -62.544343509730346, -31.657422075836422 ], [ -62.544343580171429, -31.657407640614117 ], [ -62.544343712248299, -31.657380574572194 ], [ -62.54434381790967, -31.657358921738595 ], [ -62.544343949986228, -31.65733185569648 ], [ -62.54434402042699, -31.657317420473959 ], [ -62.544334620009167, -31.657298440352243 ], [ -62.544322015680571, -31.657287568744728 ], [ -62.544299905277036, -31.657279369845504 ], [ -62.544283029065049, -31.657279309586524 ], [ -62.544260918666964, -31.657271110680583 ], [ -62.544248314350703, -31.65726023906586 ], [ -62.544238913958019, -31.657241258937152 ], [ -62.544238984414768, -31.657226823714637 ], [ -62.544201105441658, -31.657207741881365 ], [ -62.544150529698129, -31.657196734642106 ], [ -62.544061969313255, -31.657188298342071 ], [ -62.543994464533682, -31.657188057167509 ], [ -62.543905904172526, -31.657179620759351 ], [ -62.54385532848049, -31.65716861340352 ], [ -62.543817449610721, -31.657149531457179 ], [ -62.543817520132372, -31.657135096235312 ], [ -62.543798626987943, -31.657116082143631 ], [ -62.543773365612303, -31.65710516523891 ], [ -62.543729105317887, -31.657096887060085 ], [ -62.543695352962608, -31.65709676638955 ], [ -62.543651092679426, -31.657088488183746 ], [ -62.543625831328839, -31.657077571250021 ], [ -62.5436069382353, -31.657058557130263 ], [ -62.543607008789238, -31.657044121908612 ], [ -62.543626087076234, -31.657025243571422 ], [ -62.54365145423327, -31.657014507672368 ], [ -62.543695793839127, -31.657006546253143 ], [ -62.543729546161799, -31.657006666923262 ], [ -62.543773885757624, -31.656998705476813 ], [ -62.5437992528908, -31.656987969548098 ], [ -62.543818331127675, -31.656969091181523 ], [ -62.543818401648686, -31.65695465595925 ], [ -62.543818573543454, -31.656919470104818 ], [ -62.543818732215271, -31.656886990854407 ], [ -62.543818956999907, -31.656840978582704 ], [ -62.543819098040991, -31.656812108137533 ], [ -62.543800297522601, -31.656774147816012 ], [ -62.543775089134108, -31.656752404494945 ], [ -62.543730868681678, -31.65673600650511 ], [ -62.54369711645684, -31.65673588583627 ], [ -62.543652856344139, -31.656727607632231 ], [ -62.543627595090427, -31.656716690699159 ], [ -62.543608702068589, -31.656697676579267 ], [ -62.543608772621255, -31.656683241356809 ], [ -62.543599372415748, -31.656664261181049 ], [ -62.543586768258365, -31.656653389501471 ], [ -62.54356465807048, -31.65664519047608 ], [ -62.54354778197483, -31.656645130120957 ], [ -62.543525671792409, -31.656636931088848 ], [ -62.543513067647332, -31.656626059402043 ], [ -62.543503667466979, -31.656607079219317 ], [ -62.543503738035639, -31.656592643996849 ], [ -62.543513323453404, -31.656573731720556 ], [ -62.543526033439235, -31.656562950573527 ], [ -62.543548222986153, -31.656554909980024 ], [ -62.543565099065503, -31.656554970334934 ], [ -62.543587288607249, -31.656546929734581 ], [ -62.543599998580937, -31.656536148580006 ], [ -62.543609583973364, -31.656517236296082 ], [ -62.543609654525405, -31.656502801073199 ], [ -62.543571775975117, -31.656483719054982 ], [ -62.543521200700042, -31.656472711569471 ], [ -62.543432641063504, -31.656464274838807 ], [ -62.54336513681325, -31.656464033336313 ], [ -62.543276497771608, -31.656471836122641 ], [ -62.543225816622396, -31.65648248135377 ], [ -62.543187752790153, -31.656501291680378 ], [ -62.543187682172906, -31.656515726902395 ], [ -62.543159111111507, -31.656534571196872 ], [ -62.543121086972782, -31.656545261690834 ], [ -62.543054597687856, -31.656553143611532 ], [ -62.543003969454588, -31.656552962337592 ], [ -62.542937599387145, -31.656536484760949 ], [ -62.542899734212284, -31.656514695940512 ], [ -62.54287144134193, -31.656476701485715 ], [ -62.542871582673946, -31.656447831042719 ], [ -62.542881260950892, -31.656409972586175 ], [ -62.542894023983123, -31.65638836508602 ], [ -62.542916253286961, -31.656372204790038 ], [ -62.542933129331793, -31.656372265228214 ], [ -62.542955318882917, -31.656364224737608 ], [ -62.54296802890363, -31.656353443646122 ], [ -62.542977614404194, -31.656334531410145 ], [ -62.542977685053422, -31.656320096188121 ], [ -62.54297781752058, -31.656293030146763 ], [ -62.542977923494199, -31.65627137731358 ], [ -62.542978055961044, -31.656244311271998 ], [ -62.542978126609952, -31.656229876049778 ], [ -62.542968726577691, -31.656210895827879 ], [ -62.54295612255504, -31.65620002408652 ], [ -62.542934012530779, -31.656191824952831 ], [ -62.542917136518554, -31.656191764515086 ], [ -62.542895026499735, -31.656183565374693 ], [ -62.542882422489413, -31.656172693626104 ], [ -62.542873022482297, -31.656153713397227 ], [ -62.542873093147186, -31.656139278175004 ], [ -62.542863693145264, -31.656120297945392 ], [ -62.542851089147057, -31.656109426193733 ], [ -62.542828979153605, -31.656101227042026 ], [ -62.542812103157999, -31.656101166590545 ], [ -62.54278999316999, -31.65609296743213 ], [ -62.542777389184124, -31.656082095673256 ], [ -62.542767989207341, -31.656063115436648 ], [ -62.542768059888225, -31.65604868021444 ], [ -62.542758659916629, -31.656029699977104 ], [ -62.542746055942885, -31.656018828215164 ], [ -62.542723945980235, -31.656010629045426 ], [ -62.542707070001242, -31.656010568580211 ], [ -62.542684960044049, -31.656002369403776 ], [ -62.542672356082633, -31.655991497634602 ], [ -62.542662956136184, -31.655972517390293 ], [ -62.542663026833054, -31.655958082168077 ], [ -62.542653626891777, -31.655939101923032 ], [ -62.542641022942497, -31.655928230150785 ], [ -62.542618913010649, -31.655920030963031 ], [ -62.542602037048283, -31.655919970484092 ], [ -62.542579923504135, -31.65591250984814 ], [ -62.542567314743266, -31.655902622813382 ], [ -62.542557906385149, -31.65588536586457 ], [ -62.542557970666138, -31.655872243635294 ], [ -62.542558139403575, -31.655837797783384 ], [ -62.54203030071529, -31.655930794449016 ], [ -62.542030141397326, -31.655963279821016 ], [ -62.542030080704691, -31.655975655200795 ], [ -62.542039493780933, -31.655991931948993 ] ], [ [ -62.542525019692263, -31.658076895454737 ], [ -62.542502829696147, -31.65808493586416 ], [ -62.542485953342798, -31.658084875366182 ], [ -62.542463842916703, -31.658076676149619 ], [ -62.542451238704444, -31.65806580435974 ], [ -62.542441838599792, -31.658046824103746 ], [ -62.54244190933656, -31.658032388886681 ], [ -62.542451495119934, -31.658013476697828 ], [ -62.542464205425134, -31.658002695661985 ], [ -62.54248639540485, -31.65799465525901 ], [ -62.5425032717419, -31.657994715756775 ], [ -62.542525382152235, -31.65800291496647 ], [ -62.54253798636482, -31.658013786749127 ], [ -62.542547386485879, -31.658032766998314 ], [ -62.542547315765404, -31.65804720221556 ], [ -62.542537729997804, -31.658066114411664 ], [ -62.542525019692263, -31.658076895454737 ] ] ], [ [ [ -62.541079683377781, -31.656200963677989 ], [ -62.541088993248898, -31.656238211534507 ], [ -62.541101545758572, -31.656259522029071 ], [ -62.541123617161873, -31.656275550406928 ], [ -62.541140493184997, -31.656275611081963 ], [ -62.541162563169536, -31.656291930335311 ], [ -62.541175113797479, -31.656313628665593 ], [ -62.541184420382542, -31.656351555240036 ], [ -62.541184278529443, -31.656380425676655 ], [ -62.541193585124546, -31.656418352250125 ], [ -62.541206135776342, -31.65644005057716 ], [ -62.541228205810995, -31.656456369819228 ], [ -62.541245081867061, -31.656456430480738 ], [ -62.54126719180158, -31.656464629905862 ], [ -62.541279795660749, -31.65647550181205 ], [ -62.541289195374041, -31.656494482154553 ], [ -62.541289124463319, -31.656508917372761 ], [ -62.541298524181791, -31.656527897714533 ], [ -62.541311128053081, -31.65653876961764 ], [ -62.54133323801296, -31.656546969031456 ], [ -62.541350114085638, -31.656547029679238 ], [ -62.541372224050974, -31.656555229086354 ], [ -62.541384827934593, -31.656566100982221 ], [ -62.541394227678218, -31.656585081317022 ], [ -62.541394156783475, -31.656599516535231 ], [ -62.541403556532281, -31.656618496869307 ], [ -62.541416160428035, -31.656629368762104 ], [ -62.541438270418723, -31.656637568157908 ], [ -62.541455146508021, -31.656637628791952 ], [ -62.541477216633005, -31.656653947991305 ], [ -62.541489767382032, -31.65667564629058 ], [ -62.541499074129369, -31.656713572841493 ], [ -62.541498932371539, -31.656742443277725 ], [ -62.541508239128909, -31.656780369827679 ], [ -62.541520789901796, -31.656802068123707 ], [ -62.541542860076888, -31.656818387311755 ], [ -62.541559736199119, -31.656818447932284 ], [ -62.541581726660205, -31.656851006733934 ], [ -62.541594171162615, -31.656894357849691 ], [ -62.541603291956697, -31.656970176839103 ], [ -62.541603008502456, -31.657027917709975 ], [ -62.54160275162134, -31.657080245373766 ], [ -62.541602264431205, -31.657179487493533 ], [ -62.541690864416807, -31.657179805688404 ], [ -62.541724616792642, -31.657179926889338 ], [ -62.541768956632843, -31.657171966142045 ], [ -62.541794324038712, -31.657161230614765 ], [ -62.541813402712926, -31.65714235255259 ], [ -62.541813473544345, -31.657127917334751 ], [ -62.541832552207836, -31.657109039269528 ], [ -62.541857919589368, -31.657098303729281 ], [ -62.541902259379953, -31.657090342935113 ], [ -62.541936011724452, -31.657090464079815 ], [ -62.541980391333077, -31.657074383448116 ], [ -62.542005811789629, -31.657052821464362 ], [ -62.542024983321994, -31.657014997145339 ], [ -62.542025124918688, -31.656986126708198 ], [ -62.542006325098903, -31.656948166130022 ], [ -62.54198111708628, -31.656926422458707 ], [ -62.54193689687493, -31.656910023849935 ], [ -62.541903144595658, -31.656909902706069 ], [ -62.541858884567773, -31.656901623880835 ], [ -62.541833623481587, -31.656890706594503 ], [ -62.541814730793746, -31.656871692212704 ], [ -62.541814801624213, -31.656857256994236 ], [ -62.541805401768023, -31.656838276690166 ], [ -62.541792797798571, -31.656827404835461 ], [ -62.541770687731216, -31.656819205500607 ], [ -62.541753811608359, -31.656819144907967 ], [ -62.541731701546475, -31.656810945566392 ], [ -62.541719097589336, -31.656800073704471 ], [ -62.5417096977583, -31.656781093393423 ], [ -62.541709768604761, -31.656766658174966 ], [ -62.541700368778898, -31.656747677863173 ], [ -62.541687764833895, -31.656736805998175 ], [ -62.541665654797356, -31.656728606645302 ], [ -62.541648778691112, -31.656728546038931 ], [ -62.541626668660044, -31.656720346679343 ], [ -62.541614064727362, -31.656709474807133 ], [ -62.541604664926645, -31.656690494488341 ], [ -62.5416047357891, -31.656676059269905 ], [ -62.541623814400872, -31.656657181234078 ], [ -62.54164918168243, -31.656646445733617 ], [ -62.541693521274802, -31.65663848500953 ], [ -62.541727273454995, -31.656638606207906 ], [ -62.541771652882865, -31.656622525645972 ], [ -62.541797073262714, -31.656600963701543 ], [ -62.541816244784073, -31.656563139411141 ], [ -62.541816386442797, -31.656534268972784 ], [ -62.541797586796868, -31.656496308362851 ], [ -62.541772378954022, -31.656474564650377 ], [ -62.541728158993209, -31.656458165970509 ], [ -62.541694406878243, -31.65645804477299 ], [ -62.541650226795063, -31.656433526255526 ], [ -62.541625072147568, -31.65640095609988 ], [ -62.541606365611344, -31.656344049236786 ], [ -62.541606578194873, -31.656300743578999 ], [ -62.541597364449643, -31.656243870808012 ], [ -62.541584866880378, -31.656211346103586 ], [ -62.541562836702944, -31.656186907111579 ], [ -62.541545960694855, -31.656186846492535 ], [ -62.541523850800672, -31.656178647115741 ], [ -62.541511246952396, -31.65616777523325 ], [ -62.541501847225781, -31.656148794906027 ], [ -62.541501918102639, -31.656134359686565 ], [ -62.541492518381204, -31.656115379358582 ], [ -62.54147991454505, -31.656104507473032 ], [ -62.541457804676241, -31.656096308084916 ], [ -62.54144092868475, -31.656096247452151 ], [ -62.541418802680603, -31.656091334802618 ], [ -62.541406177334707, -31.656084845236872 ], [ -62.541396739974047, -31.656073533974258 ], [ -62.541396782170835, -31.656064941857569 ], [ -62.541396892937342, -31.656042387551192 ], [ -62.541323768516094, -31.656055270313036 ], [ -62.541080188495314, -31.656098182917308 ], [ -62.541079822720803, -31.656172610364873 ], [ -62.541079683377781, -31.656200963677989 ] ] ], [ [ [ -62.544036082281366, -31.655577395445743 ], [ -62.544035924291649, -31.655609752149747 ], [ -62.54403586410502, -31.655622078513133 ], [ -62.544045277812103, -31.655638290777816 ], [ -62.544057889610407, -31.655647580766285 ], [ -62.544079713080293, -31.655654500779111 ], [ -62.544079956630291, -31.655654578006438 ], [ -62.544080005399138, -31.655654593470576 ], [ -62.544096881317053, -31.655654653753658 ], [ -62.544118991319444, -31.655662852686334 ], [ -62.544131595407265, -31.655673724314369 ], [ -62.544140995624339, -31.655692704453937 ], [ -62.544140925156668, -31.655707139679713 ], [ -62.544150325378915, -31.655726119818553 ], [ -62.544162929478873, -31.655736991443497 ], [ -62.544185039506623, -31.655745190364879 ], [ -62.544201915441128, -31.655745250634219 ], [ -62.544224025474321, -31.655753449548872 ], [ -62.544236629586599, -31.655764321166608 ], [ -62.544246029834007, -31.655783301298463 ], [ -62.544245959382316, -31.655797736524239 ], [ -62.544255359634896, -31.655816716655366 ], [ -62.544267963759303, -31.655827588270011 ], [ -62.544290073817855, -31.655835787173363 ], [ -62.544306949768988, -31.655835847428964 ], [ -62.544329020211045, -31.655852166140136 ], [ -62.544341571521009, -31.655873864166924 ], [ -62.54435087935363, -31.655911790524815 ], [ -62.54435073848191, -31.655940660976192 ], [ -62.544341060850392, -31.655978519553042 ], [ -62.544328298208391, -31.656000127203001 ], [ -62.544306069235148, -31.656016287748987 ], [ -62.544289193251409, -31.656016227492966 ], [ -62.544267003895229, -31.656024268217784 ], [ -62.544254294068125, -31.656035049441016 ], [ -62.544244708856418, -31.656053961776504 ], [ -62.544244638403775, -31.656068397001665 ], [ -62.544254038682638, -31.656087377132337 ], [ -62.544266642843013, -31.656098248747007 ], [ -62.54428875296523, -31.656106447650831 ], [ -62.544305628965262, -31.656106507907076 ], [ -62.544327739092921, -31.656114706804203 ], [ -62.544340343265624, -31.65612557841164 ], [ -62.544349743569626, -31.656144558535328 ], [ -62.544349673132984, -31.656158993760513 ], [ -62.544359073442159, -31.656177973883459 ], [ -62.544371677627005, -31.656188845487829 ], [ -62.544393787780017, -31.656197044373638 ], [ -62.544410663796668, -31.656197104616144 ], [ -62.544432655114647, -31.656229662937761 ], [ -62.544445100865133, -31.656273013791456 ], [ -62.544454223922557, -31.656348832605786 ], [ -62.544453942238, -31.656406573505301 ], [ -62.544463065314261, -31.656482392317606 ], [ -62.544475511111081, -31.656525743167087 ], [ -62.544497502527726, -31.656558301476789 ], [ -62.544514378609911, -31.656558361706196 ], [ -62.544536607677834, -31.656542201126172 ], [ -62.544549370347603, -31.656520593457454 ], [ -62.544559047953889, -31.656482734867769 ], [ -62.544559188764183, -31.656453864417987 ], [ -62.544568866359228, -31.656416005827062 ], [ -62.544581629003964, -31.656394398154461 ], [ -62.544603858020984, -31.656378237561817 ], [ -62.544620734070875, -31.656378297776861 ], [ -62.544643042268213, -31.656345897548814 ], [ -62.544655910470738, -31.656302637030159 ], [ -62.544665772778863, -31.656226885963274 ], [ -62.544666054330456, -31.656169145060431 ], [ -62.544656931116521, -31.656093326257661 ], [ -62.544644485290284, -31.65604997542269 ], [ -62.544622493939499, -31.656017417136379 ], [ -62.544605617954822, -31.656017356922188 ], [ -62.544583666225215, -31.655976678814554 ], [ -62.544571273249275, -31.655922501552517 ], [ -62.544562242537765, -31.655827736506453 ], [ -62.544562594551657, -31.655755560374345 ], [ -62.54455356386292, -31.655660795325439 ], [ -62.544541170944058, -31.655606618058357 ], [ -62.544519219336912, -31.655565939938203 ], [ -62.544502343434033, -31.655565879711112 ], [ -62.544480221351293, -31.655560154960934 ], [ -62.544467601145556, -31.655552582188605 ], [ -62.544458172713874, -31.655539375010211 ], [ -62.544458221675562, -31.655529338212393 ], [ -62.544458350199882, -31.655502991618043 ], [ -62.544280997753951, -31.655534241396737 ], [ -62.544240125154836, -31.655541443174684 ], [ -62.544213434886991, -31.655546146009161 ], [ -62.544036082281366, -31.655577395445743 ] ] ] ] } },
{ "type": "Feature", "properties": { "zona": "7", "zona_id": "7" }, "geometry": { "type": "MultiPolygon", "coordinates": [ [ [ [ -62.538011962986097, -31.659873191450885 ], [ -62.538052366992993, -31.659873337707591 ], [ -62.538067758995695, -31.659873393421062 ], [ -62.53808800117023, -31.659865346739881 ], [ -62.538099598731165, -31.659854562118827 ], [ -62.538108350458927, -31.659835647249182 ], [ -62.538108421870611, -31.659821212044967 ], [ -62.538118008715884, -31.659802300197025 ], [ -62.538130719762044, -31.659791519602891 ], [ -62.538152910532268, -31.659783479963263 ], [ -62.538169787182348, -31.659783541037125 ], [ -62.538191977947385, -31.659775501390666 ], [ -62.538204688981409, -31.659764720788978 ], [ -62.538214275801344, -31.659745808933398 ], [ -62.538214347196401, -31.659731373728764 ], [ -62.538223934010858, -31.659712461872303 ], [ -62.538236645032555, -31.659701681267233 ], [ -62.538258835772446, -31.659693641608783 ], [ -62.538275712406538, -31.659693702668495 ], [ -62.538297903141249, -31.659685663003209 ], [ -62.538310614150824, -31.659674882390572 ], [ -62.538320200939928, -31.659655970526483 ], [ -62.538320272318359, -31.65964153532143 ], [ -62.538339352201561, -31.659622657797467 ], [ -62.538364720662365, -31.659611922966128 ], [ -62.538409061931453, -31.659603963402979 ], [ -62.538442815167997, -31.659604085480119 ], [ -62.538487156427045, -31.65959612588971 ], [ -62.538512524863997, -31.659585391028717 ], [ -62.538531604697077, -31.659566513475369 ], [ -62.538531676042581, -31.659552078269673 ], [ -62.538541262774196, -31.659533166388059 ], [ -62.538553973734977, -31.659522385750485 ], [ -62.538576164405448, -31.659514346035973 ], [ -62.538593041007893, -31.659514407053408 ], [ -62.538615231673177, -31.659506367332053 ], [ -62.538627942621837, -31.659495586686933 ], [ -62.538637529328092, -31.659476674797673 ], [ -62.538637600656969, -31.65946223959158 ], [ -62.538685159684846, -31.659443464966131 ], [ -62.538748500380933, -31.659432867310699 ], [ -62.53885929309461, -31.659425147742667 ], [ -62.538943676030101, -31.659425452619566 ], [ -62.539054388548699, -31.65943397248979 ], [ -62.539117622316994, -31.659445027461352 ], [ -62.539164994217828, -31.659464145074967 ], [ -62.539164922970485, -31.659478580282126 ], [ -62.539193308722162, -31.659497629325724 ], [ -62.539231227646347, -31.659508592833554 ], [ -62.539297639205664, -31.659516952539807 ], [ -62.539348269019705, -31.659517135299218 ], [ -62.539414760706329, -31.659509255336197 ], [ -62.539452786466519, -31.659498565966992 ], [ -62.539481359179902, -31.659479722526736 ], [ -62.539481430378324, -31.65946528731893 ], [ -62.539491016909345, -31.659446375363778 ], [ -62.539503727749747, -31.65943559463031 ], [ -62.539525918319868, -31.659427554749563 ], [ -62.539542794908883, -31.659427615641256 ], [ -62.539565025515564, -31.659411455949105 ], [ -62.53957778973021, -31.659389848801908 ], [ -62.539587469659878, -31.659351990628188 ], [ -62.539587612023155, -31.659323120211504 ], [ -62.539578305807751, -31.659285193541606 ], [ -62.539565755162485, -31.659263495064106 ], [ -62.539543684764993, -31.659247175538155 ], [ -62.539526808208585, -31.659247114646892 ], [ -62.539504697775122, -31.659238914919008 ], [ -62.539492093756088, -31.659228042840617 ], [ -62.539482694141867, -31.659209062374721 ], [ -62.539482765339329, -31.659194627166283 ], [ -62.539463872674681, -31.659175612443427 ], [ -62.539438611262938, -31.659164694683739 ], [ -62.53939435039846, -31.659156414998602 ], [ -62.539360597319231, -31.659156293174654 ], [ -62.539316416591895, -31.659131773853293 ], [ -62.539291262049801, -31.659099203252229 ], [ -62.539272556421238, -31.659042296079456 ], [ -62.539272770109548, -31.658998990454215 ], [ -62.53932051573306, -31.658942323164538 ], [ -62.539383962838386, -31.65891007237569 ], [ -62.539494834979877, -31.65888611263863 ], [ -62.539579217435779, -31.658886417090702 ], [ -62.539689809290721, -31.658919295820798 ], [ -62.539752882691872, -31.658962829697327 ], [ -62.539799974337761, -31.659038785712927 ], [ -62.539799689745479, -31.659096526550428 ], [ -62.539808809272593, -31.659172345630164 ], [ -62.53982125324498, -31.659215696898176 ], [ -62.539843243649678, -31.659248255986792 ], [ -62.539860120207038, -31.659248316836209 ], [ -62.539882310702552, -31.659240276892557 ], [ -62.539895021469924, -31.659229496119053 ], [ -62.539904607892744, -31.659210584131113 ], [ -62.539904679024986, -31.659196148921833 ], [ -62.539914265442341, -31.659177236933029 ], [ -62.5399269761974, -31.659166456156118 ], [ -62.539949166667746, -31.659158416200484 ], [ -62.539966043209127, -31.659158477035756 ], [ -62.539988153665199, -31.659166676684027 ], [ -62.540000757734447, -31.659177548713981 ], [ -62.540010157451377, -31.6591965291428 ], [ -62.54001008633545, -31.659210964352287 ], [ -62.540028979119448, -31.659229978995317 ], [ -62.54005424061932, -31.659240896638867 ], [ -62.540098501585234, -31.659249176095955 ], [ -62.540132254701554, -31.659249297725072 ], [ -62.540176515678709, -31.659257577155206 ], [ -62.540201777203634, -31.659268494769734 ], [ -62.540220670038543, -31.659287509384693 ], [ -62.540220598954889, -31.659301944594397 ], [ -62.540229998728933, -31.659320925007194 ], [ -62.540242602847236, -31.65933179701349 ], [ -62.540264713369069, -31.659339996614236 ], [ -62.540281589944009, -31.659340057408077 ], [ -62.54030366049389, -31.659356376807615 ], [ -62.540316211323784, -31.659378075213979 ], [ -62.540325517848416, -31.659416001832493 ], [ -62.540325375712783, -31.659444872251719 ], [ -62.540334682247455, -31.659482798869242 ], [ -62.540347233101215, -31.659504497272383 ], [ -62.540369303701205, -31.659520816660621 ], [ -62.540386180309085, -31.659520877440936 ], [ -62.540408290888408, -31.659529077017122 ], [ -62.54042089505549, -31.659539949005907 ], [ -62.540430294893767, -31.659558929403858 ], [ -62.540430223841774, -31.659573364613383 ], [ -62.540411144387463, -31.659592242454217 ], [ -62.540385776162019, -31.659602977694679 ], [ -62.540341435052973, -31.659610937946276 ], [ -62.540307681804933, -31.659610816371245 ], [ -62.540263340685854, -31.659618776595579 ], [ -62.540237972436536, -31.65962951180639 ], [ -62.540218892932117, -31.659648389617843 ], [ -62.540218821847191, -31.659662824826732 ], [ -62.540209235440081, -31.659681736837094 ], [ -62.54019652464634, -31.659692517640899 ], [ -62.540174334069185, -31.659700557637862 ], [ -62.540157457429331, -31.65970049682921 ], [ -62.540135266847003, -31.659708536819338 ], [ -62.540122556041126, -31.65971931761559 ], [ -62.540112969608657, -31.659738229618309 ], [ -62.540112898507104, -31.659752664826787 ], [ -62.540093818952144, -31.659771542618696 ], [ -62.540068450642046, -31.659782277794974 ], [ -62.540024109422028, -31.659790237935006 ], [ -62.539990356110678, -31.659790116275442 ], [ -62.53994609489903, -31.659781836779182 ], [ -62.539920833266542, -31.659770919113878 ], [ -62.539901940396746, -31.659751904455625 ], [ -62.539902011530906, -31.659737469247563 ], [ -62.539883118671661, -31.659718454586528 ], [ -62.539857857063751, -31.659707536908883 ], [ -62.53981359590351, -31.659699257367059 ], [ -62.539779842626039, -31.659699135652129 ], [ -62.539735461394912, -31.659715215496512 ], [ -62.53971003968708, -31.659736777007165 ], [ -62.53969086664825, -31.65977460094809 ], [ -62.539690724314383, -31.659803471363148 ], [ -62.539681044377289, -31.659841329541987 ], [ -62.539668280123323, -31.659862936697614 ], [ -62.539646049425755, -31.659879096405763 ], [ -62.539629172754893, -31.659879035526945 ], [ -62.539606942046774, -31.659895195228142 ], [ -62.539594177768222, -31.659916802375935 ], [ -62.539584497779735, -31.659954660546305 ], [ -62.539584355411982, -31.659983530960094 ], [ -62.539583981695664, -31.660059315795696 ], [ -62.539716885735892, -31.660059795205438 ], [ -62.539767515847288, -31.660059977801318 ], [ -62.539833927849827, -31.660068337231973 ], [ -62.539871847082637, -31.660079300551402 ], [ -62.539900233161632, -31.660098349439085 ], [ -62.5399001620262, -31.660112784646302 ], [ -62.53990956181427, -31.66013176508045 ], [ -62.539922166003088, -31.660142637117694 ], [ -62.539944276687152, -31.660150836774488 ], [ -62.539961153407887, -31.660150897612102 ], [ -62.539983344110453, -31.660142857653966 ], [ -62.539996054990532, -31.660132076872966 ], [ -62.540005641488044, -31.660113164880819 ], [ -62.540005712607169, -31.660098729673354 ], [ -62.540015299099224, -31.66007981768032 ], [ -62.540028009966967, -31.660069036895937 ], [ -62.540050200644387, -31.660060996925832 ], [ -62.540067077349143, -31.660061057749282 ], [ -62.540089268021376, -31.660053017772313 ], [ -62.540101978876983, -31.660042236980409 ], [ -62.540111565343679, -31.660023324979733 ], [ -62.540111636446191, -31.660008889771859 ], [ -62.540130716046704, -31.659990011978422 ], [ -62.540156084406561, -31.65997927679059 ], [ -62.540200425705912, -31.659971316605684 ], [ -62.540234179083775, -31.659971438210313 ], [ -62.540278400431333, -31.659987837412157 ], [ -62.540303608860327, -31.66000958141348 ], [ -62.540322408584835, -31.660047542223598 ], [ -62.54032226644474, -31.66007641263997 ], [ -62.540312586733364, -31.660114270867279 ], [ -62.54029982258659, -31.660135878086184 ], [ -62.540277591931307, -31.660152037904076 ], [ -62.540260715209598, -31.660151977108313 ], [ -62.540238444559385, -31.660176256723616 ], [ -62.540225627072857, -31.660208690340408 ], [ -62.540215854006235, -31.660265494768989 ], [ -62.540215640744776, -31.660308800391356 ], [ -62.540215320851722, -31.660373758824392 ], [ -62.54021510758912, -31.660417064446044 ], [ -62.540214894326056, -31.660460370067398 ], [ -62.540214823238273, -31.660474805274436 ], [ -62.540224223126103, -31.66049378568529 ], [ -62.540236827400292, -31.660504657691654 ], [ -62.540258938198015, -31.660512857294549 ], [ -62.540275814984945, -31.660512918091165 ], [ -62.540326445346047, -31.660513100467629 ], [ -62.540377075707589, -31.66051328282402 ], [ -62.540453021250777, -31.660513556320929 ], [ -62.540503651613477, -31.660513738627099 ], [ -62.540589090351574, -31.660514046223206 ], [ -62.540652378306561, -31.660514274035307 ], [ -62.540725159455675, -31.660514535980422 ], [ -62.540758913032406, -31.660514657448125 ], [ -62.540822200989311, -31.660514885176006 ], [ -62.540872831355358, -31.660515067335716 ], [ -62.540936119313564, -31.660515295007119 ], [ -62.540969872891559, -31.660515416419024 ], [ -62.541014214380432, -31.660507455953784 ], [ -62.541039582782346, -31.660496720591564 ], [ -62.54105866229802, -31.660477842659997 ], [ -62.541058733255355, -31.660463407451232 ], [ -62.541068319573533, -31.660444495378506 ], [ -62.541081030371245, -31.660433714489166 ], [ -62.541103221047457, -31.660425674336366 ], [ -62.541120097820624, -31.660425735021196 ], [ -62.541142567834292, -31.660360856225676 ], [ -62.541155651057167, -31.660274290479727 ], [ -62.541165889097449, -31.660122754910496 ], [ -62.541166456614214, -31.660007273231358 ], [ -62.541176694602072, -31.659855737654485 ], [ -62.54118977771649, -31.659769171897238 ], [ -62.541212247517954, -31.659704293080821 ], [ -62.541229124160992, -31.659704353749998 ], [ -62.541251234859487, -31.659712553181016 ], [ -62.54126383915029, -31.659723425087392 ], [ -62.541273239178743, -31.659742405424517 ], [ -62.541273168256559, -31.659756840635332 ], [ -62.541282568290185, -31.659775820971717 ], [ -62.541295172593124, -31.659786692875038 ], [ -62.541317283316971, -31.659794892294727 ], [ -62.541334159976628, -31.659794952950168 ], [ -62.541356190932738, -31.659819391975375 ], [ -62.541368688888682, -31.659851916687689 ], [ -62.541377902821921, -31.659908789445161 ], [ -62.541377690102422, -31.659952095077013 ], [ -62.541405890336094, -31.660009036060373 ], [ -62.541443703390684, -31.66004165173015 ], [ -62.541510035794403, -31.660066249901771 ], [ -62.541560665922049, -31.660066431786305 ], [ -62.541627038238367, -31.660082910091425 ], [ -62.541664904547616, -31.660104699288215 ], [ -62.54169319800377, -31.660142693994722 ], [ -62.541693056287009, -31.66017156441622 ], [ -62.54168337711976, -31.660209422752104 ], [ -62.541670613275166, -31.660231030110687 ], [ -62.541648382831156, -31.660247190169173 ], [ -62.541631506089011, -31.66024712955452 ], [ -62.541609315499755, -31.660255169800227 ], [ -62.541596604786939, -31.660265950743288 ], [ -62.541587018594065, -31.660284862857431 ], [ -62.541586947718891, -31.660299298067656 ], [ -62.541567868345972, -31.660318176080107 ], [ -62.541542500052209, -31.660328911548678 ], [ -62.541498158690999, -31.660336872198926 ], [ -62.541464405175034, -31.660336750927339 ], [ -62.541419824512225, -31.660393430383149 ], [ -62.541394137107176, -31.660469124264608 ], [ -62.541374499254701, -31.660601679519711 ], [ -62.541374002891345, -31.660702725982585 ], [ -62.541382844637575, -31.660835383578465 ], [ -62.541395130014863, -31.660911213909838 ], [ -62.54141700171435, -31.660968132141786 ], [ -62.541433878586318, -31.66096819278604 ], [ -62.541456026818928, -31.660968814364978 ], [ -62.541468680923941, -31.660969582493486 ], [ -62.541478167953777, -31.660970881238043 ], [ -62.541478163221697, -31.660971844770032 ], [ -62.541478150800003, -31.660974374041487 ], [ -62.543162749103637, -31.660749485663835 ], [ -62.543804498777391, -31.660663808029259 ], [ -62.544864155197089, -31.66052232978171 ], [ -62.545489086260019, -31.660438888825755 ], [ -62.54548926565208, -31.66040203836123 ], [ -62.545489333991831, -31.660388000088965 ], [ -62.545479930502687, -31.66036954104672 ], [ -62.545467324179945, -31.66035896726158 ], [ -62.545445211862351, -31.660350991838822 ], [ -62.54542833509251, -31.660350931726082 ], [ -62.545406302937764, -31.660326493394653 ], [ -62.545393803508759, -31.660293969066295 ], [ -62.545384587090489, -31.660237096578758 ], [ -62.545384797953901, -31.660193790924591 ], [ -62.545385052746582, -31.660141463258743 ], [ -62.545385351468184, -31.66008011358101 ], [ -62.545341050076331, -31.660079955760736 ], [ -62.545324173355709, -31.660079895634674 ], [ -62.545302101747687, -31.660063577095347 ], [ -62.545289549662634, -31.660041879169828 ], [ -62.545280241057739, -31.660003952897423 ], [ -62.545280381664377, -31.659975082460708 ], [ -62.545271073069536, -31.659937156187336 ], [ -62.545258521008336, -31.65991545825856 ], [ -62.545236449450435, -31.659899139707935 ], [ -62.545219572762754, -31.659899079568355 ], [ -62.545197461662909, -31.659890880821408 ], [ -62.545184856886692, -31.659880009299265 ], [ -62.54517545604584, -31.65986102924305 ], [ -62.545175526364986, -31.659846594024589 ], [ -62.545156632399859, -31.659827580134216 ], [ -62.545131370132445, -31.659816663494546 ], [ -62.545087108429307, -31.659808385776927 ], [ -62.545053355087489, -31.659808265456338 ], [ -62.545009093395592, -31.659799987711775 ], [ -62.544983831153225, -31.659789071043058 ], [ -62.544964937238987, -31.659770057124621 ], [ -62.544965007590434, -31.65975562190637 ], [ -62.544946113686755, -31.659736607985145 ], [ -62.544920851468973, -31.659725691304111 ], [ -62.544876589828455, -31.659717413513942 ], [ -62.544842836520509, -31.659717293137987 ], [ -62.544798495717046, -31.659725254941137 ], [ -62.544773127948453, -31.659735991057929 ], [ -62.544754049330209, -31.659754869555567 ], [ -62.54475397894614, -31.65976930477337 ], [ -62.544744393442066, -31.659788217132675 ], [ -62.54473168315149, -31.659798998392819 ], [ -62.544709492929258, -31.65980703918169 ], [ -62.544692616259461, -31.659806978972572 ], [ -62.544670426032042, -31.659815019754593 ], [ -62.544657715729336, -31.659825801007205 ], [ -62.544648130199896, -31.659844713358865 ], [ -62.544648059799208, -31.659859148576253 ], [ -62.544638474264325, -31.659878060927053 ], [ -62.544625763949291, -31.659888842176269 ], [ -62.544603573696719, -31.65989688294632 ], [ -62.544586697010921, -31.659896822723049 ], [ -62.544564665183991, -31.65987238424767 ], [ -62.544552166108005, -31.659839859837909 ], [ -62.544542950244463, -31.659782987290807 ], [ -62.544543161494495, -31.659739681638612 ], [ -62.544533945645547, -31.659682809090107 ], [ -62.544521446604826, -31.659650284676715 ], [ -62.54449941485246, -31.659625846189844 ], [ -62.544482538215895, -31.659625785953256 ], [ -62.544460466863178, -31.659609467269597 ], [ -62.544447915034468, -31.659587769262185 ], [ -62.544438606815156, -31.659549842929341 ], [ -62.54443874767955, -31.659520972493944 ], [ -62.544448425657244, -31.659483113933774 ], [ -62.544461188758078, -31.659461506287801 ], [ -62.544483418532721, -31.659445345730973 ], [ -62.544500295136672, -31.659445405967123 ], [ -62.544522485290095, -31.659437365213531 ], [ -62.544535195554786, -31.659426583973378 ], [ -62.544544781062967, -31.659407671628788 ], [ -62.544544851478385, -31.659393236410565 ], [ -62.544554436981109, -31.659374324065091 ], [ -62.544567147233472, -31.659363542821541 ], [ -62.544589337361749, -31.65935550205598 ], [ -62.544606213949699, -31.65935556227798 ], [ -62.544628404072803, -31.659347521505573 ], [ -62.544641114313023, -31.659336740254481 ], [ -62.544650699790402, -31.659317827901372 ], [ -62.544650770189193, -31.659303392682737 ], [ -62.544660355661108, -31.659284480328751 ], [ -62.544673065889015, -31.65927369907428 ], [ -62.544695255986952, -31.65926565828989 ], [ -62.544712132558914, -31.659265718497739 ], [ -62.544734243467701, -31.659273917327774 ], [ -62.544746848109988, -31.659284788894169 ], [ -62.544756248806785, -31.659303768982323 ], [ -62.544756178424286, -31.659318204201142 ], [ -62.544794058363586, -31.659337285872517 ], [ -62.5448446353425, -31.659348292864731 ], [ -62.544933197851321, -31.659356728638794 ], [ -62.545000704207567, -31.659356969331537 ], [ -62.545089345862614, -31.659349165375655 ], [ -62.545140028369147, -31.659338519421912 ], [ -62.545178092979604, -31.659319708528599 ], [ -62.54517816329686, -31.659305273308902 ], [ -62.54515926943931, -31.659286259418341 ], [ -62.54513400731723, -31.659275342779637 ], [ -62.545089745869852, -31.659267065064665 ], [ -62.545055992723711, -31.659266944746609 ], [ -62.545011731287566, -31.659258667004671 ], [ -62.54498646919054, -31.659247750336927 ], [ -62.544967575383893, -31.659228736418292 ], [ -62.54496764573345, -31.659214301198826 ], [ -62.544948751937333, -31.659195287277406 ], [ -62.544923489864885, -31.659184370597337 ], [ -62.544879228480141, -31.659176092809801 ], [ -62.544845475367865, -31.659175972436387 ], [ -62.544801253580353, -31.65915957481106 ], [ -62.544776044319356, -31.659137831687531 ], [ -62.544757242954006, -31.659099871512701 ], [ -62.544757383717389, -31.659071001073983 ], [ -62.544776554565388, -31.659033176346952 ], [ -62.544801974922557, -31.659011613811785 ], [ -62.544846354967873, -31.658995532192247 ], [ -62.544880108014915, -31.658995652564823 ], [ -62.544924488039506, -31.658979570917896 ], [ -62.54494990834813, -31.658958008352613 ], [ -62.544969079094706, -31.65892018359504 ], [ -62.544969219791618, -31.658891313154648 ], [ -62.544959911425835, -31.658853386854361 ], [ -62.544947359579808, -31.658831688893358 ], [ -62.544925288330738, -31.658815370289087 ], [ -62.544908411839678, -31.658815310110189 ], [ -62.544886340601337, -31.658798991499228 ], [ -62.544873788779647, -31.658777293531031 ], [ -62.544864480463495, -31.658739367223578 ], [ -62.544864621191756, -31.658710496782799 ], [ -62.544874298908937, -31.658672638183099 ], [ -62.544887061798562, -31.658651030489832 ], [ -62.544909291305679, -31.658634869854264 ], [ -62.544926167764132, -31.65863493003274 ], [ -62.54494835768832, -31.658626889201912 ], [ -62.544961067792848, -31.658616107916469 ], [ -62.544970653129852, -31.658597195535894 ], [ -62.544970723477206, -31.658582760314992 ], [ -62.54496132280731, -31.658563780240769 ], [ -62.544948718236036, -31.658552908695007 ], [ -62.544926607477869, -31.658544709902646 ], [ -62.544909731035723, -31.65854464972438 ], [ -62.544887620283006, -31.658536450925293 ], [ -62.54487501572406, -31.65852557937232 ], [ -62.544865615079317, -31.658506599291123 ], [ -62.544865685442652, -31.658492164070232 ], [ -62.544837298820411, -31.658473116277271 ], [ -62.544799379635357, -31.658462154431128 ], [ -62.544732968295456, -31.658453797588969 ], [ -62.544682339019808, -31.658453616971141 ], [ -62.544615927697237, -31.658445260068206 ], [ -62.544578008550289, -31.658434298156589 ], [ -62.544549622005, -31.658415250300191 ], [ -62.544549692416929, -31.658400815079709 ], [ -62.544540291850872, -31.658381834974929 ], [ -62.544527687353444, -31.658370963387974 ], [ -62.544505576676066, -31.658362764523176 ], [ -62.544488700267792, -31.658362704289551 ], [ -62.544466589595864, -31.658354505418039 ], [ -62.544453985110771, -31.658343633823865 ], [ -62.544444584569852, -31.658324653712096 ], [ -62.54444465499779, -31.658310218491639 ], [ -62.544435254462051, -31.658291238379125 ], [ -62.544422649989087, -31.658280366781874 ], [ -62.544400539342519, -31.658272167899053 ], [ -62.544383662950857, -31.65827210765169 ], [ -62.544361473064008, -31.658280148385117 ], [ -62.544348762937268, -31.658290929611169 ], [ -62.544339177507126, -31.658309841945062 ], [ -62.544339107062903, -31.658324277165313 ], [ -62.544329521627297, -31.658343189498343 ], [ -62.54431681148823, -31.658353970720999 ], [ -62.544294621576228, -31.658362011442453 ], [ -62.544277745168586, -31.658361951180929 ], [ -62.544255555251397, -31.658369991895547 ], [ -62.544242845100193, -31.658380773110661 ], [ -62.544233259639249, -31.658399685436049 ], [ -62.544233189178399, -31.658414120655873 ], [ -62.544166645793638, -31.658432829556716 ], [ -62.544077991724741, -31.658443339483963 ], [ -62.543922899939759, -31.65845090529362 ], [ -62.543804764980948, -31.658450483070979 ], [ -62.543649752536325, -31.658441808927382 ], [ -62.543561204252612, -31.658430665667293 ], [ -62.543494845985499, -31.65841148176829 ], [ -62.543494916560498, -31.658397046549926 ], [ -62.543485516210211, -31.658378066369462 ], [ -62.543472911837448, -31.658367194679496 ], [ -62.543450801255936, -31.65835899563282 ], [ -62.543433924850824, -31.658358935259724 ], [ -62.543411734863589, -31.65836697582694 ], [ -62.543399024616448, -31.658377756957126 ], [ -62.54338943898572, -31.658396669217531 ], [ -62.543389368394429, -31.658411104435654 ], [ -62.543360796788242, -31.658429948764596 ], [ -62.543322771897174, -31.658440639308402 ], [ -62.543256281276157, -31.658448521319233 ], [ -62.543205652013803, -31.658448340115623 ], [ -62.543139240837071, -31.658439982445543 ], [ -62.543101321871298, -31.658429020096804 ], [ -62.543072935633084, -31.658409971914811 ], [ -62.543073006273289, -31.658395536697284 ], [ -62.543035127071903, -31.658376454519214 ], [ -62.542984550840544, -31.6583654468152 ], [ -62.542895989464355, -31.658357009698104 ], [ -62.542828483850862, -31.658356767898891 ], [ -62.542739922498392, -31.658348330673686 ], [ -62.542689346318539, -31.658337322853111 ], [ -62.542651467220495, -31.658318240561947 ], [ -62.542651537925614, -31.658303805345081 ], [ -62.54265167049757, -31.658276739313369 ], [ -62.542651776555012, -31.658255086487912 ], [ -62.542651909126647, -31.658228020456004 ], [ -62.542651979831447, -31.658213585238915 ], [ -62.542642579671295, -31.658194604997629 ], [ -62.542629975422258, -31.658183733225243 ], [ -62.542607864959891, -31.658175534033433 ], [ -62.542590988589929, -31.658175473549178 ], [ -62.54253086652232, -31.658175258055913 ], [ -62.542467580136076, -31.658175031190293 ], [ -62.54236948623879, -31.658174679486581 ], [ -62.54230198076209, -31.658174437410125 ], [ -62.542213340015635, -31.658182239439743 ], [ -62.542162657819773, -31.658192884235884 ], [ -62.542124593075748, -31.658211694231735 ], [ -62.54212452228942, -31.658226129447733 ], [ -62.542124389564925, -31.65825319547767 ], [ -62.542124283385199, -31.658274848301531 ], [ -62.542124150660371, -31.658301914331265 ], [ -62.54212407987373, -31.658316349547068 ], [ -62.542123947148639, -31.658343415576606 ], [ -62.542123840968443, -31.658365068400169 ], [ -62.542123708243018, -31.658392134429509 ], [ -62.542123637456058, -31.658406569645102 ], [ -62.542114051565214, -31.658425481807157 ], [ -62.542101341161846, -31.658436262806511 ], [ -62.542079151044391, -31.658444303140659 ], [ -62.542062274627092, -31.658444242586032 ], [ -62.542017974031936, -31.658444083619539 ], [ -62.542017788172771, -31.658481976059562 ], [ -62.542017717369184, -31.658496411274736 ], [ -62.541998638455667, -31.658515289361212 ], [ -62.541973270702869, -31.658526024923571 ], [ -62.541928930234654, -31.65853398573422 ], [ -62.541895177368403, -31.658533864582719 ], [ -62.54185063768189, -31.658582424407403 ], [ -62.54182500426765, -31.658647291994242 ], [ -62.541805460416576, -31.658760901144316 ], [ -62.541805035392734, -31.658847512428547 ], [ -62.541794984509252, -31.658961155654694 ], [ -62.541782008340419, -31.659026068671139 ], [ -62.541759618803681, -31.659074707985077 ], [ -62.5417427422732, -31.659074647387129 ], [ -62.541720512119454, -31.659090807463841 ], [ -62.541707748439677, -31.65911241483143 ], [ -62.541698069393746, -31.659150273175818 ], [ -62.541697927683984, -31.659179143601822 ], [ -62.541707234752415, -31.65921707012588 ], [ -62.541719785891992, -31.659238768397614 ], [ -62.541741856672751, -31.659255087550832 ], [ -62.541758733235845, -31.659255148149203 ], [ -62.541780804027347, -31.659271467295753 ], [ -62.54179335519126, -31.659293165560289 ], [ -62.541802662309308, -31.659331092077181 ], [ -62.541802520630874, -31.659359962502798 ], [ -62.541792841596319, -31.65939782085302 ], [ -62.541780077890301, -31.659419428226588 ], [ -62.541757847660065, -31.659435588308199 ], [ -62.541740971064364, -31.659435527709402 ], [ -62.541718780678075, -31.659443567977096 ], [ -62.541706070089468, -31.659454348933597 ], [ -62.54169648400412, -31.659473261059368 ], [ -62.541696413148131, -31.659487696271633 ], [ -62.541677333965104, -31.659506574304636 ], [ -62.54165196590538, -31.659517309798552 ], [ -62.54160762493936, -31.659525270491592 ], [ -62.541573871716288, -31.659525149251735 ], [ -62.54152953074022, -31.659533109917533 ], [ -62.541504162656643, -31.659543845381794 ], [ -62.541485083423503, -31.659562723385388 ], [ -62.541485012534572, -31.659577158597038 ], [ -62.541475426391735, -31.659596070705298 ], [ -62.541462715754349, -31.659606851636845 ], [ -62.54144052530382, -31.659614891855327 ], [ -62.541423648676449, -31.659614831214267 ], [ -62.541401537985465, -31.659606631813062 ], [ -62.541388933694037, -31.659595759920069 ], [ -62.54137953365634, -31.65957677959096 ], [ -62.541379604561577, -31.659562344379509 ], [ -62.541360711433533, -31.659543329934174 ], [ -62.541335449696163, -31.659532412547524 ], [ -62.54129118848104, -31.659524133517483 ], [ -62.541257435259872, -31.659524012193931 ], [ -62.541213094258808, -31.659531972749544 ], [ -62.54118772613996, -31.65954270815055 ], [ -62.54116864684368, -31.659561586106232 ], [ -62.541168575905836, -31.659576021317239 ], [ -62.541158989699333, -31.659594933401131 ], [ -62.541146279025973, -31.65960571430082 ], [ -62.541124088549182, -31.659613754464019 ], [ -62.541107211922764, -31.659613693781115 ], [ -62.541085101260549, -31.659605494325351 ], [ -62.541072497006517, -31.659594622401467 ], [ -62.541063097033579, -31.659575642049656 ], [ -62.54106316798773, -31.659561206838834 ], [ -62.541053768019957, -31.659542226486284 ], [ -62.541041163778068, -31.659531354559309 ], [ -62.541019053141206, -31.659523155092248 ], [ -62.541002176531414, -31.659523094395613 ], [ -62.540980065900008, -31.659514894921827 ], [ -62.540967461670434, -31.659504022987637 ], [ -62.540958061727821, -31.659485042628106 ], [ -62.540958132697966, -31.659470607417308 ], [ -62.540958318994342, -31.659432714988796 ], [ -62.540923511020729, -31.659432589783286 ], [ -62.54086971688011, -31.659432396265188 ], [ -62.540835963694093, -31.659432274830479 ], [ -62.540791702572875, -31.659423995627936 ], [ -62.54076644093562, -31.659413078129393 ], [ -62.540747547963434, -31.659394063594313 ], [ -62.540747618965867, -31.659379628383725 ], [ -62.540747792034082, -31.659344442557803 ], [ -62.540747951789101, -31.6593119633337 ], [ -62.540748178108245, -31.659265951099272 ], [ -62.540748320112165, -31.659237080677485 ], [ -62.540748546430471, -31.659191068442517 ], [ -62.540748706184267, -31.659158589217622 ], [ -62.540748879250586, -31.659123403390478 ], [ -62.540748950252052, -31.659108968179272 ], [ -62.540758536490046, -31.659090056125084 ], [ -62.540771247136703, -31.659079275262894 ], [ -62.540793437515454, -31.65907123515947 ], [ -62.540810314043071, -31.659071295882949 ], [ -62.540832504416642, -31.659063255772651 ], [ -62.540845215051171, -31.659052474902946 ], [ -62.540854801263805, -31.659033562841106 ], [ -62.540854872248659, -31.659019127629488 ], [ -62.540864458455836, -31.659000215566781 ], [ -62.54087716907803, -31.658989434693673 ], [ -62.540899359426454, -31.658981394571402 ], [ -62.540916235938077, -31.658981455280724 ], [ -62.540938426281308, -31.658973415151621 ], [ -62.54095113689138, -31.658962634270967 ], [ -62.540960723073198, -31.658943722200615 ], [ -62.540960794041425, -31.658929286988592 ], [ -62.540956914723395, -31.658921453823755 ], [ -62.540960909364699, -31.658905829768969 ], [ -62.540960980332784, -31.658891394556846 ], [ -62.540916679532316, -31.658891235206085 ], [ -62.540899803036986, -31.658891174496986 ], [ -62.540877692563733, -31.658882975006172 ], [ -62.540865088430564, -31.658872103061711 ], [ -62.540855688570815, -31.658853122693575 ], [ -62.540855759555029, -31.658838687481545 ], [ -62.54084635970046, -31.658819707112666 ], [ -62.540833755579428, -31.658808835165139 ], [ -62.540811645131512, -31.65880063566301 ], [ -62.540794768652802, -31.658800574940184 ], [ -62.540772658210358, -31.658792375431343 ], [ -62.540760054101661, -31.65878150347659 ], [ -62.540750654272237, -31.658762523100737 ], [ -62.540750725272432, -31.658748087888714 ], [ -62.54076031147207, -31.658729175832974 ], [ -62.540773022068855, -31.658718394969529 ], [ -62.540795212361289, -31.658710354864521 ], [ -62.540812088823678, -31.65871041558713 ], [ -62.540834358971416, -31.658686135861412 ], [ -62.540847176031392, -31.658653702171765 ], [ -62.540856948533083, -31.658596897675281 ], [ -62.540857161482862, -31.65855359203734 ], [ -62.540838455001889, -31.65849668508119 ], [ -62.540813300093156, -31.658464114773469 ], [ -62.540769119302951, -31.658439595951862 ], [ -62.540735366476319, -31.658439474493946 ], [ -62.54069110583395, -31.658431195259794 ], [ -62.540665844475818, -31.658420277742302 ], [ -62.540646951722579, -31.658401263191475 ], [ -62.540647022737815, -31.658386827978845 ], [ -62.540637622970173, -31.658367847594093 ], [ -62.540625018934023, -31.658356975625999 ], [ -62.540602908611397, -31.65834877608831 ], [ -62.540586032214861, -31.658348715338647 ], [ -62.540563961850907, -31.658332395987184 ], [ -62.540551411100516, -31.658310697602413 ], [ -62.540542104588248, -31.658272770994021 ], [ -62.540542246650368, -31.658243900568571 ], [ -62.540551926065078, -31.65820604231007 ], [ -62.540564689884199, -31.658184435056363 ], [ -62.540586920017546, -31.65816827517855 ], [ -62.540603796381475, -31.65816833592778 ], [ -62.540625986556748, -31.658160295850394 ], [ -62.540638697090571, -31.658149514998779 ], [ -62.540648283249752, -31.658130602949317 ], [ -62.540648354264029, -31.658116167736068 ], [ -62.540638954522649, -31.658097187350862 ], [ -62.54062635052248, -31.658086315382775 ], [ -62.540604240263512, -31.658078115845591 ], [ -62.540587363915897, -31.658078055096571 ], [ -62.5405652536624, -31.658069855552665 ], [ -62.540552649674552, -31.658058983577359 ], [ -62.540543249958318, -31.658040003185178 ], [ -62.540543320988576, -31.658025567971947 ], [ -62.540533921277536, -31.658006587579017 ], [ -62.540521317301817, -31.657995715600652 ], [ -62.540499207073665, -31.657987516045431 ], [ -62.540482330742662, -31.657987455282676 ], [ -62.540460140596629, -31.657995495335587 ], [ -62.540447430063615, -31.658006276169647 ], [ -62.540437843877029, -31.658025188204157 ], [ -62.540437772830465, -31.65803962341716 ], [ -62.54040920075181, -31.658058467081815 ], [ -62.540371175686033, -31.658069156745032 ], [ -62.540304685100786, -31.658077037218693 ], [ -62.540254056060775, -31.658076854846101 ], [ -62.540187565460947, -31.658084735258566 ], [ -62.540149540359934, -31.658095424855361 ], [ -62.540120968206715, -31.658114268454604 ], [ -62.54012089711091, -31.658128703666769 ], [ -62.540082831989821, -31.65814751305016 ], [ -62.540032149580966, -31.658158156998141 ], [ -62.539943508680814, -31.658165957449594 ], [ -62.539876003233395, -31.658165714090039 ], [ -62.539787442355347, -31.658157274819992 ], [ -62.539736866641967, -31.658146265833306 ], [ -62.53969898823572, -31.658127182671745 ], [ -62.539699059396753, -31.658112747460411 ], [ -62.539689659849586, -31.658093767007117 ], [ -62.539677055961626, -31.658082894946322 ], [ -62.539654945788982, -31.658074695245478 ], [ -62.53963806944423, -31.658074634370934 ], [ -62.539615959277043, -31.658066434663365 ], [ -62.539603355401397, -31.658055562595361 ], [ -62.539593955879383, -31.658036582135082 ], [ -62.539594027056395, -31.658022146923777 ], [ -62.539591209387787, -31.658003190207094 ], [ -62.539587381320096, -31.6579923497961 ], [ -62.53958062881955, -31.657984205485079 ], [ -62.539575453552416, -31.657984186814659 ], [ -62.539561868476206, -31.657984137803812 ], [ -62.539568643710339, -31.658003093333033 ], [ -62.539570963708258, -31.658009584145741 ], [ -62.539571224752621, -31.658010314486916 ], [ -62.539577999990499, -31.658029270015597 ], [ -62.539577540815074, -31.658122390650448 ], [ -62.539577365890565, -31.658157865177632 ], [ -62.539576906712206, -31.6582509858106 ], [ -62.539546981540767, -31.658298285557994 ], [ -62.539535581467412, -31.658316304507373 ], [ -62.539505656253802, -31.658363604244208 ], [ -62.539305683856014, -31.658373041338955 ], [ -62.539229503885387, -31.658376636340133 ], [ -62.5390295314374, -31.658386073001601 ], [ -62.538942796059317, -31.658312954994017 ], [ -62.538909754046259, -31.658285100499551 ], [ -62.538823018855794, -31.658211982411203 ], [ -62.538734396381152, -31.658120232985659 ], [ -62.53870063548414, -31.658085280807452 ], [ -62.538612013249505, -31.657993531297404 ], [ -62.538618360079141, -31.657950275115564 ], [ -62.53862077791738, -31.657933796569917 ], [ -62.53862551710673, -31.657901497059697 ], [ -62.538627124738539, -31.657890540387154 ], [ -62.538546185564826, -31.657890247760793 ], [ -62.538515351594199, -31.657890136270584 ], [ -62.538474922142164, -31.657881870123106 ], [ -62.53845185018136, -31.657870960086239 ], [ -62.538434599731133, -31.657851951148881 ], [ -62.538434671086854, -31.657837515939491 ], [ -62.538406285992444, -31.657818466728532 ], [ -62.538368367852115, -31.657807502980184 ], [ -62.538301957596204, -31.657799142800513 ], [ -62.538251328721159, -31.657798959634881 ], [ -62.5381849184826, -31.657790599394463 ], [ -62.538147000380398, -31.657779635580649 ], [ -62.538118615362947, -31.657760586306242 ], [ -62.538118686767262, -31.65774615109731 ], [ -62.538109287578799, -31.657727170529945 ], [ -62.538096683925822, -31.657716298314693 ], [ -62.538074573981923, -31.657708098341732 ], [ -62.538057697707188, -31.657708037258843 ], [ -62.538035587768753, -31.657699837279164 ], [ -62.538022984128098, -31.657688965056696 ], [ -62.538013584964787, -31.657669984482368 ], [ -62.538013656385097, -31.657655549273429 ], [ -62.537985271432632, -31.657636499969634 ], [ -62.537947353416989, -31.657625536097058 ], [ -62.537880943330855, -31.657617175699681 ], [ -62.537830314557482, -31.657616992367981 ], [ -62.53776382409756, -31.65762487151942 ], [ -62.537725798916462, -31.65763556039396 ], [ -62.53769722642312, -31.657654403448593 ], [ -62.537697154953911, -31.657668838656871 ], [ -62.537687568248515, -31.657687750480793 ], [ -62.537674857441338, -31.657698531036608 ], [ -62.53765266712891, -31.65770657060007 ], [ -62.537635790855461, -31.657706509461384 ], [ -62.537613600537846, -31.657714549017996 ], [ -62.537600889718547, -31.657725329566272 ], [ -62.537591302987785, -31.657744241382549 ], [ -62.537591231501949, -31.657758676590415 ], [ -62.537581644765737, -31.657777588405807 ], [ -62.537568933934111, -31.657788368950701 ], [ -62.537546743591349, -31.657796408495312 ], [ -62.537529867301913, -31.657796347342483 ], [ -62.537507690743496, -31.657801602856868 ], [ -62.537494998286654, -31.657808671363014 ], [ -62.53748544370292, -31.657821087116226 ], [ -62.53748539671642, -31.657830572948789 ], [ -62.537485273376738, -31.657855473259211 ], [ -62.537706480306063, -31.658702915215486 ], [ -62.537790750643531, -31.659025750126141 ], [ -62.538011962986097, -31.659873191450885 ] ] ], [ [ [ -62.546712312728438, -31.658160307099045 ], [ -62.546673482174342, -31.658161471487876 ], [ -62.546668019354868, -31.658158684145437 ], [ -62.546666314545341, -31.658157814285399 ], [ -62.546665938280867, -31.658157622300635 ], [ -62.546665153588066, -31.658157221919883 ], [ -62.546660475461834, -31.658154834957866 ], [ -62.546660403768655, -31.658169601424387 ], [ -62.54666037645697, -31.658175226744945 ], [ -62.546650847646156, -31.658182576257492 ], [ -62.546638169875806, -31.658186750285857 ], [ -62.546616004260805, -31.658189835842077 ], [ -62.546599127878835, -31.658189775887809 ], [ -62.546576938197489, -31.658197817008517 ], [ -62.546564228335036, -31.658208598457868 ], [ -62.546554643360174, -31.658227510962714 ], [ -62.546554573258675, -31.658241946187587 ], [ -62.546544988278349, -31.658260858691559 ], [ -62.546532278403589, -31.658271640137503 ], [ -62.546510088697076, -31.658279681246267 ], [ -62.546493212299112, -31.658279621277838 ], [ -62.546471022587426, -31.658287662379735 ], [ -62.546458312700523, -31.658298443818154 ], [ -62.546448727694859, -31.658317356314495 ], [ -62.546448657576732, -31.658331791538949 ], [ -62.546439072565605, -31.658350704034408 ], [ -62.546426362666381, -31.658361485469431 ], [ -62.546404172929542, -31.658369526559362 ], [ -62.546387296515583, -31.658369466576783 ], [ -62.546365106773557, -31.658377507659875 ], [ -62.546352396862204, -31.658388289087366 ], [ -62.546342811825724, -31.65840720157518 ], [ -62.546342741690978, -31.658421636799225 ], [ -62.546333156649041, -31.65844054928618 ], [ -62.54632044672536, -31.658451330710282 ], [ -62.546298256958181, -31.658459371781394 ], [ -62.546281380528235, -31.658459311784657 ], [ -62.546259269672142, -31.658451113222171 ], [ -62.546246664963142, -31.658440241803117 ], [ -62.546237264046631, -31.65842126182017 ], [ -62.546237334197684, -31.65840682659632 ], [ -62.546218440301892, -31.658387812859587 ], [ -62.546193178295013, -31.658376896430131 ], [ -62.546148917173895, -31.658368619084449 ], [ -62.546115164347562, -31.658368499049558 ], [ -62.546061370781011, -31.658368307725485 ], [ -62.546023398851993, -31.658368172659554 ], [ -62.545982262595835, -31.658368026325373 ], [ -62.545965386183141, -31.658367966287006 ], [ -62.545943196406085, -31.658376007296408 ], [ -62.545930486446757, -31.658386788681419 ], [ -62.545920901325381, -31.658405701136754 ], [ -62.545920831125414, -31.658420136359961 ], [ -62.545920660012783, -31.658455322216398 ], [ -62.54592050206238, -31.658487801468311 ], [ -62.54592027829888, -31.658533813741606 ], [ -62.545920137898001, -31.658562684187402 ], [ -62.545900967610137, -31.658600509094295 ], [ -62.545875547617108, -31.658622071853202 ], [ -62.545831167922785, -31.658638153834904 ], [ -62.545797415000514, -31.658638033715061 ], [ -62.545753153792745, -31.658629756231626 ], [ -62.545727891776366, -31.658618839710375 ], [ -62.545708997942924, -31.658599825899422 ], [ -62.545709068176137, -31.658585390677032 ], [ -62.545699667355194, -31.658566410655805 ], [ -62.545687062696665, -31.658555539182167 ], [ -62.545664951871402, -31.658547340517099 ], [ -62.545648075427039, -31.658547280436462 ], [ -62.545625964607218, -31.65853908176469 ], [ -62.545613359961017, -31.658528210283819 ], [ -62.545603959165227, -31.658509230255611 ], [ -62.545604029414427, -31.658494795033231 ], [ -62.545566149646092, -31.658475713601433 ], [ -62.545515573049791, -31.65846470689732 ], [ -62.545427011328222, -31.658456271533698 ], [ -62.54535950561916, -31.658456031072546 ], [ -62.545270785744954, -31.658480074849862 ], [ -62.54521999825706, -31.658512373693881 ], [ -62.545181749410304, -31.658569077061493 ], [ -62.545181538466096, -31.658612382725455 ], [ -62.545190754612847, -31.658669255239463 ], [ -62.545203253760633, -31.658701779593258 ], [ -62.545225285483852, -31.658726217961824 ], [ -62.545242161959564, -31.658726278098666 ], [ -62.545264233243856, -31.658742596648704 ], [ -62.545276785152225, -31.658764294579406 ], [ -62.545286093638587, -31.658802220858249 ], [ -62.545285953040143, -31.6588310913003 ], [ -62.545276275472233, -31.658868949931698 ], [ -62.545263512641739, -31.658890557663735 ], [ -62.545241283133691, -31.658906718360345 ], [ -62.54522440662538, -31.658906658223085 ], [ -62.545202177106773, -31.658922818912753 ], [ -62.545189414251716, -31.65894442663696 ], [ -62.545179736632406, -31.658982285259896 ], [ -62.545179596000082, -31.659011155700693 ], [ -62.545198397520565, -31.659049115815289 ], [ -62.545223606857292, -31.659070858856392 ], [ -62.545267828679059, -31.659087256335894 ], [ -62.54530158176123, -31.659087376597309 ], [ -62.545355375736371, -31.659087568245507 ], [ -62.54539334795443, -31.659087703512931 ], [ -62.545434484524279, -31.659087850039885 ], [ -62.545451361065837, -31.659087910149676 ], [ -62.54547359058153, -31.659071749416995 ], [ -62.545486353388981, -31.659050141664327 ], [ -62.545496030891648, -31.659012283017457 ], [ -62.545496171426123, -31.65898341257537 ], [ -62.545505848917564, -31.658945553927264 ], [ -62.545518611699968, -31.658923946170724 ], [ -62.545540841164772, -31.658907785425427 ], [ -62.545557717674036, -31.658907845520851 ], [ -62.54557982857461, -31.658916044204741 ], [ -62.545592433268645, -31.658926915688696 ], [ -62.545601834103046, -31.658945895716904 ], [ -62.545601763852268, -31.658960330938243 ], [ -62.545611164691856, -31.658979310965712 ], [ -62.54562376939802, -31.658990182446594 ], [ -62.54564588032396, -31.658998381119165 ], [ -62.545662756849843, -31.65899844120085 ], [ -62.5456848282723, -31.659014759678747 ], [ -62.545697380314706, -31.659036457568433 ], [ -62.545706688998031, -31.659074383816858 ], [ -62.545706548528152, -31.65910325425935 ], [ -62.545715857221516, -31.659141180506801 ], [ -62.54572840928779, -31.659162878393243 ], [ -62.545750480760375, -31.659179196859835 ], [ -62.545767357319193, -31.659179256927981 ], [ -62.54580849393151, -31.659179403334779 ], [ -62.54584646618931, -31.659179538467743 ], [ -62.545900260221607, -31.659179729886748 ], [ -62.54593401334018, -31.659179849981225 ], [ -62.54597827482494, -31.659188127403826 ], [ -62.546003537024404, -31.659199043876253 ], [ -62.546022431038068, -31.65921805764355 ], [ -62.546022360851573, -31.659232492865108 ], [ -62.546060241019937, -31.659251574163012 ], [ -62.546110818108268, -31.659262580654541 ], [ -62.546199380661584, -31.659271015550324 ], [ -62.546266886967715, -31.659271255572754 ], [ -62.546355291740518, -31.659312169610132 ], [ -62.546405658515191, -31.659366481651467 ], [ -62.546443170677058, -31.659461347751769 ], [ -62.54644282006597, -31.65953352386078 ], [ -62.546451852997883, -31.659628288740169 ], [ -62.546464247531553, -31.659682465803076 ], [ -62.546486200935107, -31.659723143579551 ], [ -62.546503077593961, -31.659723203551348 ], [ -62.546525267645727, -31.659715162448855 ], [ -62.546537977719936, -31.659704381007884 ], [ -62.546547562853604, -31.659685468510123 ], [ -62.546547632960149, -31.659671033288518 ], [ -62.546566711201834, -31.659652154518941 ], [ -62.546592078745867, -31.659641418043325 ], [ -62.546636419364475, -31.65963345561509 ], [ -62.546670172650508, -31.659633575516398 ], [ -62.546714434418391, -31.659641852685713 ], [ -62.546739696827885, -31.659652769013622 ], [ -62.546758591083503, -31.659671782672842 ], [ -62.546758521009572, -31.659686217894848 ], [ -62.546748935918345, -31.659705130408863 ], [ -62.546736225868131, -31.659715911871064 ], [ -62.546714035833887, -31.659723953010406 ], [ -62.546697159174407, -31.659723893066513 ], [ -62.546674772015102, -31.659772533259996 ], [ -62.546661799112535, -31.659837446795265 ], [ -62.546651754013581, -31.659951090441005 ], [ -62.546651333465562, -31.66003770176755 ], [ -62.54666027465791, -31.660151412854432 ], [ -62.54667261681184, -31.660216416309932 ], [ -62.546694531006146, -31.660265213860779 ], [ -62.546711407763468, -31.660265273805933 ], [ -62.546733556615301, -31.660265742251703 ], [ -62.546746211660505, -31.66026630690174 ], [ -62.546755700421656, -31.660267250083297 ], [ -62.546755697057826, -31.660267943009732 ], [ -62.546755688227805, -31.660269761941692 ], [ -62.546889799136927, -31.660251853600798 ], [ -62.547212026101114, -31.66020882480063 ], [ -62.547385868949156, -31.660185610220811 ], [ -62.547842206028008, -31.660124670817801 ], [ -62.547819020932174, -31.659882181838242 ], [ -62.547810188544283, -31.659789805080894 ], [ -62.547796204320058, -31.65964354560732 ], [ -62.547787003603716, -31.659547316084364 ], [ -62.547399632672956, -31.65954594288764 ], [ -62.547252062801526, -31.659545419455831 ], [ -62.547058416741415, -31.659536612379725 ], [ -62.546947791886979, -31.659525393109011 ], [ -62.546864875807174, -31.65950615217621 ], [ -62.546864945864158, -31.659491716953575 ], [ -62.546855544718269, -31.659472737017115 ], [ -62.546842939802687, -31.659461865656766 ], [ -62.54682082865974, -31.659453667190157 ], [ -62.546803952048862, -31.659453607260833 ], [ -62.546781840911365, -31.659445408787516 ], [ -62.54676923600811, -31.659434537419937 ], [ -62.546759834887368, -31.659415557476503 ], [ -62.546759904960361, -31.659401122253858 ], [ -62.546769490017361, -31.659382209737824 ], [ -62.546782200017873, -31.659371428271296 ], [ -62.546804389962212, -31.659363387118812 ], [ -62.54682126655679, -31.659363447047923 ], [ -62.546843456495957, -31.659355405888594 ], [ -62.546856166484318, -31.659344624414519 ], [ -62.546865751515973, -31.659325711890851 ], [ -62.546865821572347, -31.65931127666779 ], [ -62.546875406598545, -31.659292364143241 ], [ -62.546888116574593, -31.659281582665784 ], [ -62.546910306488606, -31.659273541494482 ], [ -62.546927183067183, -31.659273601409428 ], [ -62.546949372976002, -31.65926556023129 ], [ -62.546962082939906, -31.659254778746295 ], [ -62.546971667940767, -31.659235866214111 ], [ -62.546971737980513, -31.659221430990637 ], [ -62.546981322975903, -31.659202518457572 ], [ -62.546994032927479, -31.659191736969177 ], [ -62.547016222811159, -31.659183695779074 ], [ -62.547033099373749, -31.659183755679866 ], [ -62.547055328642237, -31.659167594669547 ], [ -62.547068091099035, -31.659145986755711 ], [ -62.547077767972318, -31.659108127983536 ], [ -62.54707790801826, -31.659079257535556 ], [ -62.5470685987762, -31.659041331381964 ], [ -62.547056046412756, -31.659019633624158 ], [ -62.547033974746448, -31.659003315381153 ], [ -62.547017098216472, -31.659003255480787 ], [ -62.546994987165931, -31.658995057044653 ], [ -62.546982382297713, -31.658984185697697 ], [ -62.546972981177611, -31.658965205768645 ], [ -62.546973051216412, -31.658950770544553 ], [ -62.54698263618306, -31.65893185801033 ], [ -62.546995346097255, -31.658921076521008 ], [ -62.54701753591619, -31.658913035329729 ], [ -62.547034412429859, -31.658913095229885 ], [ -62.547056641633084, -31.658896934218042 ], [ -62.547069404051783, -31.65887532630282 ], [ -62.547079080895074, -31.658837467528674 ], [ -62.547079220939118, -31.65880859707946 ], [ -62.54706041869759, -31.658770637233818 ], [ -62.547035209008619, -31.658748894551277 ], [ -62.546990987028096, -31.658732497681914 ], [ -62.546957234066298, -31.658732377868485 ], [ -62.546913051509271, -31.658707861158479 ], [ -62.546887894410155, -31.658675292028683 ], [ -62.546869184218743, -31.658618385922718 ], [ -62.546869394380295, -31.658575080248635 ], [ -62.546860177218058, -31.658518207845521 ], [ -62.546847677514762, -31.658485683647886 ], [ -62.546825645419254, -31.65846124555501 ], [ -62.546808768987731, -31.65846118562801 ], [ -62.54678675074252, -31.658433897343393 ], [ -62.546774269522039, -31.65839757289168 ], [ -62.546765084715481, -31.658334050048882 ], [ -62.546765319518357, -31.658285677377702 ], [ -62.546765935873211, -31.658158699114075 ], [ -62.546727105320251, -31.658159863519241 ], [ -62.546718773998379, -31.658160113347613 ], [ -62.546712312728438, -31.658160307099045 ] ] ], [ [ [ -62.545186143978164, -31.657666875661434 ], [ -62.545195913733387, -31.657610070798015 ], [ -62.545208729131424, -31.657577636649172 ], [ -62.545230997871805, -31.65755335613856 ], [ -62.545247874135548, -31.657553416272659 ], [ -62.545270103317264, -31.657537255568428 ], [ -62.545282865957219, -31.65751564782941 ], [ -62.545292543375147, -31.657477789188164 ], [ -62.545292683964135, -31.657448918739941 ], [ -62.545311854254798, -31.657411093917723 ], [ -62.545337274043298, -31.657389531265139 ], [ -62.545381653224226, -31.657373449447256 ], [ -62.545415405687436, -31.657373569672771 ], [ -62.545504005904327, -31.657373885222274 ], [ -62.545504190340779, -31.657335992757268 ], [ -62.545504260602179, -31.657321557532427 ], [ -62.545494859946999, -31.657302577493951 ], [ -62.545482255481296, -31.657291705999754 ], [ -62.545460144972317, -31.657283507300573 ], [ -62.545443268756856, -31.657283447195006 ], [ -62.545421158253333, -31.657275248489121 ], [ -62.545408553799952, -31.657264376987708 ], [ -62.545399153169932, -31.657245396942237 ], [ -62.545399223447326, -31.657230961717413 ], [ -62.545370837094822, -31.657211914041962 ], [ -62.545332918355363, -31.657200952356416 ], [ -62.545266507859708, -31.65719259579825 ], [ -62.545215879264141, -31.65719241539848 ], [ -62.545149468785816, -31.657184058779539 ], [ -62.545111550084457, -31.657173097028515 ], [ -62.545083163808897, -31.657154049289623 ], [ -62.545083234134893, -31.657139614065226 ], [ -62.545102312146035, -31.657120735505007 ], [ -62.545127679163215, -31.657109999311345 ], [ -62.545172018695261, -31.657102037378611 ], [ -62.545205771059386, -31.657102157658638 ], [ -62.545207431568578, -31.657101252926669 ], [ -62.54525018966892, -31.657077956070701 ], [ -62.545275662101787, -31.657045567009803 ], [ -62.545283564657296, -31.657022276320678 ], [ -62.545294924573795, -31.656988795954 ], [ -62.545295135452065, -31.656945490278307 ], [ -62.545247948075044, -31.656888482466513 ], [ -62.54518482073339, -31.65685577769964 ], [ -62.545074189757976, -31.65683102353962 ], [ -62.544989809094588, -31.656830722738082 ], [ -62.544879099051435, -31.656822208037511 ], [ -62.544815866336286, -31.656811155926444 ], [ -62.544768494590272, -31.656792040404266 ], [ -62.544768564963917, -31.656777605179673 ], [ -62.544740178878499, -31.656758557365105 ], [ -62.5447022603989, -31.656747595493844 ], [ -62.544635850285836, -31.656739238610481 ], [ -62.544585221940508, -31.656739057962845 ], [ -62.544518811844767, -31.656730701018727 ], [ -62.544480893403275, -31.656719739081986 ], [ -62.544452507394801, -31.656700691203977 ], [ -62.54445257781704, -31.656686255979821 ], [ -62.544443177438936, -31.656667275864613 ], [ -62.54443057318182, -31.656656404267441 ], [ -62.544408462917247, -31.656648205387523 ], [ -62.544391586819067, -31.656648145143969 ], [ -62.544369516179586, -31.656631826443785 ], [ -62.54435696476348, -31.656610128421285 ], [ -62.544347656862442, -31.656572202067302 ], [ -62.544347797738588, -31.656543331618781 ], [ -62.544337200988899, -31.656521935843699 ], [ -62.544328997056951, -31.656505371372027 ], [ -62.544303788615764, -31.656483628154 ], [ -62.544259568194796, -31.656467230346994 ], [ -62.544225816064611, -31.65646710981888 ], [ -62.544137216723833, -31.656466793390109 ], [ -62.544137031738956, -31.656504685853083 ], [ -62.544136961268435, -31.656519121077022 ], [ -62.544146361569489, -31.656538101214501 ], [ -62.544158965777356, -31.656548972839502 ], [ -62.544181075996093, -31.656557171762334 ], [ -62.544197952077326, -31.65655723203357 ], [ -62.544220062301505, -31.656565430949691 ], [ -62.544232666521701, -31.656576302567451 ], [ -62.5442420668479, -31.656595282697968 ], [ -62.544241996393374, -31.656609717921892 ], [ -62.544232411118692, -31.656628630254168 ], [ -62.544219701204483, -31.656639411472138 ], [ -62.544197511693689, -31.656647452182636 ], [ -62.544180635596149, -31.656647391911186 ], [ -62.544158446080182, -31.656655432614837 ], [ -62.54414573615383, -31.656666213825282 ], [ -62.544136150853809, -31.656685126149913 ], [ -62.54413608038265, -31.656699561373419 ], [ -62.544126495077172, -31.6567184736972 ], [ -62.544113785138492, -31.656729254904239 ], [ -62.544091595597372, -31.656737295595917 ], [ -62.544074719483838, -31.65673723531031 ], [ -62.544052529937538, -31.656745275995139 ], [ -62.544039819986736, -31.656756057194656 ], [ -62.544030234655899, -31.656774969510781 ], [ -62.544030164168127, -31.656789404733882 ], [ -62.544020578831841, -31.656808317049144 ], [ -62.544007868868704, -31.656819098245247 ], [ -62.543985679297258, -31.656827138918125 ], [ -62.543968803167729, -31.656827078618356 ], [ -62.543946613591103, -31.656835119284363 ], [ -62.54393390361583, -31.656845900472945 ], [ -62.543924318254199, -31.656864812780551 ], [ -62.5439242477498, -31.656879248003246 ], [ -62.543914662382711, -31.656898160309996 ], [ -62.54390195239511, -31.656908941495178 ], [ -62.543879762793331, -31.65691698214922 ], [ -62.54386288664783, -31.656916921835293 ], [ -62.543818586766115, -31.656916763500622 ], [ -62.543818573543454, -31.656919470104818 ], [ -62.543818401648686, -31.65695465595925 ], [ -62.543818331127675, -31.656969091181519 ], [ -62.5437992528908, -31.656987969548098 ], [ -62.543773885757624, -31.656998705476813 ], [ -62.543729546161799, -31.657006666923262 ], [ -62.543695793839127, -31.657006546253143 ], [ -62.54365145423327, -31.657014507672368 ], [ -62.543626087076234, -31.657025243571422 ], [ -62.543619535542241, -31.657031726443318 ], [ -62.543607008789238, -31.657044121908612 ], [ -62.5436069382353, -31.657058557130249 ], [ -62.543625831328839, -31.657077571250021 ], [ -62.543651092679426, -31.657088488183746 ], [ -62.543695352962608, -31.65709676638955 ], [ -62.543729105317887, -31.657096887060085 ], [ -62.543773365612303, -31.65710516523891 ], [ -62.543798626987943, -31.657116082143631 ], [ -62.543817520132372, -31.657135096235326 ], [ -62.543817449610721, -31.657149531457172 ], [ -62.54385532848049, -31.65716861340352 ], [ -62.543905904172526, -31.657179620759351 ], [ -62.543994464533682, -31.657188057167509 ], [ -62.544061969313255, -31.657188298342071 ], [ -62.544150529698129, -31.657196734642106 ], [ -62.544201105441658, -31.657207741881365 ], [ -62.544238984414768, -31.657226823714637 ], [ -62.544238913958019, -31.657241258937141 ], [ -62.544248314350703, -31.65726023906586 ], [ -62.544260918666964, -31.657271110680583 ], [ -62.544283029065049, -31.657279309586524 ], [ -62.544299905277036, -31.657279369845504 ], [ -62.544344205333736, -31.657279528014708 ], [ -62.544344350617365, -31.657249755368014 ], [ -62.544344575146198, -31.657203743095558 ], [ -62.544344716026764, -31.657174872649918 ], [ -62.544354393787053, -31.657137014081044 ], [ -62.544367156581828, -31.657115406433725 ], [ -62.544389385808756, -31.657099245882232 ], [ -62.544406261988442, -31.657099306126856 ], [ -62.544428451589596, -31.657091265381478 ], [ -62.54444116154216, -31.657080484143833 ], [ -62.544450746822321, -31.65706157179725 ], [ -62.544450817245831, -31.657047136573915 ], [ -62.54444141683269, -31.657028156459297 ], [ -62.544428812527606, -31.6570172848621 ], [ -62.544406702178151, -31.657009085981553 ], [ -62.544389826014758, -31.657009025737139 ], [ -62.544367715670759, -31.657000826849881 ], [ -62.544355111377996, -31.656989955245471 ], [ -62.544345710990015, -31.656970975123873 ], [ -62.544345781429506, -31.656956539900538 ], [ -62.544364859550441, -31.656937661451082 ], [ -62.54439022660052, -31.656926925403997 ], [ -62.544434566105011, -31.65691896372703 ], [ -62.544468318399502, -31.656919084201473 ], [ -62.544512578678678, -31.656927362123987 ], [ -62.544537840094797, -31.656938278883047 ], [ -62.544556733355662, -31.656957292866924 ], [ -62.544556662948779, -31.656971728090667 ], [ -62.544566063379925, -31.656990708197128 ], [ -62.5445786676976, -31.657001579780943 ], [ -62.544600778060783, -31.657009778631828 ], [ -62.544617654224808, -31.657009838848342 ], [ -62.544639764593434, -31.657018037692524 ], [ -62.544652368923444, -31.657028909269123 ], [ -62.544661769379736, -31.657047889368599 ], [ -62.544661698988833, -31.657062324592349 ], [ -62.54468059229994, -31.65708133855799 ], [ -62.544705853777543, -31.657092255284116 ], [ -62.544750114160735, -31.657100533125007 ], [ -62.544783866522337, -31.657100653516622 ], [ -62.544828126916762, -31.657108931330562 ], [ -62.544853388419419, -31.657119848027655 ], [ -62.544872281781402, -31.65713886196523 ], [ -62.544872211422799, -31.65715329718919 ], [ -62.544862626217942, -31.657172209567872 ], [ -62.544849916300876, -31.657182990847677 ], [ -62.544827726713166, -31.657191031666361 ], [ -62.544810850515908, -31.657190971477323 ], [ -62.544788621338945, -31.657207132102464 ], [ -62.544775858628334, -31.657228739792416 ], [ -62.544771019829433, -31.657247669093454 ], [ -62.544766181028528, -31.657266598394244 ], [ -62.544766040277764, -31.657295468841159 ], [ -62.544775348417453, -31.65733339516262 ], [ -62.544787900026364, -31.657355093143359 ], [ -62.544809970909213, -31.657371411771628 ], [ -62.544826847139085, -31.657371471961106 ], [ -62.544848957611784, -31.657379670769558 ], [ -62.544861562014688, -31.657390542325565 ], [ -62.544870962549162, -31.65740952240931 ], [ -62.544870892189614, -31.657423957632666 ], [ -62.544880292729268, -31.657442937715661 ], [ -62.544892897144308, -31.657453809268592 ], [ -62.544915007642345, -31.657462008065739 ], [ -62.544931883888843, -31.657462068241472 ], [ -62.544953994392337, -31.657470267031908 ], [ -62.544966598819705, -31.657481138577605 ], [ -62.544975999384512, -31.65750011865363 ], [ -62.544975929040945, -31.65751455387699 ], [ -62.544966343818963, -31.657533466262244 ], [ -62.544953633864033, -31.657544247551417 ], [ -62.544931444198767, -31.657552288386949 ], [ -62.544914567935983, -31.657552228211017 ], [ -62.544892378265537, -31.657560269039696 ], [ -62.544879668298478, -31.657571050321334 ], [ -62.544870083051137, -31.657589962698953 ], [ -62.544870012690957, -31.657604397921894 ], [ -62.544869827995228, -31.657642290381983 ], [ -62.544914128227617, -31.657642448355006 ], [ -62.544931004506743, -31.657642508531158 ], [ -62.544953075482205, -31.657658827134838 ], [ -62.544965627175429, -31.657680525097781 ], [ -62.544974935432734, -31.65771845140355 ], [ -62.544974794744029, -31.657747321849254 ], [ -62.544993595932972, -31.657785281998326 ], [ -62.545018804884066, -31.657807025080515 ], [ -62.54506302607323, -31.657823422628251 ], [ -62.545096778697598, -31.657823542939553 ], [ -62.545098439220745, -31.657822638209229 ], [ -62.545141197680465, -31.65779934139578 ], [ -62.545166670350874, -31.657766952362493 ], [ -62.545174572996849, -31.657743661683586 ], [ -62.545185933043406, -31.657710181331577 ], [ -62.545186143978164, -31.657666875661434 ] ] ], [ [ [ -62.546601042877526, -31.657925874998146 ], [ -62.546628011112176, -31.657906432178496 ], [ -62.546637201843303, -31.657899806093521 ], [ -62.546638284722434, -31.657899025388481 ], [ -62.546665252941594, -31.657879582560721 ], [ -62.546698872532595, -31.657873955321737 ], [ -62.546711679994807, -31.657871811609319 ], [ -62.546745299580358, -31.657866184358028 ], [ -62.546915973246456, -31.657861043729564 ], [ -62.546948482514374, -31.657860064536337 ], [ -62.546980991781737, -31.657859085334813 ], [ -62.547151665425915, -31.657853944390894 ], [ -62.547268603503063, -31.657846313949115 ], [ -62.547313151337306, -31.657843407085902 ], [ -62.547430089389941, -31.657835776495872 ], [ -62.547458406665072, -31.657815188952206 ], [ -62.547469194195173, -31.657807346076737 ], [ -62.547497511453095, -31.657786758524125 ], [ -62.547544772879732, -31.657748815289843 ], [ -62.547553775051888, -31.657741588005074 ], [ -62.547562777222652, -31.65773436071963 ], [ -62.547610038596289, -31.657696417460368 ], [ -62.547517080652675, -31.656724131246886 ], [ -62.547481668578058, -31.656353736446945 ], [ -62.547388713129841, -31.655381449960846 ], [ -62.547330567186734, -31.655360935964932 ], [ -62.547308416358064, -31.655353121102404 ], [ -62.547250270450611, -31.65533260707015 ], [ -62.547085619889891, -31.655343516205257 ], [ -62.547053923666937, -31.655345616254664 ], [ -62.547022895857353, -31.655347672010279 ], [ -62.546858245247236, -31.655358580851541 ], [ -62.546777055946713, -31.655337604606849 ], [ -62.546746126699126, -31.655329613642969 ], [ -62.546664937449798, -31.655308637327312 ], [ -62.546593156440636, -31.655287119717528 ], [ -62.546565811303125, -31.655278922522292 ], [ -62.54649403034027, -31.655257404857064 ], [ -62.546397255487321, -31.655263956941592 ], [ -62.546378822180564, -31.655265204949341 ], [ -62.546360388873353, -31.655266452954439 ], [ -62.546263614002946, -31.655273004937431 ], [ -62.54620798459937, -31.65524579787429 ], [ -62.546186792454201, -31.65523543327247 ], [ -62.546131163095673, -31.655208226176093 ], [ -62.545827624089526, -31.655261714389066 ], [ -62.545760485815229, -31.655273545073239 ], [ -62.545711990093288, -31.655282090660258 ], [ -62.545492735716053, -31.655320725928586 ], [ -62.545408450619234, -31.655335577871174 ], [ -62.545408342077458, -31.655357874834809 ], [ -62.545408300728191, -31.655366368916152 ], [ -62.545417739134635, -31.655377551208364 ], [ -62.545430365027372, -31.655383966848888 ], [ -62.545452491352862, -31.655388823655809 ], [ -62.545469367225955, -31.655388883756956 ], [ -62.545491477289289, -31.65539708245274 ], [ -62.545504081503161, -31.655407953946852 ], [ -62.545513481974446, -31.655426933988505 ], [ -62.545513411719654, -31.655441369217634 ], [ -62.545522812196118, -31.655460349258544 ], [ -62.545535416422133, -31.655471220749568 ], [ -62.545557526510819, -31.655479419434052 ], [ -62.545574402400518, -31.655479479521475 ], [ -62.545596512494662, -31.655487678199236 ], [ -62.54560911673299, -31.655498549683045 ], [ -62.545618517234601, -31.655517529716985 ], [ -62.54561844699581, -31.655531964946121 ], [ -62.545627847502601, -31.655550944979325 ], [ -62.545640451753073, -31.655561816460047 ], [ -62.545662561872568, -31.6555700151265 ], [ -62.54567943777888, -31.655570075200181 ], [ -62.545701547903825, -31.655578273859941 ], [ -62.545714152166617, -31.655589145333447 ], [ -62.545723552698561, -31.655608125359649 ], [ -62.545723482475744, -31.6556225605888 ], [ -62.545732883012874, -31.65564154061428 ], [ -62.545745487287789, -31.655652412084716 ], [ -62.545767597438093, -31.655660610733143 ], [ -62.545784473361024, -31.65566067079309 ], [ -62.54580654402357, -31.655676989251226 ], [ -62.545819095655716, -31.655698687136322 ], [ -62.545828404073269, -31.655736613392992 ], [ -62.545828263659303, -31.655765483851091 ], [ -62.545818586644451, -31.655803342546818 ], [ -62.545805824366894, -31.655824950348574 ], [ -62.545783595688142, -31.655841111155151 ], [ -62.545766719732597, -31.655841051094793 ], [ -62.545744530542159, -31.655849092078299 ], [ -62.545731820907847, -31.655859873450819 ], [ -62.545722236012409, -31.655878785900764 ], [ -62.545722165788646, -31.655893221129297 ], [ -62.545731566352039, -31.655912201154315 ], [ -62.545744170662935, -31.655923072624763 ], [ -62.545766280876897, -31.65593127127369 ], [ -62.545783156848742, -31.655931331334259 ], [ -62.545805188080671, -31.6559557696086 ], [ -62.545817687092189, -31.655988293914604 ], [ -62.545826903388559, -31.656045166407207 ], [ -62.545826692764301, -31.656088472092204 ], [ -62.54582664888418, -31.656097494109872 ], [ -62.545826508467705, -31.656126364566351 ], [ -62.545845309686612, -31.656164324599764 ], [ -62.545870518405437, -31.656186067516977 ], [ -62.54591473898396, -31.656202464767926 ], [ -62.545948491026422, -31.656202584848515 ], [ -62.545992830060278, -31.656194622624778 ], [ -62.546018196724376, -31.656183886249202 ], [ -62.546037274350532, -31.656165007542786 ], [ -62.546037344526326, -31.656150572314228 ], [ -62.546027943877114, -31.656131592311624 ], [ -62.546015339504983, -31.656120720869001 ], [ -62.54599322922396, -31.656112522262838 ], [ -62.545976353218883, -31.656112462229736 ], [ -62.545954282424333, -31.65609614380082 ], [ -62.545941730708378, -31.656074445929573 ], [ -62.545932422212765, -31.656036519682448 ], [ -62.545932562596015, -31.656007649225128 ], [ -62.545942239587021, -31.655969790521752 ], [ -62.5459550018534, -31.655948182706741 ], [ -62.545977230528614, -31.65593202187053 ], [ -62.545994106501077, -31.65593208190322 ], [ -62.546016295690393, -31.655924040876393 ], [ -62.546029005301058, -31.655913259475433 ], [ -62.546038590138295, -31.655894347001997 ], [ -62.546038660313151, -31.655879911772821 ], [ -62.546048245144931, -31.655860999298522 ], [ -62.546060954743261, -31.655850217894152 ], [ -62.546083143907424, -31.655842176855359 ], [ -62.546100019863914, -31.655842236873902 ], [ -62.546122130090858, -31.655850435461389 ], [ -62.54613473443947, -31.655861306893708 ], [ -62.546144135083992, -31.655880286889204 ], [ -62.54614406492545, -31.65589472211856 ], [ -62.546162958308024, -31.655913735868857 ], [ -62.546188219648606, -31.655924652302218 ], [ -62.5462324796177, -31.655932929626566 ], [ -62.546266231564225, -31.65593304962221 ], [ -62.546310333745254, -31.655973806186086 ], [ -62.546335384731726, -31.656028028278957 ], [ -62.546353910015469, -31.656122826955222 ], [ -62.546353559381046, -31.656195003101143 ], [ -62.546362591942831, -31.65628976803244 ], [ -62.546374986006306, -31.656343945127663 ], [ -62.546396938604509, -31.656384622932993 ], [ -62.546413814659765, -31.656384682910947 ], [ -62.546435885603188, -31.656401001261052 ], [ -62.546448437477515, -31.656422699084075 ], [ -62.54645774621968, -31.656460625293633 ], [ -62.546457605996309, -31.656489495750979 ], [ -62.5464669147485, -31.656527421959563 ], [ -62.546479466646709, -31.656549119779349 ], [ -62.546501537640246, -31.65656543811814 ], [ -62.546518413728421, -31.656565498082568 ], [ -62.54654068188642, -31.656541217334134 ], [ -62.54655349666762, -31.656508783039044 ], [ -62.546563265462133, -31.656451978051724 ], [ -62.546563475747803, -31.656408672364755 ], [ -62.546582737302977, -31.656351901100333 ], [ -62.54660820907575, -31.656319511763598 ], [ -62.546652626953161, -31.656295309677674 ], [ -62.546686379032636, -31.656295429563428 ], [ -62.546730639223426, -31.656303706716599 ], [ -62.54675590073672, -31.656314623038547 ], [ -62.546774794328911, -31.656333636698978 ], [ -62.546774724266605, -31.656348071928576 ], [ -62.546784125089545, -31.656367051877165 ], [ -62.54679672958504, -31.656377923244602 ], [ -62.546818840000945, -31.656386121712487 ], [ -62.546835716057451, -31.656386181634645 ], [ -62.546857747672966, -31.656410619729151 ], [ -62.546870247111265, -31.656443143933771 ], [ -62.54687946409102, -31.656500016352762 ], [ -62.546879253951147, -31.656543322040992 ], [ -62.546869485338284, -31.656600127053427 ], [ -62.54685667065349, -31.656632561380693 ], [ -62.546834402554872, -31.656656842184468 ], [ -62.546817526449445, -31.65665678226167 ], [ -62.546795258334882, -31.656681063058397 ], [ -62.546782443612926, -31.656713497377439 ], [ -62.546772674922138, -31.656770302380231 ], [ -62.546772464730523, -31.656813608065978 ], [ -62.546762696022405, -31.656870413066969 ], [ -62.546749881262365, -31.656902847381428 ], [ -62.546727613070857, -31.656927128164689 ], [ -62.546710736916829, -31.656927068227322 ], [ -62.546688665801604, -31.656910749924474 ], [ -62.546676113806988, -31.656889052125585 ], [ -62.546666804935462, -31.656851125933269 ], [ -62.546666945096121, -31.656822255476712 ], [ -62.546657636234634, -31.656784329283433 ], [ -62.546645084263901, -31.6567626314813 ], [ -62.54662301319879, -31.656746313167151 ], [ -62.546606137077688, -31.656746253216248 ], [ -62.546584026596072, -31.656738054711372 ], [ -62.546571422077541, -31.656727183323298 ], [ -62.546562021262716, -31.656708203360182 ], [ -62.546562091358886, -31.656693768131817 ], [ -62.54654319773848, -31.656674754440701 ], [ -62.546517936153712, -31.656663838076586 ], [ -62.546473675812415, -31.656655560848684 ], [ -62.546439923603771, -31.656655440905457 ], [ -62.54639546605614, -31.656687762729664 ], [ -62.546369941513568, -31.656730978441395 ], [ -62.54635058770382, -31.656806695904766 ], [ -62.546350307186849, -31.656864436815333 ], [ -62.546340446169616, -31.656940188017067 ], [ -62.546327578653688, -31.65698344870777 ], [ -62.546305270881923, -31.657015849231101 ], [ -62.54628839471286, -31.657015789237729 ], [ -62.546266205285733, -31.657023830308276 ], [ -62.546253495549344, -31.657034611729809 ], [ -62.546243910635404, -31.657053524215332 ], [ -62.546243840489076, -31.657067959442241 ], [ -62.546234255569686, -31.657086871926886 ], [ -62.546221545820977, -31.657097653345037 ], [ -62.546199356368696, -31.657105694403601 ], [ -62.546182480183639, -31.657105634396082 ], [ -62.546160369655475, -31.657097435817814 ], [ -62.546147765138819, -31.657086564388518 ], [ -62.546138364375274, -31.657067584395744 ], [ -62.546138434537916, -31.657053149169023 ], [ -62.546119540932814, -31.657034135416374 ], [ -62.546094279301954, -31.65702321896859 ], [ -62.546050018830172, -31.657014941592973 ], [ -62.546016266493616, -31.657014821536489 ], [ -62.545971729666583, -31.657063382838011 ], [ -62.545946099535321, -31.657128251298936 ], [ -62.545926561032203, -31.657241861157356 ], [ -62.545926139856, -31.657328472512003 ], [ -62.545906601283605, -31.657442082363215 ], [ -62.545880970999931, -31.657506950805811 ], [ -62.545836433865126, -31.657555512053495 ], [ -62.545802681334166, -31.657555391938715 ], [ -62.54575846013816, -31.657538994646551 ], [ -62.545733251084513, -31.657517251708615 ], [ -62.54571444964602, -31.657479291664597 ], [ -62.545714590104573, -31.657450421214694 ], [ -62.545724267340773, -31.657412562538617 ], [ -62.545737029858806, -31.657390954752614 ], [ -62.545759258917911, -31.657374793961605 ], [ -62.545776135150625, -31.657374854025548 ], [ -62.545798324702666, -31.657366813041843 ], [ -62.54581103453674, -31.657356031667096 ], [ -62.54582061956976, -31.657337119216102 ], [ -62.545820689782261, -31.657322683990635 ], [ -62.54581128906235, -31.657303703974872 ], [ -62.545798684559259, -31.657292832511583 ], [ -62.545776574021524, -31.657284633866961 ], [ -62.545759697805124, -31.657284573803217 ], [ -62.545737626774496, -31.657268255337598 ], [ -62.545725074955108, -31.657246557448005 ], [ -62.54571576643697, -31.657208631191736 ], [ -62.545715906893633, -31.657179760740608 ], [ -62.545706598385543, -31.657141834483394 ], [ -62.545694046590008, -31.657120136590549 ], [ -62.545671975609508, -31.657103818113608 ], [ -62.545655099426035, -31.657103758036346 ], [ -62.545632830903713, -31.657128038624716 ], [ -62.545620015716153, -31.657160472820383 ], [ -62.545610246269071, -31.657217277723149 ], [ -62.545610035534708, -31.657260583398873 ], [ -62.545600266070316, -31.657317388299823 ], [ -62.54558745084465, -31.657349822490936 ], [ -62.545565182245383, -31.657374103065823 ], [ -62.545548306013295, -31.657374042973988 ], [ -62.545504005904327, -31.657373885222274 ], [ -62.545503821467548, -31.657411777687088 ], [ -62.545503751205814, -31.657426212911709 ], [ -62.545513151874943, -31.6574451929493 ], [ -62.545525756364775, -31.657456064440417 ], [ -62.545547866920316, -31.657464263128453 ], [ -62.545564743168704, -31.657464323220506 ], [ -62.545586814214623, -31.657480641715679 ], [ -62.545599366032484, -31.65750233961807 ], [ -62.545608674530982, -31.657540265880918 ], [ -62.545608534039189, -31.657569136329968 ], [ -62.545589363834864, -31.657606961196652 ], [ -62.545563944044098, -31.657628523898715 ], [ -62.545519564771951, -31.657644605778508 ], [ -62.545485812210281, -31.657644485579613 ], [ -62.545441472445397, -31.657652447618506 ], [ -62.545416105315333, -31.657663183872597 ], [ -62.545397027254779, -31.657682062477686 ], [ -62.545396956975807, -31.65769649770148 ], [ -62.545387371819544, -31.657715410118438 ], [ -62.545374661887656, -31.657726191449463 ], [ -62.545352472214262, -31.65773423235791 ], [ -62.545335595917599, -31.657734172237333 ], [ -62.545313406239039, -31.657742213138924 ], [ -62.545300696295001, -31.657752994462417 ], [ -62.5452911111134, -31.657771906871741 ], [ -62.545291040817794, -31.657786342095115 ], [ -62.545309934402844, -31.65780535596803 ], [ -62.545335196150432, -31.657816272570884 ], [ -62.54537945693459, -31.657824550196334 ], [ -62.545413209560849, -31.65782467042396 ], [ -62.545457549409988, -31.657816708395892 ], [ -62.545482916577335, -31.657805972134167 ], [ -62.545501994646315, -31.657787093516678 ], [ -62.545502064909307, -31.657772658292867 ], [ -62.545540128805797, -31.657753847280251 ], [ -62.545590810394934, -31.657743201136221 ], [ -62.54567945047215, -31.657735396753608 ], [ -62.54574695566324, -31.657735637040659 ], [ -62.545835516733888, -31.657744072177046 ], [ -62.545886092980282, -31.657755078752288 ], [ -62.545923972524768, -31.657774160089161 ], [ -62.545923902327004, -31.657788595313793 ], [ -62.545952288967719, -31.657807642867226 ], [ -62.545990208027717, -31.657818604370718 ], [ -62.546056619037493, -31.657826960556267 ], [ -62.546107247983031, -31.657827140625756 ], [ -62.546173659010122, -31.657835496750547 ], [ -62.54621157810822, -31.657846458188565 ], [ -62.546239964825887, -31.657865505678561 ], [ -62.546239894676717, -31.657879940903619 ], [ -62.546268281410327, -31.657898988387377 ], [ -62.546306200545587, -31.657909949797517 ], [ -62.546372611650618, -31.657918305819404 ], [ -62.546423240647897, -31.657918485763986 ], [ -62.546489651770244, -31.657926841725107 ], [ -62.54652757094361, -31.657937803069771 ], [ -62.546555957754165, -31.657956850490073 ], [ -62.546555887653597, -31.657971285715572 ], [ -62.546558376045994, -31.65799024111698 ], [ -62.546561764003791, -31.658001079759977 ], [ -62.546567745505968, -31.658009220965926 ], [ -62.546572332883734, -31.658009237264135 ], [ -62.54658437475036, -31.658009280046134 ], [ -62.546591375367505, -31.657974249926422 ], [ -62.546593249980624, -31.657964869617008 ], [ -62.546594042267849, -31.657960905118731 ], [ -62.546601042877526, -31.657925874998146 ] ] ], [ [ [ -62.542957184772021, -31.655767490847612 ], [ -62.542558139403575, -31.655837797783384 ], [ -62.542557970666138, -31.655872243635294 ], [ -62.542557906385149, -31.65588536586457 ], [ -62.542567314743266, -31.655902622813393 ], [ -62.542579923504135, -31.65591250984814 ], [ -62.542602037048283, -31.655919970484092 ], [ -62.542618913010649, -31.655920030963031 ], [ -62.542641022942497, -31.655928230150785 ], [ -62.542653626891777, -31.655939101923032 ], [ -62.542663026833054, -31.655958082168098 ], [ -62.542662956136184, -31.655972517390286 ], [ -62.542672356082633, -31.655991497634602 ], [ -62.542684960044049, -31.656002369403776 ], [ -62.542707070001242, -31.656010568580211 ], [ -62.542723945980235, -31.656010629045426 ], [ -62.542746055942885, -31.656018828215164 ], [ -62.542758659916629, -31.656029699977104 ], [ -62.542768059888225, -31.656048680214454 ], [ -62.542767989207341, -31.656063115436645 ], [ -62.542777389184124, -31.656082095673256 ], [ -62.54278999316999, -31.65609296743213 ], [ -62.542812103157999, -31.656101166590545 ], [ -62.542828979153605, -31.656101227042026 ], [ -62.542851089147057, -31.656109426193733 ], [ -62.542863693145264, -31.656120297945392 ], [ -62.542873093147186, -31.656139278175004 ], [ -62.542873022482297, -31.656153713397213 ], [ -62.542882422489413, -31.656172693626104 ], [ -62.542895026499735, -31.656183565374693 ], [ -62.542917136518554, -31.656191764515086 ], [ -62.542934012530779, -31.656191824952831 ], [ -62.54295612255504, -31.65620002408652 ], [ -62.542968726577691, -31.656210895827879 ], [ -62.542978126609952, -31.656229876049789 ], [ -62.542978055961044, -31.65624431127199 ], [ -62.542977923494199, -31.65627137731358 ], [ -62.5429778705074, -31.656282203730186 ], [ -62.543022170082864, -31.656282362353828 ], [ -62.54303904611173, -31.656282422777849 ], [ -62.543061156166807, -31.656290621893508 ], [ -62.543073760213908, -31.656301493624568 ], [ -62.543083160276502, -31.656320473838761 ], [ -62.543083089643581, -31.656334909060977 ], [ -62.543149446353105, -31.656354093165557 ], [ -62.543237992617939, -31.656365236695862 ], [ -62.543393001573008, -31.656373911309466 ], [ -62.543511133897923, -31.656374333888532 ], [ -62.543666142897735, -31.656383008170756 ], [ -62.543754689256247, -31.656394151343374 ], [ -62.5438210461502, -31.656413335100282 ], [ -62.543820975631085, -31.656427770323781 ], [ -62.543849361426673, -31.65644681834106 ], [ -62.543887279681179, -31.656457780464159 ], [ -62.543953689522382, -31.656466137734892 ], [ -62.544004317715284, -31.656466318631651 ], [ -62.544137216723833, -31.656466793390109 ], [ -62.544137401708369, -31.656428900926908 ], [ -62.544137472178569, -31.65641446570276 ], [ -62.544128071891457, -31.656395485564403 ], [ -62.544115467707705, -31.656384613936329 ], [ -62.544093357535544, -31.656376415002349 ], [ -62.544076481487238, -31.656376354717594 ], [ -62.544054371320534, -31.656368155776896 ], [ -62.544041767149118, -31.656357284141635 ], [ -62.544032366887137, -31.656338303996272 ], [ -62.544032437373332, -31.656323868772137 ], [ -62.54402303711656, -31.656304888626043 ], [ -62.544010432957265, -31.656294016987697 ], [ -62.543988322815913, -31.656285818035688 ], [ -62.543971446784212, -31.656285757737194 ], [ -62.543949376303935, -31.656269438964937 ], [ -62.543936825033612, -31.656247740901261 ], [ -62.543927517337835, -31.656209814516433 ], [ -62.543927658341879, -31.65618094406797 ], [ -62.543921953630388, -31.656157698863868 ], [ -62.543918350656142, -31.656143017682179 ], [ -62.543905799409671, -31.656121319615259 ], [ -62.543883728979523, -31.656105000831705 ], [ -62.543866852980742, -31.656104940519679 ], [ -62.543844782561308, -31.656088621729445 ], [ -62.543832231339188, -31.656066923655331 ], [ -62.543822923703054, -31.656028997262389 ], [ -62.54382306473844, -31.656000126813517 ], [ -62.54381841092448, -31.655981163616659 ], [ -62.543813757112353, -31.655962200419609 ], [ -62.543801205914093, -31.655940502342258 ], [ -62.543779135544767, -31.655924183540712 ], [ -62.543762259578926, -31.655924123215172 ], [ -62.543740149547084, -31.655915924220732 ], [ -62.543727545473011, -31.655905052554576 ], [ -62.543718145319538, -31.65588607238578 ], [ -62.543718215853062, -31.655871637161251 ], [ -62.543708815704782, -31.655852656991716 ], [ -62.543696211642832, -31.655841785322476 ], [ -62.543674101636356, -31.655833586316735 ], [ -62.54365722568712, -31.655833525977449 ], [ -62.543635115686087, -31.655825326964994 ], [ -62.543622511636471, -31.655814455288542 ], [ -62.543613111513338, -31.655795475112011 ], [ -62.543613182062842, -31.655781039887508 ], [ -62.543603781944903, -31.655762059710245 ], [ -62.543591177907409, -31.655751188030717 ], [ -62.54356906793172, -31.655742989006949 ], [ -62.543552191999112, -31.655742928653932 ], [ -62.5435300741768, -31.655736335960732 ], [ -62.543517459681667, -31.655727606056999 ], [ -62.543508041266101, -31.655712373993072 ], [ -62.543508097871694, -31.65570079447928 ], [ -62.543508246461229, -31.655670398255502 ], [ -62.543109201901245, -31.655740706923176 ], [ -62.543031847772056, -31.655754335985261 ], [ -62.543017199045892, -31.655756916945808 ], [ -62.542957184772021, -31.655767490847612 ] ] ] ] } },
{ "type": "Feature", "properties": { "zona": "8", "zona_id": "8" }, "geometry": { "type": "MultiPolygon", "coordinates": [ [ [ [ -62.546439704587549, -31.660311955856042 ], [ -62.546452126791671, -31.660310297110321 ], [ -62.54648970218215, -31.660305279634056 ], [ -62.546755688227805, -31.660269761941692 ], [ -62.546755697057826, -31.660267943009746 ], [ -62.546755700421656, -31.66026725008329 ], [ -62.546750956041052, -31.660266778492613 ], [ -62.546746211660505, -31.66026630690174 ], [ -62.546733556615301, -31.660265742251703 ], [ -62.546711407763468, -31.660265273805933 ], [ -62.546694531006146, -31.660265213860772 ], [ -62.54667261681184, -31.660216416309932 ], [ -62.54666027465791, -31.660151412854432 ], [ -62.546651333465562, -31.66003770176755 ], [ -62.546651754013581, -31.659951090440995 ], [ -62.546661799112535, -31.659837446795265 ], [ -62.546674772015102, -31.659772533259996 ], [ -62.546697159174407, -31.659723893066513 ], [ -62.546714035833887, -31.659723953010406 ], [ -62.546736225868131, -31.659715911871064 ], [ -62.546748935918345, -31.659705130408863 ], [ -62.546758521009572, -31.659686217894858 ], [ -62.546758591083503, -31.659671782672831 ], [ -62.546739696827885, -31.659652769013622 ], [ -62.546714434418391, -31.659641852685713 ], [ -62.546670172650508, -31.659633575516398 ], [ -62.546636419364475, -31.65963345561509 ], [ -62.546592078745867, -31.659641418043325 ], [ -62.546566711201834, -31.659652154518941 ], [ -62.546560159683402, -31.659658637539316 ], [ -62.546547632960149, -31.659671033288518 ], [ -62.546547562853604, -31.659685468510116 ], [ -62.546537977719936, -31.659704381007884 ], [ -62.546525267645727, -31.659715162448855 ], [ -62.546503077593961, -31.659723203551348 ], [ -62.546486200935107, -31.659723143579551 ], [ -62.546464247531553, -31.659682465803076 ], [ -62.546451852997883, -31.659628288740169 ], [ -62.54644282006597, -31.65953352386078 ], [ -62.546443170677058, -31.659461347751769 ], [ -62.546405658515191, -31.659366481651467 ], [ -62.546355291740518, -31.659312169610132 ], [ -62.546266886967715, -31.659271255572754 ], [ -62.546199380661584, -31.659271015550324 ], [ -62.546110818108268, -31.659262580654541 ], [ -62.546060241019937, -31.659251574163012 ], [ -62.546022360851573, -31.659232492865122 ], [ -62.546022431038068, -31.659218057643542 ], [ -62.546003537024404, -31.659199043876253 ], [ -62.54597827482494, -31.659188127403826 ], [ -62.54593401334018, -31.659179849981225 ], [ -62.545900260221607, -31.659179729886748 ], [ -62.54584646618931, -31.659179538467743 ], [ -62.545811658286311, -31.659179414596288 ], [ -62.545809630693022, -31.659596231596364 ], [ -62.545808858265481, -31.659755019017766 ], [ -62.545817337589213, -31.659963461287411 ], [ -62.545829415812335, -31.660082596893009 ], [ -62.545851132052476, -31.660171993639047 ], [ -62.545868008790976, -31.660172053695582 ], [ -62.545890120017468, -31.660180252327162 ], [ -62.5459027249168, -31.660191123780276 ], [ -62.545912125938564, -31.660210103783662 ], [ -62.545912055732295, -31.660224539002762 ], [ -62.545921456759231, -31.660243519005402 ], [ -62.545934061670707, -31.660254390455435 ], [ -62.545956172922523, -31.660262589075685 ], [ -62.545973049677663, -31.660262649118497 ], [ -62.545995160934964, -31.66027084773205 ], [ -62.546007765858754, -31.660281719174858 ], [ -62.546017166910858, -31.660300699170513 ], [ -62.546017096720583, -31.660315134389631 ], [ -62.546026497777866, -31.660334114384554 ], [ -62.546039102713792, -31.660344985824281 ], [ -62.546061213996417, -31.660353184426516 ], [ -62.546078090768184, -31.660353244455575 ], [ -62.546100241126474, -31.660353406484905 ], [ -62.546112898165788, -31.660353562495814 ], [ -62.546122390405742, -31.660353790495964 ], [ -62.546122389686332, -31.66035393848632 ], [ -62.54612238779783, -31.66035432696107 ], [ -62.546276148793766, -31.660333795458591 ], [ -62.546388374102996, -31.660318810038547 ], [ -62.546412888517672, -31.660315536620534 ], [ -62.546439704587549, -31.660311955856042 ] ] ], [ [ [ -62.547335654121667, -31.6581775043386 ], [ -62.54714063446017, -31.658149447465114 ], [ -62.546836668883905, -31.658156578024901 ], [ -62.54680696101974, -31.658157468887147 ], [ -62.546800051418799, -31.658157676087249 ], [ -62.546797130840574, -31.658157763667337 ], [ -62.546795643738037, -31.658157808261397 ], [ -62.546765935873211, -31.658158699114075 ], [ -62.546765319518357, -31.658285677377702 ], [ -62.546765084715481, -31.658334050048882 ], [ -62.546774269522039, -31.658397572891687 ], [ -62.54678675074252, -31.658433897343393 ], [ -62.546808768987731, -31.65846118562801 ], [ -62.546825645419254, -31.65846124555501 ], [ -62.546847677514762, -31.658485683647886 ], [ -62.546860177218058, -31.658518207845521 ], [ -62.546869394380295, -31.658575080248649 ], [ -62.546869184218743, -31.658618385922711 ], [ -62.546881158738671, -31.658654805830885 ], [ -62.546887894410155, -31.65867529202869 ], [ -62.546913051509271, -31.658707861158486 ], [ -62.546957234066298, -31.658732377868485 ], [ -62.546990987028096, -31.658732497681914 ], [ -62.547035209008619, -31.658748894551277 ], [ -62.54706041869759, -31.658770637233811 ], [ -62.547079220939118, -31.658808597079464 ], [ -62.547079080895074, -31.658837467528667 ], [ -62.547069404051783, -31.65887532630282 ], [ -62.547056641633084, -31.658896934218042 ], [ -62.547034412429859, -31.658913095229885 ], [ -62.54701753591619, -31.658913035329729 ], [ -62.546995346097255, -31.658921076521008 ], [ -62.54698263618306, -31.65893185801033 ], [ -62.546973051216412, -31.658950770544553 ], [ -62.546972981177611, -31.658965205768631 ], [ -62.546982382297713, -31.658984185697697 ], [ -62.546994987165931, -31.658995057044653 ], [ -62.547017098216472, -31.659003255480787 ], [ -62.547033974746448, -31.659003315381153 ], [ -62.547056046412756, -31.659019633624155 ], [ -62.5470685987762, -31.659041331381964 ], [ -62.54707790801826, -31.659079257535563 ], [ -62.547077767972318, -31.659108127983536 ], [ -62.547068091099035, -31.659145986755711 ], [ -62.547055328642237, -31.659167594669547 ], [ -62.547033099373749, -31.659183755679866 ], [ -62.547016222811159, -31.659183695779074 ], [ -62.546994032927479, -31.659191736969177 ], [ -62.546981322975903, -31.659202518457572 ], [ -62.546971737980513, -31.659221430990637 ], [ -62.546971667940767, -31.6592358662141 ], [ -62.546962082939906, -31.659254778746295 ], [ -62.546949372976002, -31.65926556023129 ], [ -62.546927183067183, -31.659273601409428 ], [ -62.546910306488606, -31.659273541494482 ], [ -62.546888116574593, -31.659281582665784 ], [ -62.546875406598545, -31.659292364143241 ], [ -62.546865821572347, -31.65931127666779 ], [ -62.546865751515973, -31.659325711890844 ], [ -62.546856166484318, -31.659344624414519 ], [ -62.546843456495957, -31.659355405888594 ], [ -62.54682126655679, -31.659363447047923 ], [ -62.546804389962212, -31.659363387118812 ], [ -62.546782200017873, -31.659371428271296 ], [ -62.546769490017361, -31.659382209737824 ], [ -62.546759904960361, -31.659401122253858 ], [ -62.546759834887368, -31.659415557476496 ], [ -62.54676923600811, -31.659434537419937 ], [ -62.546781840911365, -31.659445408787516 ], [ -62.546803952048862, -31.659453607260833 ], [ -62.54682082865974, -31.659453667190157 ], [ -62.546842939802687, -31.659461865656766 ], [ -62.546855544718269, -31.659472737017115 ], [ -62.546864945864158, -31.659491716953589 ], [ -62.546864875807174, -31.659506152176206 ], [ -62.546947791886979, -31.659525393109011 ], [ -62.547058416741415, -31.659536612379725 ], [ -62.547252062801526, -31.659545419455831 ], [ -62.547399632672956, -31.65954594288764 ], [ -62.547787003603716, -31.659547316084364 ], [ -62.547773370422945, -31.65940472744267 ], [ -62.547740043808865, -31.659056164602156 ], [ -62.547730556664163, -31.658956938168249 ], [ -62.547727465633912, -31.658924608913775 ], [ -62.547722154484532, -31.658869059262329 ], [ -62.547675195326583, -31.658377907710541 ], [ -62.54749217716693, -31.658227316441618 ], [ -62.547426437467323, -31.658206395381594 ], [ -62.547416839558437, -31.658203340930982 ], [ -62.547414200038141, -31.658202500926553 ], [ -62.547401393780078, -31.658198425445086 ], [ -62.547335654121667, -31.6581775043386 ] ] ], [ [ [ -62.546592320668765, -31.658074983365108 ], [ -62.546590568440095, -31.658066877094473 ], [ -62.546581369244507, -31.658024319173109 ], [ -62.546582631557079, -31.658018002739794 ], [ -62.546583112438014, -31.65801559647949 ], [ -62.54658437475036, -31.658009280046134 ], [ -62.546572332883734, -31.658009237264132 ], [ -62.546567745505968, -31.658009220965926 ], [ -62.546561764003791, -31.658001079759977 ], [ -62.546558376045994, -31.65799024111698 ], [ -62.546555887653597, -31.657971285715572 ], [ -62.546555957754165, -31.657956850490059 ], [ -62.54652757094361, -31.657937803069771 ], [ -62.546489651770244, -31.657926841725107 ], [ -62.546423240647897, -31.657918485763986 ], [ -62.546372611650618, -31.657918305819404 ], [ -62.546306200545587, -31.657909949797517 ], [ -62.546268281410327, -31.657898988387377 ], [ -62.546239894676717, -31.657879940903637 ], [ -62.546239964825887, -31.657865505678554 ], [ -62.54621157810822, -31.657846458188565 ], [ -62.546173659010122, -31.657835496750547 ], [ -62.546107247983031, -31.657827140625756 ], [ -62.546056619037493, -31.657826960556267 ], [ -62.545990208027717, -31.657818604370718 ], [ -62.545952288967719, -31.657807642867226 ], [ -62.545923902327004, -31.6577885953138 ], [ -62.545923972524768, -31.657774160089147 ], [ -62.545886092980282, -31.657755078752288 ], [ -62.545835516733888, -31.657744072177046 ], [ -62.54574695566324, -31.657735637040659 ], [ -62.54567945047215, -31.657735396753608 ], [ -62.545590810394934, -31.657743201136221 ], [ -62.545540128805797, -31.657753847280251 ], [ -62.545502064909307, -31.657772658292867 ], [ -62.545501994646315, -31.657787093516671 ], [ -62.545482916577335, -31.657805972134167 ], [ -62.545457549409988, -31.657816708395892 ], [ -62.545413209560849, -31.65782467042396 ], [ -62.54537945693459, -31.657824550196334 ], [ -62.545335196150432, -31.657816272570884 ], [ -62.545309934402844, -31.65780535596803 ], [ -62.545291040817794, -31.657786342095118 ], [ -62.5452911111134, -31.657771906871734 ], [ -62.545300696295001, -31.657752994462417 ], [ -62.545313406239039, -31.657742213138924 ], [ -62.545335595917599, -31.657734172237333 ], [ -62.545352472214262, -31.65773423235791 ], [ -62.545374661887656, -31.657726191449463 ], [ -62.545387371819544, -31.657715410118438 ], [ -62.545396956975807, -31.657696497701487 ], [ -62.545397027254779, -31.657682062477676 ], [ -62.545416105315333, -31.657663183872597 ], [ -62.545441472445397, -31.657652447618506 ], [ -62.545485812210281, -31.657644485579613 ], [ -62.545519564771951, -31.657644605778508 ], [ -62.545563944044098, -31.657628523898715 ], [ -62.545589363834864, -31.657606961196652 ], [ -62.545608534039189, -31.657569136329975 ], [ -62.545608674530982, -31.657540265880908 ], [ -62.545602969321358, -31.657517020752167 ], [ -62.545599366032484, -31.65750233961807 ], [ -62.545586814214623, -31.657480641715679 ], [ -62.545564743168704, -31.657464323220506 ], [ -62.545547866920295, -31.657464263128439 ], [ -62.545525756364775, -31.657456064440417 ], [ -62.545513151874943, -31.6574451929493 ], [ -62.545503751205814, -31.657426212911716 ], [ -62.545503821467548, -31.657411777687077 ], [ -62.545504005904327, -31.657373885222274 ], [ -62.545415405687486, -31.65737356967276 ], [ -62.545381653224226, -31.657373449447256 ], [ -62.545337274043298, -31.657389531265132 ], [ -62.545311854254798, -31.657411093917702 ], [ -62.545301049183813, -31.657432413363381 ], [ -62.545292683964135, -31.657448918739956 ], [ -62.545292543375147, -31.657477789188153 ], [ -62.545282865957219, -31.65751564782941 ], [ -62.545270103317264, -31.657537255568428 ], [ -62.545247874135548, -31.657553416272659 ], [ -62.545230997871805, -31.65755335613856 ], [ -62.545208729131424, -31.657577636649172 ], [ -62.545195913733387, -31.657610070798015 ], [ -62.545186143978164, -31.657666875661434 ], [ -62.545185933043406, -31.65771018133157 ], [ -62.545166670350874, -31.657766952362493 ], [ -62.545141197680465, -31.65779934139578 ], [ -62.545096778697598, -31.657823542939553 ], [ -62.54506302607323, -31.657823422628251 ], [ -62.545018804884066, -31.657807025080515 ], [ -62.544993595932972, -31.657785281998326 ], [ -62.544974794744029, -31.657747321849264 ], [ -62.544974935432734, -31.657718451403536 ], [ -62.544969230370931, -31.657695206248491 ], [ -62.544965627175429, -31.657680525097781 ], [ -62.544953075482205, -31.657658827134838 ], [ -62.544931004506743, -31.657642508531158 ], [ -62.544914128227646, -31.657642448355006 ], [ -62.544869827995228, -31.657642290381983 ], [ -62.544868719813607, -31.657869645137755 ], [ -62.544868297645891, -31.657956256471156 ], [ -62.544877236498372, -31.658069967697656 ], [ -62.544889577152212, -31.65813497133248 ], [ -62.544911489936148, -31.658183769192004 ], [ -62.544928366313094, -31.658183829369442 ], [ -62.544950476986372, -31.658192028161157 ], [ -62.544963081509664, -31.658202899706897 ], [ -62.54497248214453, -31.658221879781728 ], [ -62.54497241179844, -31.658236315003439 ], [ -62.5449818124385, -31.658255295077517 ], [ -62.544994416973928, -31.65826616662018 ], [ -62.545016527672558, -31.658274365400597 ], [ -62.54503340406611, -31.65827442556429 ], [ -62.545055514770198, -31.658282624337975 ], [ -62.545068119317953, -31.658293495873419 ], [ -62.545077519983145, -31.658312475940519 ], [ -62.545077449653057, -31.658326911162238 ], [ -62.54503938543003, -31.658345722032099 ], [ -62.544988703452887, -31.658356367952489 ], [ -62.544900062734037, -31.658364171848476 ], [ -62.544832557096413, -31.658363931109228 ], [ -62.54474399553812, -31.658355495272993 ], [ -62.544693419107873, -31.65834448824436 ], [ -62.544655539589691, -31.658325406544154 ], [ -62.544655609985007, -31.658310971323271 ], [ -62.544646209406118, -31.658291991225898 ], [ -62.544633604908235, -31.658281119649249 ], [ -62.544611494242488, -31.658272920802808 ], [ -62.544594617850201, -31.658272860583331 ], [ -62.544572626003365, -31.658240302294956 ], [ -62.544560179943055, -31.658196951463996 ], [ -62.544551056638284, -31.65812113267663 ], [ -62.544551338281615, -31.658063391791877 ], [ -62.544561200878867, -31.657987640756481 ], [ -62.544574069355264, -31.657944380259696 ], [ -62.544596377949851, -31.657911980051413 ], [ -62.544613254276911, -31.657912040270038 ], [ -62.544635444054755, -31.657903999491349 ], [ -62.544648154095519, -31.657893218235266 ], [ -62.544657739419506, -31.657874305875939 ], [ -62.544657809813252, -31.657859870654026 ], [ -62.544638916351346, -31.657840856685887 ], [ -62.54461365468034, -31.657829939945959 ], [ -62.544569393964942, -31.657821662055536 ], [ -62.544535641343735, -31.657821541604768 ], [ -62.54449138063957, -31.657813263687391 ], [ -62.544466118993597, -31.657802346918444 ], [ -62.544447225582587, -31.657783332922229 ], [ -62.54444729600862, -31.657768897700528 ], [ -62.544437895525427, -31.657749917587118 ], [ -62.544425291124419, -31.657739045989892 ], [ -62.544403180605187, -31.657730847108052 ], [ -62.544386304311352, -31.657730786861954 ], [ -62.544364273041111, -31.657706348349009 ], [ -62.544351774315423, -31.657673823911995 ], [ -62.5443425587709, -31.657616951334315 ], [ -62.544342770096023, -31.657573645668634 ], [ -62.544343324822286, -31.657459968294802 ], [ -62.544299024680015, -31.657459810124475 ], [ -62.544282148435393, -31.657459749865076 ], [ -62.544259958733988, -31.65746779058362 ], [ -62.544247248707435, -31.65747857180186 ], [ -62.544237663342351, -31.657497484131131 ], [ -62.544237592884656, -31.657511919353009 ], [ -62.544228007514128, -31.657530831681399 ], [ -62.544215297475247, -31.657541612896257 ], [ -62.544193107748697, -31.657549653602821 ], [ -62.544176231488109, -31.657549593329257 ], [ -62.544154041756371, -31.657557634028976 ], [ -62.544141331705369, -31.657568415236291 ], [ -62.544131746309475, -31.657587327557053 ], [ -62.54413167583516, -31.657601762778501 ], [ -62.544122090433824, -31.6576206750984 ], [ -62.544109380370486, -31.657631456302322 ], [ -62.544087190613602, -31.657639496990075 ], [ -62.54407031433702, -31.65763943670235 ], [ -62.544048084925791, -31.657655597195156 ], [ -62.544035321982136, -31.657677204807349 ], [ -62.544025644033979, -31.657715063347094 ], [ -62.544025503051799, -31.657743933788989 ], [ -62.544044303852345, -31.657781894074283 ], [ -62.544069512579043, -31.657803637341907 ], [ -62.544113733595658, -31.657820035216986 ], [ -62.544147486214349, -31.657820155779334 ], [ -62.544191707252779, -31.657836553627565 ], [ -62.544216916028788, -31.657858296866333 ], [ -62.54423571692994, -31.657896257123721 ], [ -62.544235576011715, -31.65792512756564 ], [ -62.544216405178908, -31.657962952218057 ], [ -62.544190984976645, -31.657984514641548 ], [ -62.544146605304185, -31.65800059603918 ], [ -62.54411285262028, -31.658000475475994 ], [ -62.544068433279122, -31.658024676657678 ], [ -62.544042960159111, -31.658057065466188 ], [ -62.544023696699597, -31.658113836314286 ], [ -62.544023485222048, -31.65815714197436 ], [ -62.544013714693158, -31.658213946735913 ], [ -62.544000898791374, -31.658246380756797 ], [ -62.543978629566276, -31.658270661045545 ], [ -62.543961753175886, -31.658270600742398 ], [ -62.543939682232647, -31.658254281969107 ], [ -62.543927130703743, -31.658232583908724 ], [ -62.543917822824469, -31.65819465753313 ], [ -62.543917963842425, -31.65816578709369 ], [ -62.543908655973183, -31.658127860717137 ], [ -62.543896104468146, -31.65810616265351 ], [ -62.543874033575023, -31.658089843868911 ], [ -62.543857157217552, -31.658089783552249 ], [ -62.543835046666814, -31.658081584572098 ], [ -62.543822442292502, -31.658070712916132 ], [ -62.54381304190732, -31.658051732758501 ], [ -62.543813112432126, -31.658037297538698 ], [ -62.54379421910842, -31.658018283447309 ], [ -62.543768957490585, -31.658007366540978 ], [ -62.543724696769964, -31.657999088357741 ], [ -62.543690944088588, -31.657998967682975 ], [ -62.543646683379201, -31.657990689472783 ], [ -62.543621421786405, -31.65797977253742 ], [ -62.543602528513595, -31.657960758417975 ], [ -62.543602599070688, -31.657946323198374 ], [ -62.5435647199401, -31.65792724117685 ], [ -62.543514143886227, -31.657916233683647 ], [ -62.543425582882975, -31.657907796937049 ], [ -62.543358077589247, -31.657907555420998 ], [ -62.543269516609726, -31.657899118566299 ], [ -62.543218940607346, -31.657888110956524 ], [ -62.543181061580093, -31.657869028821917 ], [ -62.543181132202093, -31.657854593602966 ], [ -62.543171731969089, -31.657835613398898 ], [ -62.543159127705671, -31.657824741678041 ], [ -62.543137017280259, -31.657816542577802 ], [ -62.543120140973926, -31.657816482164129 ], [ -62.543097951089891, -31.657824522678432 ], [ -62.543085240881574, -31.657835303778626 ], [ -62.543075655244706, -31.657854216017 ], [ -62.543075584606392, -31.65786865123572 ], [ -62.543056506034631, -31.65788752948546 ], [ -62.543031138572232, -31.65789826526191 ], [ -62.542986798488258, -31.657906226444553 ], [ -62.54295304584393, -31.657906105574956 ], [ -62.542899252567459, -31.657905912920597 ], [ -62.542861280843198, -31.657905776915626 ], [ -62.542820144808871, -31.657905629564159 ], [ -62.542803268487177, -31.657905569108443 ], [ -62.542781038795546, -31.657921729377204 ], [ -62.542768275523152, -31.657943336858658 ], [ -62.542758597033512, -31.657981195295633 ], [ -62.542758455658117, -31.658010065731215 ], [ -62.542739284211919, -31.658047890155409 ], [ -62.542713863648956, -31.658069452280952 ], [ -62.542669483688165, -31.658085533161916 ], [ -62.542635730980521, -31.658085412207793 ], [ -62.542591390775549, -31.658093373251667 ], [ -62.542566023204635, -31.658104108934278 ], [ -62.542546944482105, -31.658122987105706 ], [ -62.542546873761317, -31.65813742232276 ], [ -62.542556273896295, -31.658156402571052 ], [ -62.542568878133025, -31.658167274350632 ], [ -62.542590988589929, -31.658175473549178 ], [ -62.542607864959891, -31.658175534033433 ], [ -62.542629975422258, -31.658183733225243 ], [ -62.542642579671295, -31.658194604997629 ], [ -62.542651979831447, -31.658213585238929 ], [ -62.542651909126647, -31.65822802045599 ], [ -62.542651776555012, -31.658255086487905 ], [ -62.54265167049757, -31.658276739313369 ], [ -62.542651537925614, -31.658303805345088 ], [ -62.542651467220495, -31.65831824056194 ], [ -62.542689346318539, -31.658337322853111 ], [ -62.542739922498392, -31.658348330673686 ], [ -62.542828483850862, -31.658356767898891 ], [ -62.542895989464355, -31.658357009698104 ], [ -62.542984550840544, -31.6583654468152 ], [ -62.543035127071903, -31.658376454519214 ], [ -62.543073006273289, -31.658395536697292 ], [ -62.543072935633084, -31.658409971914793 ], [ -62.543101321871298, -31.658429020096804 ], [ -62.543139240837071, -31.658439982445543 ], [ -62.543205652013803, -31.658448340115623 ], [ -62.543256281276157, -31.658448521319233 ], [ -62.543322771897174, -31.658440639308402 ], [ -62.543360796788242, -31.658429948764596 ], [ -62.543389368394429, -31.658411104435661 ], [ -62.54338943898572, -31.658396669217517 ], [ -62.543399024616448, -31.658377756957126 ], [ -62.543411734863589, -31.65836697582694 ], [ -62.543433924850824, -31.658358935259724 ], [ -62.543450801255936, -31.65835899563282 ], [ -62.543472911837448, -31.658367194679496 ], [ -62.543485516210211, -31.658378066369462 ], [ -62.543494916560498, -31.658397046549929 ], [ -62.543494845985499, -31.65841148176828 ], [ -62.543561204252626, -31.658430665667293 ], [ -62.543649752536325, -31.658441808927382 ], [ -62.543804764980948, -31.658450483070979 ], [ -62.543922899939759, -31.65845090529362 ], [ -62.544077991724741, -31.658443339483963 ], [ -62.544166645793638, -31.658432829556716 ], [ -62.544233189178399, -31.658414120655884 ], [ -62.544233259639249, -31.658399685436034 ], [ -62.544242845100193, -31.658380773110661 ], [ -62.544255555251397, -31.658369991895547 ], [ -62.544277745168586, -31.658361951180929 ], [ -62.544294621576228, -31.658362011442453 ], [ -62.54431681148823, -31.658353970720999 ], [ -62.544329521627297, -31.658343189498343 ], [ -62.544339107062903, -31.65832427716532 ], [ -62.544339177507126, -31.658309841945062 ], [ -62.544348762937268, -31.658290929611169 ], [ -62.544361473064008, -31.658280148385117 ], [ -62.544383662950864, -31.65827210765169 ], [ -62.544400539342519, -31.658272167899053 ], [ -62.544422649989087, -31.658280366781874 ], [ -62.544435254462051, -31.658291238379125 ], [ -62.54444465499779, -31.658310218491646 ], [ -62.544444584569852, -31.658324653712093 ], [ -62.544453985110771, -31.658343633823865 ], [ -62.544466589595864, -31.658354505418039 ], [ -62.544488700267792, -31.658362704289551 ], [ -62.544505576676066, -31.658362764523176 ], [ -62.544527687353444, -31.658370963387974 ], [ -62.544540291850872, -31.658381834974929 ], [ -62.544549692416929, -31.658400815079716 ], [ -62.544549622005, -31.658415250300177 ], [ -62.544578008550289, -31.658434298156589 ], [ -62.544615927697237, -31.658445260068206 ], [ -62.544682339019808, -31.658453616971141 ], [ -62.544732968295456, -31.658453797588969 ], [ -62.544799379635357, -31.658462154431128 ], [ -62.544837298820411, -31.658473116277271 ], [ -62.544865685442652, -31.658492164070243 ], [ -62.544865615079317, -31.658506599291123 ], [ -62.54487501572406, -31.65852557937232 ], [ -62.544887620283006, -31.658536450925293 ], [ -62.544909731035723, -31.65854464972438 ], [ -62.544926607477869, -31.658544709902646 ], [ -62.544948718236036, -31.658552908695007 ], [ -62.54496132280731, -31.658563780240769 ], [ -62.544970723477206, -31.658582760314999 ], [ -62.544970653129852, -31.658597195535886 ], [ -62.544961067792848, -31.658616107916469 ], [ -62.54494835768832, -31.658626889201912 ], [ -62.544926167764132, -31.65863493003274 ], [ -62.544909291305679, -31.658634869854264 ], [ -62.544887061798562, -31.658651030489821 ], [ -62.544874298908937, -31.658672638183091 ], [ -62.544869460051352, -31.658691567483075 ], [ -62.544864621191756, -31.658710496782806 ], [ -62.544864480463495, -31.658739367223571 ], [ -62.544873788779647, -31.658777293531031 ], [ -62.544886340601337, -31.658798991499228 ], [ -62.544908411839664, -31.658815310110175 ], [ -62.544925288330738, -31.658815370289087 ], [ -62.544947359579808, -31.658831688893358 ], [ -62.544959911425835, -31.65885338685435 ], [ -62.544969219791618, -31.658891313154658 ], [ -62.544969079094706, -31.658920183595018 ], [ -62.54494990834813, -31.658958008352613 ], [ -62.544924488039499, -31.658979570917896 ], [ -62.544880108014915, -31.658995652564823 ], [ -62.544846354967873, -31.658995532192247 ], [ -62.544801974922557, -31.659011613811774 ], [ -62.544776554565388, -31.659033176346938 ], [ -62.544764453122838, -31.659057052903574 ], [ -62.544757383717389, -31.659071001073983 ], [ -62.544757242954006, -31.659099871512691 ], [ -62.544776044319356, -31.659137831687531 ], [ -62.544801253580353, -31.65915957481106 ], [ -62.544845475367865, -31.659175972436387 ], [ -62.544879228480141, -31.659176092809801 ], [ -62.5449234898649, -31.659184370597337 ], [ -62.544948751937333, -31.659195287277406 ], [ -62.54496764573345, -31.659214301198833 ], [ -62.544967575383893, -31.659228736418289 ], [ -62.54498646919054, -31.659247750336927 ], [ -62.545011731287566, -31.659258667004671 ], [ -62.545055992723711, -31.659266944746609 ], [ -62.545089745869852, -31.659267065064665 ], [ -62.54513400731723, -31.659275342779637 ], [ -62.54515926943931, -31.659286259418341 ], [ -62.54517816329686, -31.65930527330891 ], [ -62.545178092979604, -31.659319708528578 ], [ -62.545140028369147, -31.659338519421912 ], [ -62.545089345862614, -31.659349165375655 ], [ -62.545000704207659, -31.659356969331526 ], [ -62.544933197851321, -31.659356728638794 ], [ -62.5448446353425, -31.659348292864731 ], [ -62.544794058363586, -31.659337285872517 ], [ -62.544756178424286, -31.659318204201163 ], [ -62.544756248806785, -31.659303768982319 ], [ -62.544746848109988, -31.659284788894169 ], [ -62.544734243467701, -31.659273917327774 ], [ -62.544712132558914, -31.659265718497739 ], [ -62.544695255986952, -31.65926565828989 ], [ -62.544673065889015, -31.65927369907428 ], [ -62.544660355661108, -31.659284480328751 ], [ -62.544650770189193, -31.659303392682737 ], [ -62.544650699790402, -31.659317827901361 ], [ -62.544641114313023, -31.659336740254481 ], [ -62.544628404072803, -31.659347521505573 ], [ -62.544606213949699, -31.65935556227798 ], [ -62.544589337361749, -31.65935550205598 ], [ -62.544567147233472, -31.659363542821541 ], [ -62.544554436981109, -31.659374324065091 ], [ -62.544544851478385, -31.659393236410565 ], [ -62.544544781062967, -31.659407671628781 ], [ -62.544535195554786, -31.659426583973378 ], [ -62.544522485290095, -31.659437365213531 ], [ -62.544500295136672, -31.659445405967123 ], [ -62.544483418532721, -31.659445345730973 ], [ -62.544461188758078, -31.659461506287784 ], [ -62.544448425657244, -31.659483113933767 ], [ -62.544443586669409, -31.659502043213987 ], [ -62.54443874767955, -31.659520972493944 ], [ -62.544438606815156, -31.659549842929337 ], [ -62.544447915034468, -31.659587769262185 ], [ -62.544460466863178, -31.659609467269597 ], [ -62.544482538215895, -31.659625785953242 ], [ -62.54449941485246, -31.659625846189844 ], [ -62.544521446604826, -31.659650284676715 ], [ -62.544533945645547, -31.659682809090107 ], [ -62.544543161494495, -31.659739681638627 ], [ -62.544542950244463, -31.659782987290807 ], [ -62.544547558174884, -31.659811423564477 ], [ -62.544552166108005, -31.659839859837916 ], [ -62.544564665183991, -31.65987238424767 ], [ -62.544583646449588, -31.659893438934375 ], [ -62.544586697010921, -31.659896822723042 ], [ -62.544603573696719, -31.65989688294632 ], [ -62.544625763949291, -31.659888842176269 ], [ -62.544638474264325, -31.659878060927053 ], [ -62.544648059799208, -31.65985914857627 ], [ -62.544648130199896, -31.659844713358858 ], [ -62.544657715729336, -31.659825801007205 ], [ -62.544670426032042, -31.659815019754593 ], [ -62.544692616259461, -31.659806978972572 ], [ -62.544709492929258, -31.65980703918169 ], [ -62.54473168315149, -31.659798998392819 ], [ -62.544744393442066, -31.659788217132675 ], [ -62.54475397894614, -31.65976930477337 ], [ -62.544754049330209, -31.659754869555556 ], [ -62.544773127948453, -31.659735991057929 ], [ -62.544798495717046, -31.659725254941137 ], [ -62.544842836520509, -31.659717293137987 ], [ -62.544876589828455, -31.659717413513942 ], [ -62.544920851468973, -31.659725691304111 ], [ -62.544946113686755, -31.659736607985145 ], [ -62.544965007590434, -31.659755621906381 ], [ -62.544964937238987, -31.659770057124614 ], [ -62.544983831153225, -31.659789071043058 ], [ -62.545009093395592, -31.659799987711775 ], [ -62.545053355087489, -31.659808265456338 ], [ -62.545087108429307, -31.659808385776927 ], [ -62.545131370132445, -31.659816663494546 ], [ -62.545156632399859, -31.659827580134216 ], [ -62.545175526364986, -31.659846594024589 ], [ -62.54517545604584, -31.659861029243039 ], [ -62.545184856886692, -31.659880009299265 ], [ -62.545197461662909, -31.659890880821408 ], [ -62.545219572762754, -31.659899079568355 ], [ -62.545236449450435, -31.659899139707935 ], [ -62.545258521008336, -31.659915458258553 ], [ -62.545271073069536, -31.659937156187315 ], [ -62.545280381664377, -31.659975082460718 ], [ -62.545280241057739, -31.660003952897409 ], [ -62.545289549662634, -31.660041879169828 ], [ -62.545302101747687, -31.660063577095347 ], [ -62.545324173355709, -31.660079895634674 ], [ -62.545341050076331, -31.660079955760736 ], [ -62.545385351468184, -31.66008011358101 ], [ -62.545385535972265, -31.660042221132699 ], [ -62.54538560625943, -31.660027785914234 ], [ -62.545404684807679, -31.660008907322318 ], [ -62.545430052579825, -31.659998171080453 ], [ -62.545474393462165, -31.659990209058936 ], [ -62.545508146871732, -31.659990329268776 ], [ -62.54555248774404, -31.659982367220021 ], [ -62.545577855492311, -31.65997163094849 ], [ -62.545596933990424, -31.659952752327193 ], [ -62.545597004244676, -31.6599383171081 ], [ -62.545578110174574, -31.65991930327943 ], [ -62.545552847832141, -31.659908386722634 ], [ -62.54550858604636, -31.65990010915057 ], [ -62.545474832669413, -31.659899988941142 ], [ -62.545430649959641, -31.659875471720856 ], [ -62.545405493072018, -31.659842902306686 ], [ -62.54538678356208, -31.659785996000085 ], [ -62.545386994420753, -31.659742690342842 ], [ -62.545396764287432, -31.65968588548338 ], [ -62.545409579910171, -31.659653451326918 ], [ -62.545431849100801, -31.659629170793323 ], [ -62.545448725740208, -31.659629230904383 ], [ -62.545470915857976, -31.659621189985739 ], [ -62.545483626039648, -31.659610408650643 ], [ -62.545493211375991, -31.659591496233716 ], [ -62.545493281645285, -31.659577061014009 ], [ -62.545464894566209, -31.659558013359575 ], [ -62.545426974866096, -31.659547051696919 ], [ -62.5453605626954, -31.659538695174977 ], [ -62.54530993282706, -31.659538514800595 ], [ -62.545243441577433, -31.659546397839609 ], [ -62.545205416438357, -31.659557088940229 ], [ -62.545176844839794, -31.659575933672514 ], [ -62.545176774521586, -31.659590368891582 ], [ -62.54518617533617, -31.659609348948269 ], [ -62.545198780076412, -31.659620220470376 ], [ -62.545220891112578, -31.659628419216855 ], [ -62.545237767751345, -31.659628479355799 ], [ -62.545259878792969, -31.659636678095545 ], [ -62.545272483545538, -31.659647549610447 ], [ -62.545281884385268, -31.659666529660154 ], [ -62.545281814083054, -31.659680964879207 ], [ -62.545262735578056, -31.659699843454128 ], [ -62.545237367868616, -31.659710579663827 ], [ -62.545193027100225, -31.659718541604398 ], [ -62.545159273790389, -31.659718421312132 ], [ -62.545115091250203, -31.659693903983484 ], [ -62.545089934521556, -31.659661334507685 ], [ -62.545071225239496, -31.659604428155365 ], [ -62.545071436243042, -31.659561122498779 ], [ -62.545090699377489, -31.6595043515022 ], [ -62.545116172538073, -31.659471962492184 ], [ -62.545160592305713, -31.659447760955224 ], [ -62.545194345517707, -31.659447881246237 ], [ -62.545238686157155, -31.659439919303654 ], [ -62.545264053792522, -31.659429183092552 ], [ -62.545283132241231, -31.659410304516118 ], [ -62.545283202542507, -31.659395869296414 ], [ -62.545292787896663, -31.659376956894082 ], [ -62.545305498065076, -31.659366175576213 ], [ -62.545327688132048, -31.659358134681678 ], [ -62.545344564722221, -31.65935819480605 ], [ -62.545345332623647, -31.659357357546664 ], [ -62.545366833858196, -31.659333914282179 ], [ -62.545379649441401, -31.659301480126565 ], [ -62.545384534353715, -31.659273077695133 ], [ -62.545389419262932, -31.659244675263363 ], [ -62.545389630115935, -31.659201369602417 ], [ -62.545390183602919, -31.65908769224108 ], [ -62.545355375736371, -31.659087568245507 ], [ -62.54530158176123, -31.659087376597309 ], [ -62.545267828679059, -31.659087256335894 ], [ -62.545223606857292, -31.659070858856392 ], [ -62.545198397520565, -31.659049115815289 ], [ -62.545179596000082, -31.6590111557007 ], [ -62.545179736632406, -31.658982285259896 ], [ -62.545189414251716, -31.658944426636964 ], [ -62.545202177106773, -31.658922818912764 ], [ -62.54522440662538, -31.658906658223085 ], [ -62.545241283133691, -31.658906718360345 ], [ -62.545263512641739, -31.658890557663735 ], [ -62.545276275472233, -31.658868949931698 ], [ -62.545285953040143, -31.658831091300307 ], [ -62.545286093638587, -31.658802220858249 ], [ -62.545280388436389, -31.658778975719706 ], [ -62.545276785152225, -31.658764294579406 ], [ -62.545264233243856, -31.658742596648704 ], [ -62.545242161959564, -31.658726278098666 ], [ -62.545225285483852, -31.658726217961824 ], [ -62.545203253760633, -31.658701779593251 ], [ -62.545190754612847, -31.658669255239449 ], [ -62.545181538466096, -31.658612382725469 ], [ -62.545181749410304, -31.658569077061482 ], [ -62.54521999825706, -31.658512373693881 ], [ -62.545270785744954, -31.658480074849862 ], [ -62.54535950561916, -31.658456031072546 ], [ -62.545427011328222, -31.658456271533698 ], [ -62.545515573049791, -31.65846470689732 ], [ -62.545566149646092, -31.658475713601433 ], [ -62.545604029414427, -31.658494795033242 ], [ -62.545603959165227, -31.658509230255603 ], [ -62.545613359961017, -31.658528210283819 ], [ -62.545625964607218, -31.65853908176469 ], [ -62.545648075427039, -31.658547280436462 ], [ -62.545664951871402, -31.658547340517099 ], [ -62.545687062696665, -31.658555539182167 ], [ -62.545699667355194, -31.658566410655805 ], [ -62.545709068176137, -31.65858539067704 ], [ -62.545708997942924, -31.658599825899415 ], [ -62.545727891776366, -31.658618839710375 ], [ -62.545753153792745, -31.658629756231626 ], [ -62.545797415000514, -31.658638033715061 ], [ -62.545831167922785, -31.658638153834904 ], [ -62.545875547617108, -31.658622071853202 ], [ -62.545900967610137, -31.658600509094295 ], [ -62.545920137898001, -31.658562684187409 ], [ -62.54592027829888, -31.658533813741599 ], [ -62.54592050206238, -31.658487801468329 ], [ -62.545920660012783, -31.658455322216398 ], [ -62.545920831125414, -31.658420136359968 ], [ -62.545920901325381, -31.658405701136754 ], [ -62.545930486446757, -31.658386788681419 ], [ -62.545943196406085, -31.658376007296408 ], [ -62.545965386183141, -31.658367966287006 ], [ -62.545982262595835, -31.658368026325373 ], [ -62.546023398851993, -31.658368172659554 ], [ -62.546061370781011, -31.658368307725485 ], [ -62.546115164347562, -31.658368499049558 ], [ -62.546148917173895, -31.658368619084449 ], [ -62.546193178295013, -31.658376896430131 ], [ -62.546218440301892, -31.658387812859587 ], [ -62.546237334197684, -31.65840682659633 ], [ -62.546237264046631, -31.65842126182017 ], [ -62.546246664963142, -31.658440241803117 ], [ -62.546259269672142, -31.658451113222171 ], [ -62.546281380528235, -31.658459311784657 ], [ -62.546298256958181, -31.658459371781394 ], [ -62.54632044672536, -31.658451330710282 ], [ -62.546333156649041, -31.65844054928618 ], [ -62.546342741690978, -31.658421636799247 ], [ -62.546342811825724, -31.658407201575173 ], [ -62.546352396862204, -31.658388289087366 ], [ -62.546365106773557, -31.658377507659875 ], [ -62.546387296515583, -31.658369466576783 ], [ -62.546404172929542, -31.658369526559362 ], [ -62.546426362666381, -31.658361485469431 ], [ -62.546439072565605, -31.658350704034408 ], [ -62.546448657576732, -31.658331791538956 ], [ -62.546448727694859, -31.658317356314491 ], [ -62.546458312700523, -31.658298443818154 ], [ -62.546471022587426, -31.658287662379735 ], [ -62.546493212299112, -31.658279621277838 ], [ -62.546510088697076, -31.658279681246267 ], [ -62.546532278403589, -31.658271640137503 ], [ -62.546544988278349, -31.658260858691559 ], [ -62.546554573258675, -31.658241946187587 ], [ -62.546554643360174, -31.658227510962703 ], [ -62.546564228335036, -31.658208598457868 ], [ -62.546576938197489, -31.658197817008517 ], [ -62.546599127878835, -31.658189775887809 ], [ -62.546616004260805, -31.658189835842077 ], [ -62.546638169875806, -31.65818675028585 ], [ -62.546650847646156, -31.658182576257492 ], [ -62.546653907970345, -31.658180215848674 ], [ -62.54666037645697, -31.658175226744948 ], [ -62.546660403768655, -31.658169601424376 ], [ -62.546660475461834, -31.658154834957866 ], [ -62.546648470194569, -31.65814870940212 ], [ -62.546627297510227, -31.658137906267818 ], [ -62.546603272104562, -31.658125647555895 ], [ -62.546594072897712, -31.658083089635735 ], [ -62.546592320668765, -31.658074983365108 ] ] ], [ [ [ -62.54253798636482, -31.658013786749127 ], [ -62.542525382152235, -31.65800291496647 ], [ -62.5425032717419, -31.657994715756775 ], [ -62.54248639540485, -31.65799465525901 ], [ -62.542464205425134, -31.658002695661985 ], [ -62.542451495119934, -31.658013476697828 ], [ -62.54244190933656, -31.658032388886681 ], [ -62.542441838599792, -31.658046824103732 ], [ -62.542451238704444, -31.65806580435974 ], [ -62.542463842916703, -31.658076676149619 ], [ -62.542485953342798, -31.658084875366182 ], [ -62.542502829696147, -31.65808493586416 ], [ -62.542525019692263, -31.658076895454737 ], [ -62.542537729997804, -31.658066114411664 ], [ -62.542547315765404, -31.658047202215567 ], [ -62.542547386485879, -31.658032766998307 ], [ -62.54253798636482, -31.658013786749127 ] ] ], [ [ [ -62.544826847139085, -31.657371471961106 ], [ -62.54480997090922, -31.657371411771638 ], [ -62.544787900026364, -31.657355093143359 ], [ -62.544775348417453, -31.65733339516262 ], [ -62.544766040277764, -31.657295468841163 ], [ -62.544766181028528, -31.657266598394241 ], [ -62.544775858628334, -31.657228739792423 ], [ -62.544788621338945, -31.657207132102478 ], [ -62.544810850515908, -31.657190971477323 ], [ -62.544827726713166, -31.657191031666361 ], [ -62.544849916300876, -31.657182990847677 ], [ -62.544862626217942, -31.657172209567872 ], [ -62.544872211422799, -31.657153297189197 ], [ -62.544872281781402, -31.657138861965219 ], [ -62.544853388419419, -31.657119848027655 ], [ -62.544828126916762, -31.657108931330562 ], [ -62.544783866522337, -31.657100653516622 ], [ -62.544750114160735, -31.657100533125007 ], [ -62.544705853777543, -31.657092255284116 ], [ -62.54468059229994, -31.65708133855799 ], [ -62.544661698988833, -31.65706232459236 ], [ -62.544661769379736, -31.657047889368595 ], [ -62.544652368923444, -31.657028909269123 ], [ -62.544639764593434, -31.657018037692524 ], [ -62.544617654224808, -31.657009838848342 ], [ -62.544600778060783, -31.657009778631828 ], [ -62.5445786676976, -31.657001579780943 ], [ -62.544566063379925, -31.656990708197128 ], [ -62.544556662948779, -31.656971728090674 ], [ -62.544556733355662, -31.656957292866917 ], [ -62.544537840094797, -31.656938278883047 ], [ -62.544512578678678, -31.656927362123987 ], [ -62.544468318399502, -31.656919084201473 ], [ -62.544434566105011, -31.65691896372703 ], [ -62.54439022660052, -31.656926925403997 ], [ -62.544364859550441, -31.656937661451082 ], [ -62.544358308073484, -31.656944144361539 ], [ -62.544345781429506, -31.656956539900538 ], [ -62.544345710990015, -31.656970975123873 ], [ -62.544355111377996, -31.656989955245471 ], [ -62.544367715670759, -31.657000826849881 ], [ -62.544389826014758, -31.657009025737139 ], [ -62.544406702178151, -31.657009085981553 ], [ -62.544428812527606, -31.6570172848621 ], [ -62.54444141683269, -31.657028156459297 ], [ -62.544450817245831, -31.657047136573919 ], [ -62.544450746822321, -31.657061571797236 ], [ -62.54444116154216, -31.657080484143833 ], [ -62.544428451589596, -31.657091265381478 ], [ -62.544406261988442, -31.657099306126856 ], [ -62.544389385808742, -31.657099245882232 ], [ -62.544367156581828, -31.657115406433714 ], [ -62.544354393787053, -31.657137014081034 ], [ -62.54434955490791, -31.657155943365602 ], [ -62.544344716026764, -31.657174872649932 ], [ -62.544344575146198, -31.65720374309555 ], [ -62.544344350617365, -31.657249755368014 ], [ -62.544344205333736, -31.657279528014708 ], [ -62.54429990527705, -31.65727936984549 ], [ -62.544322015680571, -31.657287568744728 ], [ -62.544334620009167, -31.657298440352243 ], [ -62.54434402042699, -31.657317420473959 ], [ -62.544343949986228, -31.657331855696466 ], [ -62.54434381790967, -31.657358921738584 ], [ -62.544343712248299, -31.657380574572194 ], [ -62.544343580171429, -31.657407640614128 ], [ -62.544343509730346, -31.657422075836415 ], [ -62.544343324822286, -31.657459968294802 ], [ -62.544431925107908, -31.657460284589337 ], [ -62.54446567759809, -31.65746040506632 ], [ -62.544509858915532, -31.657484922616792 ], [ -62.544535014863747, -31.65751749221057 ], [ -62.5445537234162, -31.657574398653075 ], [ -62.544553512188912, -31.657617704320014 ], [ -62.544558120024199, -31.657646140601987 ], [ -62.544562727862179, -31.657674576883682 ], [ -62.544575226661721, -31.657707101300726 ], [ -62.544594207495827, -31.657728155988856 ], [ -62.544597257987817, -31.657731539777757 ], [ -62.544614134282284, -31.657731599995955 ], [ -62.544636324016963, -31.657723559216485 ], [ -62.544649034032801, -31.657712777959777 ], [ -62.544658619337618, -31.657693865599683 ], [ -62.544658689730738, -31.657679430377353 ], [ -62.544677767938587, -31.657660551884039 ], [ -62.544703135150954, -31.657649815777493 ], [ -62.544747474974237, -31.657641853995699 ], [ -62.54478122753153, -31.657641974389829 ], [ -62.544869827995228, -31.657642290381983 ], [ -62.544870012690957, -31.657604397921908 ], [ -62.544870083051137, -31.657589962698953 ], [ -62.544879668298478, -31.657571050321334 ], [ -62.544892378265537, -31.657560269039696 ], [ -62.544914567935983, -31.657552228211017 ], [ -62.544931444198767, -31.657552288386949 ], [ -62.544953633864033, -31.657544247551417 ], [ -62.544966343818963, -31.657533466262244 ], [ -62.544975929040945, -31.65751455387699 ], [ -62.544975999384512, -31.657500118653623 ], [ -62.544966598819705, -31.657481138577605 ], [ -62.544953994392337, -31.657470267031908 ], [ -62.544931883888843, -31.657462068241472 ], [ -62.544915007642345, -31.657462008065739 ], [ -62.544892897144308, -31.657453809268592 ], [ -62.544880292729268, -31.657442937715661 ], [ -62.544870892189614, -31.657423957632673 ], [ -62.544870962549162, -31.657409522409299 ], [ -62.544861562014688, -31.657390542325565 ], [ -62.544848957611784, -31.657379670769558 ], [ -62.544826847139085, -31.657371471961106 ] ] ], [ [ [ -62.543754689256247, -31.656394151343374 ], [ -62.543666142897735, -31.656383008170756 ], [ -62.543511133897923, -31.656374333888532 ], [ -62.543393001573008, -31.656373911309466 ], [ -62.543237992617939, -31.656365236695862 ], [ -62.543149446353105, -31.656354093165557 ], [ -62.543083089643581, -31.656334909060991 ], [ -62.543083160276502, -31.656320473838758 ], [ -62.543073760213908, -31.656301493624568 ], [ -62.543061156166807, -31.656290621893508 ], [ -62.54303904611173, -31.656282422777849 ], [ -62.543022170082892, -31.656282362353828 ], [ -62.5429778705074, -31.656282203730186 ], [ -62.54297781752058, -31.656293030146763 ], [ -62.542977685053422, -31.656320096188129 ], [ -62.542977614404194, -31.656334531410145 ], [ -62.54296802890363, -31.656353443646122 ], [ -62.542955318882917, -31.656364224737608 ], [ -62.542933129331793, -31.656372265228214 ], [ -62.542916253286961, -31.656372204790038 ], [ -62.542894023983123, -31.656388365086006 ], [ -62.542881260950892, -31.656409972586168 ], [ -62.542876421813418, -31.656428901814571 ], [ -62.542871582673946, -31.656447831042723 ], [ -62.54287144134193, -31.656476701485712 ], [ -62.542899734212284, -31.656514695940512 ], [ -62.54293759938713, -31.656536484760949 ], [ -62.543003969454588, -31.656552962337592 ], [ -62.543054597687856, -31.656553143611532 ], [ -62.543121086972782, -31.656545261690834 ], [ -62.543159111111507, -31.656534571196872 ], [ -62.543161642725011, -31.656532901449523 ], [ -62.543187682172906, -31.656515726902409 ], [ -62.543187752790153, -31.656501291680364 ], [ -62.543225816622396, -31.65648248135377 ], [ -62.543276497771608, -31.656471836122641 ], [ -62.54336513681325, -31.656464033336313 ], [ -62.543432641063504, -31.656464274838807 ], [ -62.543521200700042, -31.656472711569471 ], [ -62.543571775975117, -31.656483719054982 ], [ -62.543609654525405, -31.656502801073206 ], [ -62.543609583973364, -31.656517236296075 ], [ -62.543599998580937, -31.656536148580006 ], [ -62.543587288607249, -31.656546929734581 ], [ -62.543565099065503, -31.656554970334934 ], [ -62.543548222986153, -31.656554909980024 ], [ -62.543526033439235, -31.656562950573527 ], [ -62.543513323453404, -31.656573731720556 ], [ -62.543503738035639, -31.656592643996849 ], [ -62.543503667466979, -31.656607079219313 ], [ -62.543513067647332, -31.656626059402043 ], [ -62.543525671792409, -31.656636931088848 ], [ -62.543547781974809, -31.656645130120946 ], [ -62.54356465807048, -31.65664519047608 ], [ -62.543586768258365, -31.656653389501471 ], [ -62.543599372415748, -31.656664261181049 ], [ -62.543608772621255, -31.656683241356816 ], [ -62.543608702068589, -31.656697676579267 ], [ -62.543627595090427, -31.656716690699159 ], [ -62.543652856344139, -31.656727607632231 ], [ -62.54369711645684, -31.65673588583627 ], [ -62.543730868681678, -31.65673600650511 ], [ -62.543775089134108, -31.656752404494938 ], [ -62.543800297522601, -31.656774147816012 ], [ -62.543819098040991, -31.65681210813754 ], [ -62.543818956999907, -31.656840978582697 ], [ -62.543818732215271, -31.656886990854407 ], [ -62.543818586766115, -31.656916763500622 ], [ -62.543862886647815, -31.656916921835293 ], [ -62.543879762793331, -31.65691698214922 ], [ -62.54390195239511, -31.656908941495178 ], [ -62.543914662382711, -31.656898160309996 ], [ -62.5439242477498, -31.656879248003246 ], [ -62.543924318254199, -31.656864812780551 ], [ -62.54393390361583, -31.656845900472945 ], [ -62.543946613591103, -31.656835119284363 ], [ -62.543968803167729, -31.656827078618356 ], [ -62.543985679297258, -31.656827138918125 ], [ -62.544007868868704, -31.656819098245247 ], [ -62.544020578831841, -31.656808317049144 ], [ -62.544030164168127, -31.656789404733889 ], [ -62.544030234655899, -31.656774969510781 ], [ -62.544039819986736, -31.656756057194656 ], [ -62.544052529937538, -31.656745275995139 ], [ -62.544074719483838, -31.65673723531031 ], [ -62.544091595597372, -31.656737295595917 ], [ -62.544113785138492, -31.656729254904239 ], [ -62.544126495077172, -31.6567184736972 ], [ -62.54413608038265, -31.656699561373426 ], [ -62.544136150853809, -31.656685126149913 ], [ -62.54414573615383, -31.656666213825282 ], [ -62.544158446080182, -31.656655432614837 ], [ -62.544180635596149, -31.656647391911186 ], [ -62.544197511693689, -31.656647452182636 ], [ -62.544219701204483, -31.656639411472138 ], [ -62.544232411118692, -31.656628630254168 ], [ -62.544241996393374, -31.656609717921899 ], [ -62.5442420668479, -31.65659528269796 ], [ -62.544232666521701, -31.656576302567451 ], [ -62.544220062301505, -31.656565430949691 ], [ -62.544197952077326, -31.65655723203357 ], [ -62.544181075996079, -31.656557171762334 ], [ -62.544158965777356, -31.656548972839502 ], [ -62.544146361569489, -31.656538101214501 ], [ -62.544136961268435, -31.656519121077029 ], [ -62.544137031738956, -31.656504685853083 ], [ -62.544137216723833, -31.656466793390109 ], [ -62.544004317715284, -31.656466318631651 ], [ -62.543953689522382, -31.656466137734892 ], [ -62.543887279681186, -31.656457780464159 ], [ -62.543849361426673, -31.65644681834106 ], [ -62.543820975631085, -31.656427770323788 ], [ -62.5438210461502, -31.656413335100275 ], [ -62.543754689256247, -31.656394151343374 ] ] ], [ [ [ -62.544458221675562, -31.6555293382124 ], [ -62.544458172713874, -31.655539375010211 ], [ -62.544467601145556, -31.655552582188612 ], [ -62.544480221351293, -31.655560154960934 ], [ -62.544502343434061, -31.655565879711119 ], [ -62.544519219336912, -31.655565939938203 ], [ -62.544541170944058, -31.655606618058357 ], [ -62.54455356386292, -31.655660795325439 ], [ -62.544562594551657, -31.655755560374345 ], [ -62.544562242537765, -31.655827736506453 ], [ -62.544571273249275, -31.655922501552517 ], [ -62.544583666225215, -31.655976678814554 ], [ -62.544605617954822, -31.656017356922188 ], [ -62.544622493939499, -31.656017417136379 ], [ -62.544644485290284, -31.65604997542269 ], [ -62.544656931116521, -31.656093326257661 ], [ -62.544666054330456, -31.656169145060442 ], [ -62.544665772778863, -31.656226885963267 ], [ -62.544655910470738, -31.656302637030159 ], [ -62.544643042268213, -31.656345897548814 ], [ -62.544620734070875, -31.656378297776861 ], [ -62.544603858020984, -31.656378237561817 ], [ -62.544581629003964, -31.656394398154454 ], [ -62.544568866359228, -31.656416005827055 ], [ -62.544559188764183, -31.656453864418001 ], [ -62.544559047953889, -31.656482734867755 ], [ -62.544549370347603, -31.656520593457454 ], [ -62.544536607677834, -31.656542201126172 ], [ -62.544514378609911, -31.656558361706196 ], [ -62.544497502527726, -31.656558301476789 ], [ -62.544475511111081, -31.656525743167087 ], [ -62.544463065314261, -31.656482392317606 ], [ -62.544453942238, -31.656406573505308 ], [ -62.544454223922557, -31.656348832605786 ], [ -62.544445100865133, -31.656273013791456 ], [ -62.544432655114647, -31.656229662937761 ], [ -62.544410663796668, -31.656197104616144 ], [ -62.544393787780017, -31.656197044373638 ], [ -62.544371677627005, -31.656188845487829 ], [ -62.544359073442159, -31.656177973883459 ], [ -62.544349673132984, -31.656158993760513 ], [ -62.544349743569626, -31.656144558535328 ], [ -62.544340343265624, -31.65612557841164 ], [ -62.544327739092921, -31.656114706804203 ], [ -62.544305628965262, -31.656106507907076 ], [ -62.54428875296523, -31.656106447650831 ], [ -62.544266642843013, -31.656098248747007 ], [ -62.544254038682638, -31.656087377132337 ], [ -62.544244638403775, -31.656068397001665 ], [ -62.544244708856418, -31.656053961776504 ], [ -62.544254294068125, -31.656035049441016 ], [ -62.544267003895229, -31.656024268217784 ], [ -62.544289193251409, -31.656016227492966 ], [ -62.544306069235148, -31.656016287748987 ], [ -62.544328298208391, -31.656000127203001 ], [ -62.544341060850392, -31.655978519553042 ], [ -62.54435073848191, -31.655940660976206 ], [ -62.54435087935363, -31.655911790524808 ], [ -62.544341571521009, -31.655873864166931 ], [ -62.544329020211045, -31.655852166140136 ], [ -62.544306949768988, -31.655835847428964 ], [ -62.544290073817855, -31.655835787173363 ], [ -62.544267963759303, -31.655827588270011 ], [ -62.544255359634896, -31.655816716655366 ], [ -62.544245959382316, -31.655797736524246 ], [ -62.544246029834007, -31.655783301298463 ], [ -62.544236629586599, -31.655764321166608 ], [ -62.544224025474321, -31.655753449548872 ], [ -62.544201915441128, -31.655745250634219 ], [ -62.544185039506608, -31.655745190364879 ], [ -62.544162929478873, -31.655736991443497 ], [ -62.544150325378915, -31.655726119818553 ], [ -62.544140925156668, -31.65570713967972 ], [ -62.544140995624339, -31.65569270445393 ], [ -62.544131595407265, -31.655673724314369 ], [ -62.544118991319444, -31.655662852686334 ], [ -62.544096881317053, -31.655654653753658 ], [ -62.544080005399159, -31.655654593470587 ], [ -62.544057889610407, -31.655647580766285 ], [ -62.544045277812103, -31.655638290777805 ], [ -62.54403586410502, -31.655622078513133 ], [ -62.544035924291649, -31.655609752149747 ], [ -62.544036082281366, -31.655577395445743 ], [ -62.543919738914241, -31.655597894940708 ], [ -62.543814391361678, -31.655616456893114 ], [ -62.543763145005215, -31.655625486327619 ], [ -62.543729937630445, -31.655631337342669 ], [ -62.543661672927193, -31.655643365298168 ], [ -62.543508246461229, -31.655670398255502 ], [ -62.543508097871694, -31.655700794479287 ], [ -62.543508041266101, -31.655712373993072 ], [ -62.543517459681667, -31.655727606057013 ], [ -62.5435300741768, -31.655736335960732 ], [ -62.543552191999112, -31.655742928653932 ], [ -62.54356906793172, -31.655742989006949 ], [ -62.543591177907409, -31.655751188030717 ], [ -62.543603781944903, -31.655762059710245 ], [ -62.543613182062842, -31.655781039887508 ], [ -62.543613111513338, -31.655795475112011 ], [ -62.543622511636471, -31.655814455288542 ], [ -62.543635115686087, -31.655825326964994 ], [ -62.54365722568712, -31.655833525977449 ], [ -62.543674101636356, -31.655833586316735 ], [ -62.543696211642832, -31.655841785322476 ], [ -62.543708815704782, -31.655852656991716 ], [ -62.543718215853062, -31.655871637161255 ], [ -62.543718145319538, -31.655886072385769 ], [ -62.543727545473011, -31.655905052554576 ], [ -62.543740149547084, -31.655915924220732 ], [ -62.543762259578926, -31.655924123215172 ], [ -62.543779135544767, -31.655924183540712 ], [ -62.543801205914093, -31.655940502342258 ], [ -62.543813757112353, -31.655962200419598 ], [ -62.54382306473844, -31.656000126813531 ], [ -62.543822923703054, -31.656028997262375 ], [ -62.543832231339188, -31.656066923655331 ], [ -62.543844782561308, -31.656088621729445 ], [ -62.543866852980742, -31.656104940519679 ], [ -62.543883728979523, -31.656105000831705 ], [ -62.543905799409671, -31.656121319615259 ], [ -62.543918350656142, -31.656143017682179 ], [ -62.543927658341879, -31.656180944067977 ], [ -62.543927517337835, -31.65620981451643 ], [ -62.543936825033612, -31.656247740901261 ], [ -62.543949376303935, -31.656269438964937 ], [ -62.543971446784212, -31.656285757737194 ], [ -62.543988322815913, -31.656285818035688 ], [ -62.544010432957265, -31.656294016987697 ], [ -62.54402303711656, -31.656304888626043 ], [ -62.544032437373332, -31.656323868772141 ], [ -62.544032366887137, -31.656338303996264 ], [ -62.544041767149118, -31.656357284141635 ], [ -62.544054371320534, -31.656368155776896 ], [ -62.544076481487238, -31.656376354717594 ], [ -62.544093357535544, -31.656376415002349 ], [ -62.544115467707705, -31.656384613936329 ], [ -62.544128071891457, -31.656395485564403 ], [ -62.544137472178569, -31.656414465702774 ], [ -62.544137401708369, -31.656428900926908 ], [ -62.544137216723833, -31.656466793390109 ], [ -62.544225816064611, -31.65646710981888 ], [ -62.544259568194796, -31.656467230346994 ], [ -62.544303788615764, -31.656483628154 ], [ -62.544328997056951, -31.656505371372027 ], [ -62.544347797738588, -31.656543331618789 ], [ -62.544347656862442, -31.656572202067291 ], [ -62.54435696476348, -31.656610128421285 ], [ -62.544369516179586, -31.656631826443785 ], [ -62.544391586819067, -31.656648145143969 ], [ -62.544408462917247, -31.656648205387523 ], [ -62.54443057318182, -31.656656404267441 ], [ -62.544443177438936, -31.656667275864613 ], [ -62.54445257781704, -31.656686255979835 ], [ -62.544452507394801, -31.656700691203977 ], [ -62.544480893403275, -31.656719739081986 ], [ -62.544518811844767, -31.656730701018727 ], [ -62.544585221940508, -31.656739057962845 ], [ -62.544635850285836, -31.656739238610481 ], [ -62.5447022603989, -31.656747595493844 ], [ -62.544740178878499, -31.656758557365105 ], [ -62.544768564963917, -31.656777605179681 ], [ -62.544768494590272, -31.656792040404255 ], [ -62.544815866336286, -31.656811155926444 ], [ -62.544879099051435, -31.656822208037511 ], [ -62.544989809094588, -31.656830722738082 ], [ -62.545074189757976, -31.65683102353962 ], [ -62.54518482073339, -31.65685577769964 ], [ -62.545247948075044, -31.656888482466513 ], [ -62.545295135452065, -31.656945490278321 ], [ -62.545294924573795, -31.656988795953993 ], [ -62.545275662101787, -31.657045567009803 ], [ -62.54525018966892, -31.657077956070701 ], [ -62.545205771059386, -31.657102157658638 ], [ -62.545172018695261, -31.657102037378611 ], [ -62.545127679163215, -31.657109999311345 ], [ -62.545102312146035, -31.657120735505007 ], [ -62.545083234134893, -31.657139614065233 ], [ -62.545083163808897, -31.65715404928962 ], [ -62.545111550084457, -31.657173097028515 ], [ -62.545149468785816, -31.657184058779539 ], [ -62.545215879264141, -31.65719241539848 ], [ -62.545266507859708, -31.65719259579825 ], [ -62.545332918355363, -31.657200952356416 ], [ -62.545370837094822, -31.657211914041962 ], [ -62.545399223447326, -31.657230961717421 ], [ -62.545399153169932, -31.65724539694223 ], [ -62.545408553799952, -31.657264376987708 ], [ -62.545421158253333, -31.657275248489121 ], [ -62.545443268756856, -31.657283447195006 ], [ -62.545460144972317, -31.657283507300573 ], [ -62.545482255481296, -31.657291705999754 ], [ -62.545494859946999, -31.657302577493951 ], [ -62.545504260602179, -31.657321557532434 ], [ -62.545504190340779, -31.657335992757268 ], [ -62.545504005904327, -31.657373885222274 ], [ -62.545548306013295, -31.657374042973988 ], [ -62.545565182245383, -31.657374103065823 ], [ -62.54558745084465, -31.657349822490922 ], [ -62.545600266070316, -31.657317388299816 ], [ -62.545610035534708, -31.65726058339888 ], [ -62.545610246269071, -31.657217277723138 ], [ -62.545620015716153, -31.657160472820383 ], [ -62.545632830903713, -31.657128038624716 ], [ -62.545655099426035, -31.657103758036346 ], [ -62.545671975609508, -31.657103818113608 ], [ -62.545694046590008, -31.657120136590539 ], [ -62.545706598385543, -31.657141834483379 ], [ -62.545715906893633, -31.657179760740629 ], [ -62.54571576643697, -31.657208631191718 ], [ -62.545725074955108, -31.657246557448005 ], [ -62.545737626774496, -31.657268255337598 ], [ -62.545759697805124, -31.657284573803217 ], [ -62.545776574021524, -31.657284633866961 ], [ -62.545798684559259, -31.657292832511583 ], [ -62.54581128906235, -31.657303703974872 ], [ -62.545820689782261, -31.65732268399065 ], [ -62.54582061956976, -31.657337119216095 ], [ -62.54581103453674, -31.657356031667096 ], [ -62.545798324702666, -31.657366813041843 ], [ -62.545776135150625, -31.657374854025548 ], [ -62.545759258917911, -31.657374793961605 ], [ -62.545737029858806, -31.657390954752607 ], [ -62.545724267340773, -31.657412562538603 ], [ -62.545714590104573, -31.657450421214708 ], [ -62.54571444964602, -31.65747929166459 ], [ -62.545733251084513, -31.657517251708615 ], [ -62.54575846013816, -31.657538994646551 ], [ -62.545802681334166, -31.657555391938715 ], [ -62.545836433865126, -31.657555512053495 ], [ -62.545880970999931, -31.657506950805811 ], [ -62.545906601283605, -31.657442082363215 ], [ -62.545926139856, -31.657328472512024 ], [ -62.545926561032203, -31.657241861157356 ], [ -62.545946099535321, -31.657128251298936 ], [ -62.545971729666583, -31.657063382838011 ], [ -62.546016266493616, -31.657014821536489 ], [ -62.546050018830172, -31.657014941592973 ], [ -62.546094279301961, -31.65702321896859 ], [ -62.546119540932814, -31.657034135416374 ], [ -62.546138434537916, -31.65705314916903 ], [ -62.546138364375274, -31.65706758439573 ], [ -62.546147765138819, -31.657086564388518 ], [ -62.546160369655475, -31.657097435817814 ], [ -62.546182480183639, -31.657105634396082 ], [ -62.546199356368696, -31.657105694403601 ], [ -62.546221545820977, -31.657097653345037 ], [ -62.546234255569686, -31.657086871926886 ], [ -62.546243840489076, -31.657067959442251 ], [ -62.546243910635404, -31.657053524215325 ], [ -62.546253495549344, -31.657034611729809 ], [ -62.546266205285733, -31.657023830308276 ], [ -62.54628839471286, -31.657015789237729 ], [ -62.546305270881923, -31.657015849231101 ], [ -62.546327578653688, -31.65698344870777 ], [ -62.546340446169616, -31.656940188017067 ], [ -62.546350307186849, -31.656864436815351 ], [ -62.54635058770382, -31.656806695904759 ], [ -62.546369941513568, -31.656730978441395 ], [ -62.54639546605614, -31.656687762729664 ], [ -62.546439923603771, -31.656655440905457 ], [ -62.546473675812415, -31.656655560848684 ], [ -62.546517936153712, -31.656663838076586 ], [ -62.54654319773848, -31.656674754440701 ], [ -62.546562091358886, -31.656693768131824 ], [ -62.546562021262716, -31.656708203360175 ], [ -62.546571422077541, -31.656727183323298 ], [ -62.546584026596072, -31.656738054711372 ], [ -62.546606137077688, -31.656746253216248 ], [ -62.54662301319879, -31.656746313167151 ], [ -62.546645084263901, -31.656762631481293 ], [ -62.546657636234634, -31.656784329283433 ], [ -62.546666945096121, -31.656822255476719 ], [ -62.546666804935462, -31.656851125933262 ], [ -62.546676113806988, -31.656889052125585 ], [ -62.546688665801604, -31.656910749924474 ], [ -62.546710736916829, -31.656927068227322 ], [ -62.546727613070857, -31.656927128164689 ], [ -62.546749881262365, -31.656902847381424 ], [ -62.546762696022405, -31.656870413066954 ], [ -62.546772464730523, -31.656813608065985 ], [ -62.546772674922138, -31.656770302380224 ], [ -62.546782443612926, -31.656713497377439 ], [ -62.546795258334882, -31.656681063058397 ], [ -62.546817526449459, -31.65665678226167 ], [ -62.546834402554872, -31.656656842184468 ], [ -62.54685667065349, -31.656632561380679 ], [ -62.546869485338284, -31.656600127053419 ], [ -62.546879253951147, -31.656543322041006 ], [ -62.54687946409102, -31.656500016352759 ], [ -62.546870247111265, -31.656443143933771 ], [ -62.546857747672966, -31.656410619729151 ], [ -62.546835716057451, -31.656386181634645 ], [ -62.546818840000931, -31.656386121712487 ], [ -62.54679672958504, -31.656377923244602 ], [ -62.546784125089545, -31.656367051877165 ], [ -62.546774724266605, -31.656348071928583 ], [ -62.546774794328911, -31.656333636698971 ], [ -62.54675590073672, -31.656314623038547 ], [ -62.546730639223426, -31.656303706716599 ], [ -62.546686379032636, -31.656295429563428 ], [ -62.546652626953161, -31.656295309677674 ], [ -62.54660820907575, -31.656319511763598 ], [ -62.546582737302977, -31.656351901100333 ], [ -62.546563475747803, -31.656408672364755 ], [ -62.546563265462133, -31.65645197805171 ], [ -62.54655349666762, -31.656508783039058 ], [ -62.54654068188642, -31.656541217334148 ], [ -62.546518413728421, -31.656565498082568 ], [ -62.546501537640246, -31.65656543811814 ], [ -62.546479466646709, -31.656549119779349 ], [ -62.5464669147485, -31.656527421959563 ], [ -62.546457605996309, -31.656489495750989 ], [ -62.54645774621968, -31.656460625293629 ], [ -62.546448437477515, -31.656422699084089 ], [ -62.546435885603188, -31.656401001261059 ], [ -62.546413814659765, -31.656384682910947 ], [ -62.546396938604509, -31.656384622932993 ], [ -62.546374986006306, -31.656343945127663 ], [ -62.546362591942831, -31.65628976803244 ], [ -62.546353559381046, -31.656195003101143 ], [ -62.546353910015469, -31.656122826955222 ], [ -62.546335384731726, -31.656028028278957 ], [ -62.546310333745254, -31.655973806186086 ], [ -62.546266231564225, -31.65593304962221 ], [ -62.5462324796177, -31.655932929626566 ], [ -62.546188219648606, -31.655924652302218 ], [ -62.546162958308024, -31.655913735868857 ], [ -62.54614406492545, -31.655894722118575 ], [ -62.546144135083992, -31.65588028688919 ], [ -62.54613473443947, -31.655861306893708 ], [ -62.546122130090858, -31.655850435461389 ], [ -62.546100019863914, -31.655842236873902 ], [ -62.546083143907424, -31.655842176855359 ], [ -62.546060954743261, -31.655850217894152 ], [ -62.546048245144931, -31.655860999298522 ], [ -62.546038660313151, -31.655879911772828 ], [ -62.546038590138295, -31.655894347001983 ], [ -62.546029005301058, -31.655913259475433 ], [ -62.546016295690393, -31.655924040876393 ], [ -62.545994106501077, -31.65593208190322 ], [ -62.545977230528599, -31.65593202187053 ], [ -62.5459550018534, -31.655948182706734 ], [ -62.545942239587021, -31.655969790521731 ], [ -62.545932562596015, -31.656007649225135 ], [ -62.545932422212765, -31.656036519682434 ], [ -62.545941730708378, -31.656074445929573 ], [ -62.545954282424333, -31.65609614380082 ], [ -62.545976353218883, -31.656112462229736 ], [ -62.54599322922396, -31.656112522262838 ], [ -62.546015339504983, -31.656120720869001 ], [ -62.546027943877114, -31.656131592311624 ], [ -62.546037344526326, -31.656150572314235 ], [ -62.546037274350532, -31.656165007542771 ], [ -62.546018196724376, -31.656183886249202 ], [ -62.545992830060264, -31.656194622624778 ], [ -62.545948491026422, -31.656202584848515 ], [ -62.54591473898396, -31.656202464767926 ], [ -62.545870518405437, -31.656186067516977 ], [ -62.545845309686612, -31.656164324599764 ], [ -62.545826508467705, -31.656126364566351 ], [ -62.54582664888418, -31.656097494109872 ], [ -62.545826872672549, -31.65605148181962 ], [ -62.545827030640503, -31.656019002555688 ], [ -62.545827201772155, -31.655983816686277 ], [ -62.545827271979917, -31.655969381457719 ], [ -62.545817871391378, -31.655950401439689 ], [ -62.545805267068154, -31.655939529976465 ], [ -62.545783156848742, -31.655931331334259 ], [ -62.545766280876883, -31.65593127127369 ], [ -62.545744170662935, -31.655923072624763 ], [ -62.545731566352039, -31.655912201154315 ], [ -62.545722165788646, -31.655893221129308 ], [ -62.545722236012409, -31.655878785900757 ], [ -62.545731820907847, -31.655859873450819 ], [ -62.545744530542159, -31.655849092078299 ], [ -62.545766719732597, -31.655841051094793 ], [ -62.545783595688142, -31.655841111155151 ], [ -62.545805824366894, -31.655824950348574 ], [ -62.545818586644451, -31.655803342546818 ], [ -62.545828263659303, -31.655765483851106 ], [ -62.545828404073269, -31.655736613392985 ], [ -62.545819095655716, -31.655698687136322 ], [ -62.54580654402357, -31.655676989251234 ], [ -62.545784473361024, -31.65566067079309 ], [ -62.545767597438086, -31.655660610733143 ], [ -62.545745487287789, -31.655652412084716 ], [ -62.545732883012874, -31.65564154061428 ], [ -62.545723482475744, -31.655622560588814 ], [ -62.545723552698561, -31.655608125359649 ], [ -62.545714152166617, -31.655589145333447 ], [ -62.545701547903825, -31.655578273859941 ], [ -62.54567943777888, -31.655570075200181 ], [ -62.545662561872568, -31.6555700151265 ], [ -62.545640451753073, -31.655561816460047 ], [ -62.545627847502601, -31.655550944979325 ], [ -62.54561844699581, -31.655531964946128 ], [ -62.545618517234601, -31.655517529716978 ], [ -62.54560911673299, -31.655498549683045 ], [ -62.545596512494662, -31.655487678199236 ], [ -62.545574402400518, -31.655479479521475 ], [ -62.545557526510819, -31.655479419434052 ], [ -62.545535416422133, -31.655471220749568 ], [ -62.545522812196118, -31.655460349258544 ], [ -62.545513411719654, -31.655441369217638 ], [ -62.545513481974446, -31.65542693398849 ], [ -62.545504081503161, -31.655407953946852 ], [ -62.545491477289289, -31.65539708245274 ], [ -62.545469367225955, -31.655388883756956 ], [ -62.545452491352862, -31.655388823655809 ], [ -62.545430365027372, -31.655383966848888 ], [ -62.545417739134635, -31.655377551208357 ], [ -62.545408300728191, -31.655366368916155 ], [ -62.545408342077458, -31.655357874834809 ], [ -62.545408450619234, -31.655335577871174 ], [ -62.545009408847406, -31.655405892510789 ], [ -62.544857392780308, -31.655432678710287 ], [ -62.544631581680243, -31.655472467701124 ], [ -62.544458350199882, -31.655502991618043 ], [ -62.544458221675562, -31.6555293382124 ] ] ], [ [ [ -62.538307065159451, -31.660949286144017 ], [ -62.53832213649477, -31.660952141970338 ], [ -62.5383616987545, -31.660959638506 ], [ -62.538545020811206, -31.661116069627329 ], [ -62.538607192033297, -31.661169120970179 ], [ -62.538614857946797, -31.661175662366706 ], [ -62.538798180851892, -31.661332093127196 ], [ -62.53908146494129, -31.661294283511463 ], [ -62.539189382631378, -31.66127987968229 ], [ -62.539205215891286, -31.661277766400936 ], [ -62.539472666414945, -31.66124206919481 ], [ -62.539472687699089, -31.661237754298259 ], [ -62.539472695807326, -31.661236110528133 ], [ -62.53946321318449, -31.661233918821612 ], [ -62.539450561579464, -31.661232640315269 ], [ -62.539428415189782, -31.661231635753687 ], [ -62.53941153827494, -31.661231574843782 ], [ -62.539389427384151, -31.661223375094078 ], [ -62.539376823113805, -31.661212503005263 ], [ -62.539367423328592, -31.661193522535079 ], [ -62.539367494549403, -31.661179087331366 ], [ -62.539358094769369, -31.66116010686045 ], [ -62.53934549051116, -31.661149234768565 ], [ -62.539323379645722, -31.661141035007542 ], [ -62.539306502747515, -31.661140974083889 ], [ -62.539284391887549, -31.661132774316183 ], [ -62.539271787641653, -31.661121902217058 ], [ -62.539262387886787, -31.661102921739168 ], [ -62.539262459123577, -31.661088486535466 ], [ -62.539253059373884, -31.66106950605684 ], [ -62.539240455140124, -31.661058633954635 ], [ -62.539218344305517, -31.66105043417561 ], [ -62.539201467423936, -31.661050373238226 ], [ -62.539179356594786, -31.661042173452472 ], [ -62.539166752373355, -31.661031301343073 ], [ -62.539157352648814, -31.661012320857456 ], [ -62.539157423901592, -31.660997885653764 ], [ -62.539148024182246, -31.660978905167429 ], [ -62.539135419972951, -31.660968033054932 ], [ -62.539113309169146, -31.660959833257877 ], [ -62.539096432304198, -31.660959772306768 ], [ -62.539074361592675, -31.660943452700945 ], [ -62.539061810847294, -31.660921754178489 ], [ -62.539052504695093, -31.660883827480259 ], [ -62.539052647232303, -31.660854957072676 ], [ -62.539043341090135, -31.660817030373472 ], [ -62.539030790368614, -31.660795331847769 ], [ -62.539008719707219, -31.660779012230648 ], [ -62.538991842875205, -31.66077895126601 ], [ -62.538969732128905, -31.660770751444389 ], [ -62.538957127968388, -31.660759879314387 ], [ -62.538947728313268, -31.660740898813209 ], [ -62.538947799597707, -31.660726463609329 ], [ -62.538957386369127, -31.660707551700273 ], [ -62.538970097444064, -31.660696771024302 ], [ -62.538992288360106, -31.660688731241226 ], [ -62.539009165175813, -31.660688792205651 ], [ -62.539031436266903, -31.660664512811035 ], [ -62.539044254231371, -31.660632079321037 ], [ -62.539054028050941, -31.660575274992635 ], [ -62.5390542418534, -31.660531969379115 ], [ -62.538997563345589, -31.660474925018573 ], [ -62.538921778246703, -31.66044217144583 ], [ -62.53878899400955, -31.660417331795767 ], [ -62.53868773341361, -31.660416965803851 ], [ -62.538554788753054, -31.66042460511968 ], [ -62.538478789785444, -31.660435156896551 ], [ -62.538421737025118, -31.660453897101974 ], [ -62.538421665660117, -31.660468332305392 ], [ -62.538412078805898, -31.660487244174117 ], [ -62.538399367696087, -31.660498024794517 ], [ -62.538377176775889, -31.660506064474671 ], [ -62.538360299994707, -31.660506003426988 ], [ -62.538338109069336, -31.660514043100282 ], [ -62.538325397947396, -31.660524823713164 ], [ -62.538315811067825, -31.66054373557424 ], [ -62.53831573968619, -31.660558170777239 ], [ -62.538306152801148, -31.660577082637435 ], [ -62.53829344166688, -31.660587863246906 ], [ -62.538271250716342, -31.660595902908238 ], [ -62.53825437391918, -31.660595841846391 ], [ -62.538232182963469, -31.660603881500865 ], [ -62.538219471817065, -31.660614662102805 ], [ -62.538209884906678, -31.660633573955359 ], [ -62.538209813508416, -31.660648009157939 ], [ -62.538209695381077, -31.660666955272927 ], [ -62.538209609276223, -31.660677781557016 ], [ -62.538209512141485, -31.660685901152252 ], [ -62.538209468733399, -31.660685900995173 ], [ -62.538209354787156, -31.660685900582852 ], [ -62.538233776960453, -31.660793373970595 ], [ -62.538243080659896, -31.660834316211968 ], [ -62.538267502908703, -31.660941789591494 ], [ -62.538307065159451, -31.660949286144017 ] ] ], [ [ [ -62.54063675008522, -31.661086689541186 ], [ -62.540713438580802, -31.661076452916237 ], [ -62.540783621148456, -31.66106708468088 ], [ -62.540800509423249, -31.66106483036382 ], [ -62.540879673200877, -31.661054263222784 ], [ -62.540968336611286, -31.661042427966304 ], [ -62.541110831332546, -31.661023406888834 ], [ -62.54121216087939, -31.661009880691932 ], [ -62.541478150800003, -31.660974374041487 ], [ -62.541478163221697, -31.660971844770032 ], [ -62.541478167953777, -31.660970881238036 ], [ -62.541468680923941, -31.660969582493486 ], [ -62.541456026818928, -31.660968814364978 ], [ -62.541433878586318, -31.66096819278604 ], [ -62.54141700171435, -31.660968132141786 ], [ -62.541395130014863, -31.660911213909838 ], [ -62.541382844637575, -31.660835383578465 ], [ -62.541374002891345, -31.660702725982603 ], [ -62.541374499254701, -31.660601679519701 ], [ -62.541394137107176, -31.660469124264623 ], [ -62.541419824512225, -31.660393430383159 ], [ -62.541464405175034, -31.660336750927339 ], [ -62.541498158690999, -31.660336872198926 ], [ -62.541542500052209, -31.660328911548678 ], [ -62.541567868345972, -31.660318176080107 ], [ -62.541586947718891, -31.660299298067663 ], [ -62.541587018594065, -31.660284862857424 ], [ -62.541596604786939, -31.660265950743288 ], [ -62.541609315499755, -31.660255169800227 ], [ -62.541631506089011, -31.66024712955452 ], [ -62.541648382831156, -31.660247190169173 ], [ -62.541670613275166, -31.660231030110687 ], [ -62.54168337711976, -31.660209422752104 ], [ -62.541693056287009, -31.660171564416224 ], [ -62.54169319800377, -31.660142693994722 ], [ -62.541677527779072, -31.660121650773437 ], [ -62.541664904547616, -31.660104699288215 ], [ -62.541627038238367, -31.660082910091425 ], [ -62.541560665922049, -31.660066431786305 ], [ -62.541510035794403, -31.660066249901771 ], [ -62.541443703390684, -31.660041651730136 ], [ -62.541405890336094, -31.660009036060373 ], [ -62.541377690102422, -31.659952095077031 ], [ -62.541377902821921, -31.659908789445154 ], [ -62.541368688888682, -31.659851916687689 ], [ -62.541356190932738, -31.659819391975375 ], [ -62.541334159976628, -31.659794952950168 ], [ -62.541317283316971, -31.659794892294727 ], [ -62.541295172593124, -31.659786692875038 ], [ -62.541282568290185, -31.659775820971717 ], [ -62.541273168256559, -31.659756840635346 ], [ -62.541273239178743, -31.65974240542451 ], [ -62.54126383915029, -31.659723425087392 ], [ -62.541251234859487, -31.659712553181016 ], [ -62.541229124160992, -31.659704353749998 ], [ -62.541212247517954, -31.659704293080821 ], [ -62.54118977771649, -31.659769171897238 ], [ -62.541176694602072, -31.659855737654485 ], [ -62.541166456614214, -31.660007273231358 ], [ -62.541165889097449, -31.660122754910489 ], [ -62.541155651057167, -31.660274290479741 ], [ -62.541142567834292, -31.660360856225697 ], [ -62.541120097820624, -31.660425735021196 ], [ -62.541103221047443, -31.660425674336366 ], [ -62.541081030371245, -31.660433714489166 ], [ -62.541068319573533, -31.660444495378506 ], [ -62.541058733255355, -31.660463407451232 ], [ -62.54105866229802, -31.660477842659986 ], [ -62.541039582782346, -31.660496720591564 ], [ -62.541014214380418, -31.660507455953784 ], [ -62.540969872891559, -31.660515416419024 ], [ -62.540936119313564, -31.660515295007119 ], [ -62.540872831355358, -31.660515067335716 ], [ -62.540847516172278, -31.660514976258376 ], [ -62.540847329823066, -31.660552868679854 ], [ -62.540847258832805, -31.660567303887973 ], [ -62.540837672457123, -31.660586215943198 ], [ -62.540824961610639, -31.66059699680758 ], [ -62.540802770870194, -31.660605036911154 ], [ -62.540785894065358, -31.660604976184068 ], [ -62.540763543562093, -31.660645495498329 ], [ -62.540750619682406, -31.660699581978061 ], [ -62.540740660485156, -31.660794278864508 ], [ -62.540740305447514, -31.660866454900983 ], [ -62.540730346219803, -31.660961151783887 ], [ -62.540717422274867, -31.661015238256994 ], [ -62.540695071641501, -31.661055757555445 ], [ -62.540678194755451, -31.661055696813339 ], [ -62.540656083792022, -31.661047497282212 ], [ -62.540643479396003, -31.661036625317021 ], [ -62.540634079369305, -31.661017644937342 ], [ -62.540634150393792, -31.661003209730655 ], [ -62.540624750372274, -31.660984229350245 ], [ -62.540612145988391, -31.660973357381966 ], [ -62.540590035050322, -31.660965157839531 ], [ -62.540573158180898, -31.660965097083686 ], [ -62.540551047248279, -31.66095689753454 ], [ -62.540538442876723, -31.66094602555906 ], [ -62.540529042880358, -31.660927045171661 ], [ -62.540529113920833, -31.660912609964992 ], [ -62.540519713929648, -31.660893629576847 ], [ -62.540507109570235, -31.660882757598284 ], [ -62.540484998662969, -31.660874558037822 ], [ -62.540468121810179, -31.660874497268246 ], [ -62.540446010908369, -31.660866297701066 ], [ -62.540433406561284, -31.66085542571529 ], [ -62.540424006595259, -31.660836445320175 ], [ -62.540424077651714, -31.660822010113517 ], [ -62.540414677690876, -31.660803029717655 ], [ -62.540402073355921, -31.6607921577288 ], [ -62.54037996247947, -31.660783958150319 ], [ -62.540363085643307, -31.660783897366997 ], [ -62.540341014748691, -31.660767577978088 ], [ -62.540328463730411, -31.660745879577032 ], [ -62.540319157079054, -31.660707952965382 ], [ -62.540319299223611, -31.660679082551866 ], [ -62.540314645902029, -31.660660119245659 ], [ -62.54030999258228, -31.660641155939256 ], [ -62.54029744158786, -31.660619457534928 ], [ -62.540275370743373, -31.660603138134729 ], [ -62.540258493940136, -31.6606030773379 ], [ -62.540236303150735, -31.660611117342487 ], [ -62.540223592232152, -31.660621898146228 ], [ -62.540214005725005, -31.660640810153186 ], [ -62.540213934636583, -31.660655245359823 ], [ -62.540204348123972, -31.660674157365904 ], [ -62.540191637193061, -31.660684938166252 ], [ -62.540169446378506, -31.660692978158863 ], [ -62.540152569559282, -31.660692917347873 ], [ -62.540130538717783, -31.660668478119259 ], [ -62.540118041089137, -31.66063595329291 ], [ -62.540108827858525, -31.660579080457577 ], [ -62.540109041171775, -31.660535774837665 ], [ -62.540118814333709, -31.660478970420563 ], [ -62.540131631895541, -31.660446536816579 ], [ -62.540153902638664, -31.660422257221803 ], [ -62.540170779408967, -31.660422318032165 ], [ -62.540215080931262, -31.660422477648723 ], [ -62.54021510758912, -31.660417064446044 ], [ -62.540215320851722, -31.660373758824392 ], [ -62.540215640744776, -31.66030880039137 ], [ -62.540215854006235, -31.660265494768982 ], [ -62.540225627072857, -31.660208690340408 ], [ -62.540238444559385, -31.660176256723616 ], [ -62.540260715209598, -31.660151977108313 ], [ -62.540277591931307, -31.660152037904076 ], [ -62.54029982258659, -31.660135878086184 ], [ -62.540312586733364, -31.660114270867279 ], [ -62.54032226644474, -31.660076412639977 ], [ -62.540322408584835, -31.660047542223587 ], [ -62.540313008720695, -31.660028561818891 ], [ -62.540303608860327, -31.66000958141348 ], [ -62.540278400431333, -31.659987837412167 ], [ -62.540234179083775, -31.659971438210313 ], [ -62.540200425705912, -31.659971316605684 ], [ -62.540156084406561, -31.65997927679059 ], [ -62.540130716046704, -31.659990011978422 ], [ -62.540128287734348, -31.659992414606844 ], [ -62.540111636446191, -31.660008889771866 ], [ -62.540111565343679, -31.660023324979718 ], [ -62.540101978876983, -31.660042236980409 ], [ -62.540089268021376, -31.660053017772313 ], [ -62.540067077349143, -31.660061057749282 ], [ -62.540050200644387, -31.660060996925832 ], [ -62.540028009966967, -31.660069036895937 ], [ -62.540015299099224, -31.66007981768032 ], [ -62.540005712607169, -31.660098729673365 ], [ -62.540005641488044, -31.660113164880812 ], [ -62.539996054990532, -31.660132076872966 ], [ -62.539983344110453, -31.660142857653966 ], [ -62.539961153407887, -31.660150897612102 ], [ -62.539944276687152, -31.660150836774488 ], [ -62.539922166003088, -31.660142637117694 ], [ -62.53990956181427, -31.66013176508045 ], [ -62.5399001620262, -31.660112784646319 ], [ -62.539900233161632, -31.660098349439078 ], [ -62.539871847082637, -31.660079300551402 ], [ -62.539833927849827, -31.660068337231973 ], [ -62.539767515847288, -31.660059977801318 ], [ -62.539716885735892, -31.660059795205438 ], [ -62.539583981695664, -31.660059315795696 ], [ -62.539583607977931, -31.660135100630413 ], [ -62.539583465608899, -31.660163971043385 ], [ -62.539573785589141, -31.660201829211186 ], [ -62.53956102126012, -31.660223436354158 ], [ -62.539538790457577, -31.660239596041716 ], [ -62.539521913721799, -31.660239535148094 ], [ -62.539499642859965, -31.660263814632131 ], [ -62.539486825105328, -31.660296248171701 ], [ -62.539477051580079, -31.66035305253855 ], [ -62.539476837975215, -31.660396358155829 ], [ -62.539481444388102, -31.66042479459535 ], [ -62.539486050803667, -31.660453231034602 ], [ -62.539498548187709, -31.660485755921446 ], [ -62.539517528423943, -31.660506811349975 ], [ -62.539520578819861, -31.660510195257867 ], [ -62.539537455604552, -31.660510256152119 ], [ -62.539559646428465, -31.660502216269261 ], [ -62.539572357406378, -31.660491435532027 ], [ -62.539581944027141, -31.660472523573929 ], [ -62.539582015212773, -31.660458088368145 ], [ -62.539601095012344, -31.66043921065712 ], [ -62.539626463554448, -31.66042847557706 ], [ -62.53967080511039, -31.66042051557919 ], [ -62.539704558648133, -31.660420637325426 ], [ -62.539748780112014, -31.660437036710796 ], [ -62.539773988536211, -31.66045878081519 ], [ -62.539792788132438, -31.660496741699472 ], [ -62.53979264582609, -31.660525612111659 ], [ -62.539782965851536, -31.660563470293642 ], [ -62.53977020152012, -31.660585077456304 ], [ -62.539747970666376, -31.660601237178906 ], [ -62.539731093864738, -31.660601176312337 ], [ -62.539708863000456, -31.660617336027986 ], [ -62.53969609864447, -31.660638943182818 ], [ -62.539691258632494, -31.660657872269702 ], [ -62.539686418618508, -31.660676801356328 ], [ -62.539686276278253, -31.660705671767275 ], [ -62.539695582671705, -31.660743598422638 ], [ -62.539708133541787, -31.660765296884552 ], [ -62.539730204323796, -31.660781616381861 ], [ -62.539747081158069, -31.660781677248867 ], [ -62.539769191976966, -31.660789876936473 ], [ -62.539781796237108, -31.660800748987135 ], [ -62.53979119606845, -31.660819729428407 ], [ -62.539791124914153, -31.660834164633759 ], [ -62.539800524750675, -31.660853145074277 ], [ -62.539813129022946, -31.660864017121877 ], [ -62.539835239867202, -31.660872216798182 ], [ -62.539852116718087, -31.660872277651436 ], [ -62.5398742275678, -31.660880477321026 ], [ -62.539886831852392, -31.660891349361396 ], [ -62.539896231714081, -31.660910329794941 ], [ -62.539896160575772, -31.660924765000317 ], [ -62.539905560442634, -31.660943745433119 ], [ -62.539918164739369, -31.660954617470413 ], [ -62.539940275614434, -31.660962817128684 ], [ -62.539957152481946, -31.660962877968217 ], [ -62.539979263362483, -31.66097107761977 ], [ -62.539991867671532, -31.660981949649859 ], [ -62.540001267563547, -31.66100093007568 ], [ -62.540001196441231, -31.661015365281067 ], [ -62.540010596338433, -31.661034345706149 ], [ -62.540023200659626, -31.661045217733147 ], [ -62.540045311565514, -31.66105341737341 ], [ -62.540062188449653, -31.661053478199207 ], [ -62.540084299360998, -31.661061677832734 ], [ -62.540096903694511, -31.661072549852516 ], [ -62.540106303616874, -31.661091530270625 ], [ -62.540106232510531, -31.661105965476018 ], [ -62.540115114361662, -31.661124944026447 ], [ -62.540127027938624, -31.661135813553997 ], [ -62.540147930030002, -31.661144008820546 ], [ -62.540163885905848, -31.661144066314264 ], [ -62.540205770080121, -31.661144217225768 ], [ -62.540215463494398, -31.661142923354998 ], [ -62.540429848298658, -31.661114307209854 ], [ -62.540451699364084, -31.661111390502125 ], [ -62.540515211394897, -31.661102912813949 ], [ -62.54063675008522, -31.661086689541186 ] ] ], [ [ [ -62.53811014642271, -31.660249316958904 ], [ -62.538117342570459, -31.660280984992692 ], [ -62.538118306784028, -31.660285228198543 ], [ -62.538120083961324, -31.660293049005436 ], [ -62.538127280115624, -31.660324717038513 ], [ -62.538162615100447, -31.660324844915852 ], [ -62.538176076047129, -31.660324893628456 ], [ -62.538193783702106, -31.660316837759755 ], [ -62.538203932959973, -31.660306047889385 ], [ -62.538211598449607, -31.660287129083517 ], [ -62.538211669846589, -31.66027269388011 ], [ -62.5382212567186, -31.660253782025993 ], [ -62.538233967815131, -31.660243001422806 ], [ -62.538256158684504, -31.660234961766747 ], [ -62.538273035416452, -31.660235022827727 ], [ -62.538295226280646, -31.660226983164826 ], [ -62.538307937365033, -31.660216202554082 ], [ -62.538317524211699, -31.660197290692334 ], [ -62.538317595592048, -31.660182855488511 ], [ -62.538346168742436, -31.660164012308627 ], [ -62.538384194888465, -31.660153323262637 ], [ -62.538450687103669, -31.66014544380781 ], [ -62.538501317252482, -31.660145626906445 ], [ -62.538567849582705, -31.660129627587924 ], [ -62.538605929191831, -31.660108112072013 ], [ -62.538610595864199, -31.660101960301283 ], [ -62.538634595883785, -31.660070322620395 ], [ -62.538634738545696, -31.66004145221083 ], [ -62.538630085597156, -31.660022488844881 ], [ -62.53862543265047, -31.660003525478722 ], [ -62.538612882133492, -31.659981826911135 ], [ -62.538590811736547, -31.6599655072222 ], [ -62.538573935052554, -31.659965446203692 ], [ -62.538551824535645, -31.65995724631081 ], [ -62.538539220532918, -31.659946374139675 ], [ -62.538529821042914, -31.659927393606878 ], [ -62.538529892389704, -31.65991295840201 ], [ -62.538539479159688, -31.659894046521963 ], [ -62.538552190170357, -31.659883265885643 ], [ -62.538574380927145, -31.659875226172716 ], [ -62.538591257594817, -31.659875287191007 ], [ -62.538613448346432, -31.659867247471229 ], [ -62.538626159344965, -31.659856466827371 ], [ -62.538635746089597, -31.659837554939678 ], [ -62.538635817419753, -31.65982311973438 ], [ -62.538654897277347, -31.659804242163538 ], [ -62.538680265752312, -31.65979350726991 ], [ -62.538724607082365, -31.659785547597899 ], [ -62.538758360386062, -31.659785669592207 ], [ -62.53880262148882, -31.659793949499416 ], [ -62.538827882993857, -31.659804867384839 ], [ -62.538846775653404, -31.659823882199952 ], [ -62.538846704355862, -31.659838317405661 ], [ -62.538856103901857, -31.659857297915906 ], [ -62.538868707930014, -31.659868170056143 ], [ -62.538890818454469, -31.659876369894288 ], [ -62.538907695123122, -31.659876430870764 ], [ -62.538929805653055, -31.659884630702201 ], [ -62.538942409693526, -31.659895502835219 ], [ -62.538951809264674, -31.659914483338493 ], [ -62.538951737983126, -31.659928918544189 ], [ -62.538942151292567, -31.659947830455884 ], [ -62.538929440317531, -31.659958611131287 ], [ -62.538907249570599, -31.659966650905957 ], [ -62.538890372885668, -31.65996658992929 ], [ -62.538868182133541, -31.6599746296971 ], [ -62.53885547114637, -31.659985410364968 ], [ -62.538845884430458, -31.66000432226901 ], [ -62.538845813132284, -31.660018757474312 ], [ -62.538855212695779, -31.660037737984265 ], [ -62.53886781674791, -31.660048610124495 ], [ -62.538889927314813, -31.660056809962988 ], [ -62.538906804016072, -31.660056870939876 ], [ -62.53892891458846, -31.660065070771648 ], [ -62.538941518652912, -31.660075942904676 ], [ -62.538950918241568, -31.660094923407655 ], [ -62.538950846959374, -31.660109358612953 ], [ -62.538960246553202, -31.660128339115193 ], [ -62.53897285062979, -31.660139211245138 ], [ -62.538994961227509, -31.660147411065605 ], [ -62.539011837945395, -31.660147472028754 ], [ -62.5390339485486, -31.660155671842514 ], [ -62.539046552637501, -31.660166543965246 ], [ -62.539055952256504, -31.660185524460505 ], [ -62.539055880990297, -31.660199959665814 ], [ -62.539074773775631, -31.660218974447218 ], [ -62.539100035427531, -31.660229892279443 ], [ -62.539144296772228, -31.660238172069874 ], [ -62.539178050241539, -31.660238293954734 ], [ -62.539222391743152, -31.660230334111947 ], [ -62.539247760270747, -31.660219599106682 ], [ -62.539266840087883, -31.660200721445108 ], [ -62.539266911321469, -31.660186286239348 ], [ -62.539276497971677, -31.660167374303587 ], [ -62.539289208935834, -31.660156593593861 ], [ -62.539311399696096, -31.660148553753135 ], [ -62.539328276414928, -31.660148614674434 ], [ -62.539350467170024, -31.660140574826865 ], [ -62.539363178122031, -31.660129794109594 ], [ -62.539372764746879, -31.660110882166201 ], [ -62.539372835963853, -31.660096446960011 ], [ -62.539391915730441, -31.660077569278897 ], [ -62.539417284197256, -31.660066834239107 ], [ -62.53946162559793, -31.660058874312003 ], [ -62.539495379003959, -31.660058996112319 ], [ -62.539583981695664, -31.660059315795696 ], [ -62.539584355411982, -31.659983530960105 ], [ -62.539584497779735, -31.65995466054629 ], [ -62.539594177768222, -31.659916802375946 ], [ -62.539606942046774, -31.659895195228145 ], [ -62.539629172754893, -31.659879035526945 ], [ -62.539646049425755, -31.659879096405763 ], [ -62.539668280123323, -31.659862936697614 ], [ -62.539681044377289, -31.659841329541987 ], [ -62.539690724314383, -31.659803471363151 ], [ -62.53969086664825, -31.659774600948083 ], [ -62.539710039687087, -31.659736777007168 ], [ -62.539735461394912, -31.659715215496519 ], [ -62.539779842626039, -31.659699135652129 ], [ -62.53981359590351, -31.659699257367059 ], [ -62.539857857063765, -31.659707536908883 ], [ -62.539883118671661, -31.659718454586528 ], [ -62.539902011530906, -31.659737469247574 ], [ -62.539901940396746, -31.659751904455618 ], [ -62.539920833266542, -31.659770919113878 ], [ -62.53994609489903, -31.659781836779182 ], [ -62.539990356110678, -31.659790116275442 ], [ -62.540024109422028, -31.659790237935006 ], [ -62.540068450642046, -31.659782277794974 ], [ -62.540093818952144, -31.659771542618696 ], [ -62.540112898507104, -31.659752664826794 ], [ -62.540112969608657, -31.659738229618299 ], [ -62.540122556041126, -31.65971931761559 ], [ -62.540135266847003, -31.659708536819338 ], [ -62.540157457429331, -31.65970049682921 ], [ -62.540174334069185, -31.659700557637862 ], [ -62.54019652464634, -31.659692517640899 ], [ -62.540209235440081, -31.659681736837094 ], [ -62.540218821847191, -31.659662824826732 ], [ -62.540218892932117, -31.659648389617832 ], [ -62.540237972436536, -31.65962951180639 ], [ -62.540263340685854, -31.659618776595579 ], [ -62.540307681804933, -31.659610816371245 ], [ -62.540341435052973, -31.659610937946276 ], [ -62.540385776162019, -31.659602977694679 ], [ -62.540411144387463, -31.659592242454217 ], [ -62.540430223841774, -31.659573364613383 ], [ -62.540430294893767, -31.659558929403843 ], [ -62.54042089505549, -31.659539949005907 ], [ -62.540408290888408, -31.659529077017122 ], [ -62.540386180309085, -31.659520877440936 ], [ -62.540369303701205, -31.659520816660621 ], [ -62.540347233101215, -31.659504497272383 ], [ -62.540334682247455, -31.659482798869242 ], [ -62.540325375712783, -31.659444872251733 ], [ -62.540325517848416, -31.659416001832472 ], [ -62.54032086458519, -31.659397038523345 ], [ -62.540316211323784, -31.65937807521399 ], [ -62.54030366049389, -31.659356376807615 ], [ -62.540281589944009, -31.659340057408077 ], [ -62.540264713369069, -31.659339996614236 ], [ -62.540242602847236, -31.65933179701349 ], [ -62.540229998728933, -31.659320925007194 ], [ -62.540220598954889, -31.659301944594411 ], [ -62.540220670038543, -31.659287509384686 ], [ -62.540201777203634, -31.659268494769734 ], [ -62.540176515678709, -31.659257577155206 ], [ -62.540132254701554, -31.659249297725072 ], [ -62.540098501585234, -31.659249176095955 ], [ -62.54005424061932, -31.659240896638867 ], [ -62.540028979119448, -31.659229978995317 ], [ -62.54001008633545, -31.659210964352297 ], [ -62.540010157451377, -31.659196529142793 ], [ -62.540000757734447, -31.659177548713981 ], [ -62.539988153665199, -31.659166676684027 ], [ -62.539966043209127, -31.659158477035756 ], [ -62.539949166667746, -31.659158416200484 ], [ -62.5399269761974, -31.659166456156118 ], [ -62.539914265442341, -31.659177236933029 ], [ -62.539904679024986, -31.659196148921833 ], [ -62.539904607892744, -31.65921058413111 ], [ -62.539895021469924, -31.659229496119053 ], [ -62.539882310702552, -31.659240276892557 ], [ -62.539860120207038, -31.659248316836209 ], [ -62.539843243649663, -31.659248255986792 ], [ -62.53982125324498, -31.659215696898176 ], [ -62.539808809272593, -31.659172345630164 ], [ -62.539799689745479, -31.659096526550449 ], [ -62.539799974337761, -31.659038785712909 ], [ -62.539752882691872, -31.658962829697327 ], [ -62.539689809290721, -31.658919295820798 ], [ -62.539579217435779, -31.658886417090702 ], [ -62.539494834979877, -31.65888611263863 ], [ -62.539383962838386, -31.65891007237569 ], [ -62.53932051573306, -31.658942323164538 ], [ -62.539272770109548, -31.658998990454215 ], [ -62.539272556421238, -31.659042296079452 ], [ -62.539284528020943, -31.659078716670393 ], [ -62.539291262049801, -31.65909920325225 ], [ -62.539316416591895, -31.6591317738533 ], [ -62.539360597319231, -31.659156293174654 ], [ -62.53939435039846, -31.659156414998602 ], [ -62.539438611262938, -31.659164694683739 ], [ -62.539463872674681, -31.659175612443427 ], [ -62.539482765339329, -31.65919462716629 ], [ -62.539482694141867, -31.659209062374714 ], [ -62.539492093756088, -31.659228042840617 ], [ -62.539504697775122, -31.659238914919008 ], [ -62.539526808208585, -31.659247114646892 ], [ -62.539543684764993, -31.659247175538155 ], [ -62.539565755162485, -31.659263495064106 ], [ -62.539578305807751, -31.659285193541599 ], [ -62.539587612023155, -31.659323120211511 ], [ -62.539587469659878, -31.659351990628188 ], [ -62.53957778973021, -31.659389848801908 ], [ -62.539565025515564, -31.659411455949105 ], [ -62.539542794908883, -31.659427615641256 ], [ -62.539525918319868, -31.659427554749563 ], [ -62.539503727749747, -31.65943559463031 ], [ -62.539491016909345, -31.659446375363778 ], [ -62.539481430378324, -31.65946528731893 ], [ -62.539481359179902, -31.659479722526736 ], [ -62.539452786466519, -31.659498565966992 ], [ -62.539414760706329, -31.659509255336197 ], [ -62.539348269019705, -31.659517135299218 ], [ -62.539297639205664, -31.659516952539807 ], [ -62.539231227646347, -31.659508592833554 ], [ -62.539193308722162, -31.659497629325724 ], [ -62.539164922970485, -31.659478580282137 ], [ -62.539164994217828, -31.659464145074953 ], [ -62.539117622316994, -31.659445027461352 ], [ -62.539054388548699, -31.65943397248979 ], [ -62.538943676030101, -31.659425452619566 ], [ -62.53885929309461, -31.659425147742667 ], [ -62.538748500380933, -31.659432867310699 ], [ -62.538685159684846, -31.659443464966131 ], [ -62.538637600656969, -31.65946223959158 ], [ -62.538637529328092, -31.65947667479767 ], [ -62.538627942621837, -31.659495586686933 ], [ -62.538615231673177, -31.659506367332053 ], [ -62.538593041007893, -31.659514407053408 ], [ -62.538576164405448, -31.659514346035973 ], [ -62.538553973734977, -31.659522385750485 ], [ -62.538541262774196, -31.659533166388059 ], [ -62.538531676042581, -31.659552078269673 ], [ -62.538531604697077, -31.659566513475355 ], [ -62.538512524863997, -31.659585391028717 ], [ -62.538487156427045, -31.65959612588971 ], [ -62.538442815167997, -31.659604085480119 ], [ -62.538409061931453, -31.659603963402979 ], [ -62.538364720662365, -31.659611922966128 ], [ -62.538339352201547, -31.659622657797467 ], [ -62.538332800119427, -31.659629140390095 ], [ -62.538320272318359, -31.65964153532143 ], [ -62.538320200939928, -31.65965597052648 ], [ -62.538310614150824, -31.659674882390572 ], [ -62.538297903141249, -31.659685663003209 ], [ -62.538275712406538, -31.659693702668495 ], [ -62.538258835772446, -31.659693641608783 ], [ -62.538236645032555, -31.659701681267233 ], [ -62.538223934010858, -31.659712461872303 ], [ -62.538214347196401, -31.659731373728764 ], [ -62.538214275801344, -31.659745808933398 ], [ -62.538204688981409, -31.659764720788978 ], [ -62.538191977947385, -31.659775501390666 ], [ -62.538169787182348, -31.659783541037125 ], [ -62.538152910532268, -31.659783479963263 ], [ -62.538130719762044, -31.659791519602891 ], [ -62.538118008715884, -31.659802300197025 ], [ -62.538108421870611, -31.659821212044967 ], [ -62.538108350458927, -31.659835647249174 ], [ -62.538099598731165, -31.659854562118827 ], [ -62.53808800117023, -31.659865346739881 ], [ -62.538067758995695, -31.659873393421062 ], [ -62.538052366992993, -31.659873337707591 ], [ -62.538011962986097, -31.659873191450885 ], [ -62.538039574517441, -31.659978967250435 ], [ -62.538053199935405, -31.66003116417523 ], [ -62.538061054607866, -31.660061254216153 ], [ -62.538068909285265, -31.660091344256507 ], [ -62.53811014642271, -31.660249316958904 ] ] ], [ [ [ -62.541573871716288, -31.659525149251735 ], [ -62.54160762493936, -31.659525270491592 ], [ -62.54165196590538, -31.659517309798552 ], [ -62.541677333965104, -31.659506574304636 ], [ -62.541696413148131, -31.65948769627164 ], [ -62.54169648400412, -31.659473261059361 ], [ -62.541706070089468, -31.659454348933597 ], [ -62.541718780678075, -31.659443567977096 ], [ -62.541740971064364, -31.659435527709402 ], [ -62.541757847660065, -31.659435588308199 ], [ -62.541780077890301, -31.659419428226588 ], [ -62.541792841596319, -31.65939782085302 ], [ -62.541802520630874, -31.659359962502805 ], [ -62.541802662309308, -31.659331092077178 ], [ -62.541796957945763, -31.659307846792732 ], [ -62.54179335519126, -31.659293165560289 ], [ -62.541780804027347, -31.659271467295753 ], [ -62.541758733235845, -31.659255148149203 ], [ -62.541741856672751, -31.659255087550832 ], [ -62.541719785891992, -31.659238768397614 ], [ -62.541707234752415, -31.65921707012588 ], [ -62.541697927683984, -31.65917914360184 ], [ -62.541698069393746, -31.659150273175801 ], [ -62.541707748439677, -31.659112414831441 ], [ -62.541720512119454, -31.659090807463848 ], [ -62.5417427422732, -31.659074647387129 ], [ -62.541759618803681, -31.659074707985077 ], [ -62.541782008340419, -31.659026068671139 ], [ -62.541794984509252, -31.658961155654694 ], [ -62.541805035392734, -31.658847512428551 ], [ -62.541805460416576, -31.658760901144309 ], [ -62.54182500426765, -31.658647291994242 ], [ -62.54185063768189, -31.658582424407403 ], [ -62.541895177368403, -31.658533864582719 ], [ -62.541928930234654, -31.65853398573422 ], [ -62.541973270702869, -31.658526024923571 ], [ -62.541998638455667, -31.658515289361212 ], [ -62.542017717369184, -31.658496411274736 ], [ -62.542017788172771, -31.658481976059551 ], [ -62.542017974031936, -31.658444083619539 ], [ -62.54190194866537, -31.658443667205855 ], [ -62.541840771654776, -31.658443447599819 ], [ -62.541773265988773, -31.658443205241877 ], [ -62.54168462494745, -31.658451006901107 ], [ -62.541633942547747, -31.658461651484863 ], [ -62.541595877588989, -31.658480461320185 ], [ -62.541595806720174, -31.658494896534506 ], [ -62.541605206695976, -31.658513876850289 ], [ -62.541617810868459, -31.658524748722609 ], [ -62.541639921323956, -31.658532948085483 ], [ -62.541656797756275, -31.658533008696097 ], [ -62.541678748790858, -31.65857368728452 ], [ -62.54169114041683, -31.658627864792397 ], [ -62.541700168445857, -31.658722629975088 ], [ -62.541699814178592, -31.658794806044753 ], [ -62.541689856171381, -31.658889503044549 ], [ -62.541676933083359, -31.658943589640337 ], [ -62.541654583371844, -31.658984109128628 ], [ -62.541637706857983, -31.658984048516949 ], [ -62.541615476708067, -31.659000208575623 ], [ -62.541602713016786, -31.659021815932913 ], [ -62.541593033938241, -31.65905967426955 ], [ -62.541592892196491, -31.659088544695546 ], [ -62.541583213106705, -31.659126403030939 ], [ -62.541570449390356, -31.659148010384346 ], [ -62.541548219189544, -31.659164170430397 ], [ -62.541531342643395, -31.659164109804347 ], [ -62.541509072559698, -31.659188389650527 ], [ -62.541496255652987, -31.65922082340542 ], [ -62.541486483469377, -31.659277627948406 ], [ -62.541486270805457, -31.659320933585217 ], [ -62.541467005525682, -31.659377704018979 ], [ -62.541441531134772, -31.659410092289331 ], [ -62.541397110437906, -31.659434292522992 ], [ -62.541363357248713, -31.659434171227755 ], [ -62.541319096077459, -31.659425892207679 ], [ -62.541293834376653, -31.659414974812933 ], [ -62.541274941295683, -31.659395960354907 ], [ -62.54127501221658, -31.659381525143257 ], [ -62.541256119146155, -31.659362510682453 ], [ -62.541230857469941, -31.659351593275378 ], [ -62.541186596350066, -31.659343314209721 ], [ -62.541152843194766, -31.659343192859136 ], [ -62.541108502271321, -31.659351153379362 ], [ -62.541083134190117, -31.659361888760234 ], [ -62.541064054910329, -31.659380766700973 ], [ -62.541063983956811, -31.659395201912186 ], [ -62.541054397748255, -31.659414113988706 ], [ -62.541041687087848, -31.659424894878413 ], [ -62.541019496645468, -31.659432935023979 ], [ -62.541002620051984, -31.659432874327543 ], [ -62.540961483355588, -31.659432726370653 ], [ -62.540958318994342, -31.659432714988796 ], [ -62.540958132697966, -31.659470607417308 ], [ -62.540958061727821, -31.659485042628106 ], [ -62.540967461670434, -31.659504022987637 ], [ -62.540980065900008, -31.659514894921827 ], [ -62.541002176531414, -31.659523094395613 ], [ -62.541019053141206, -31.659523155092248 ], [ -62.541041163778068, -31.659531354559309 ], [ -62.541053768019957, -31.659542226486284 ], [ -62.54106316798773, -31.659561206838841 ], [ -62.541063097033579, -31.659575642049639 ], [ -62.541072497006517, -31.659594622401467 ], [ -62.541085101260549, -31.659605494325351 ], [ -62.541107211922764, -31.659613693781115 ], [ -62.541124088549182, -31.659613754464019 ], [ -62.541146279025973, -31.65960571430082 ], [ -62.541158989699333, -31.659594933401131 ], [ -62.541168575905836, -31.659576021317253 ], [ -62.54116864684368, -31.659561586106229 ], [ -62.54118772613996, -31.65954270815055 ], [ -62.541213094258808, -31.659531972749544 ], [ -62.541257435259872, -31.659524012193931 ], [ -62.54129118848104, -31.659524133517483 ], [ -62.541335449696163, -31.659532412547524 ], [ -62.541360711433533, -31.659543329934174 ], [ -62.541379604561577, -31.659562344379516 ], [ -62.54137953365634, -31.65957677959095 ], [ -62.541388933694037, -31.659595759920069 ], [ -62.541401537985465, -31.659606631813062 ], [ -62.541423648676421, -31.659614831214256 ], [ -62.54144052530382, -31.659614891855327 ], [ -62.541462715754349, -31.659606851636845 ], [ -62.541475426391735, -31.659596070705298 ], [ -62.541485012534572, -31.659577158597052 ], [ -62.541485083423503, -31.659562723385385 ], [ -62.541504162656643, -31.659543845381794 ], [ -62.54152953074022, -31.659533109917533 ], [ -62.541573871716288, -31.659525149251735 ] ] ], [ [ [ -62.542369486238883, -31.658174679486567 ], [ -62.542546688119003, -31.658175314767398 ], [ -62.542546873761317, -31.65813742232276 ], [ -62.542508809115958, -31.658156232434319 ], [ -62.542458126966423, -31.65816687734829 ], [ -62.542369486238883, -31.658174679486567 ] ] ], [ [ [ -62.537367463309451, -31.657404137529721 ], [ -62.537485273376738, -31.657855473259211 ], [ -62.53748539671642, -31.6578305729488 ], [ -62.53748544370292, -31.657821087116226 ], [ -62.537494998286654, -31.657808671363021 ], [ -62.537507690743496, -31.657801602856868 ], [ -62.537529867301913, -31.657796347342483 ], [ -62.537546743591349, -31.657796408495312 ], [ -62.537568933934111, -31.657788368950701 ], [ -62.537581644765737, -31.657777588405807 ], [ -62.537591231501949, -31.657758676590415 ], [ -62.537591302987785, -31.657744241382542 ], [ -62.537600889718547, -31.657725329566272 ], [ -62.537613600537846, -31.657714549017996 ], [ -62.537635790855461, -31.657706509461384 ], [ -62.53765266712891, -31.65770657060007 ], [ -62.537674857441338, -31.657698531036608 ], [ -62.537687568248515, -31.657687750480793 ], [ -62.537697154953911, -31.657668838656882 ], [ -62.53769722642312, -31.657654403448586 ], [ -62.537725798916462, -31.65763556039396 ], [ -62.53776382409756, -31.65762487151942 ], [ -62.537830314557482, -31.657616992367981 ], [ -62.537880943330855, -31.657617175699681 ], [ -62.537947353416989, -31.657625536097058 ], [ -62.537985271432632, -31.657636499969634 ], [ -62.538013656385097, -31.657655549273439 ], [ -62.538013584964787, -31.657669984482354 ], [ -62.538022984128098, -31.657688965056696 ], [ -62.538035587768753, -31.657699837279164 ], [ -62.538057697707188, -31.657708037258843 ], [ -62.538074573981923, -31.657708098341732 ], [ -62.538096683925822, -31.657716298314693 ], [ -62.538109287578799, -31.657727170529945 ], [ -62.538118686767262, -31.657746151097321 ], [ -62.538118615362947, -31.657760586306235 ], [ -62.538147000380398, -31.657779635580649 ], [ -62.5381849184826, -31.657790599394463 ], [ -62.538251328721159, -31.657798959634881 ], [ -62.538301957596204, -31.657799142800513 ], [ -62.538368367852115, -31.657807502980184 ], [ -62.538406285992444, -31.657818466728532 ], [ -62.538434671086854, -31.657837515939505 ], [ -62.538434599731133, -31.657851951148871 ], [ -62.53845185018136, -31.657870960086239 ], [ -62.538474922142164, -31.657881870123106 ], [ -62.538515351594199, -31.657890136270584 ], [ -62.538546185564826, -31.657890247760793 ], [ -62.538627124738539, -31.657890540387154 ], [ -62.538627469059016, -31.657888193701069 ], [ -62.53862897166524, -31.657877952818129 ], [ -62.538629675256225, -31.657873157553713 ], [ -62.538631522182207, -31.657860569984592 ], [ -62.538655425768745, -31.657830180009043 ], [ -62.538664531892849, -31.657818602874244 ], [ -62.5386884354578, -31.65778821289209 ], [ -62.538738071407984, -31.657757915909592 ], [ -62.538740954253853, -31.657756156265819 ], [ -62.538756980332934, -31.657746374196769 ], [ -62.538806616238809, -31.657716077186997 ], [ -62.538872237632901, -31.657699647758758 ], [ -62.538897236253263, -31.657693388919999 ], [ -62.538931698848231, -31.657684760601409 ], [ -62.538952650355348, -31.657679515016646 ], [ -62.53897056653139, -31.657675029378129 ], [ -62.538973503260976, -31.657674294114507 ], [ -62.538981212175905, -31.657672364047201 ], [ -62.539062068548695, -31.657681731572556 ], [ -62.539092870980866, -31.657685300140187 ], [ -62.539141832251104, -31.6576909724558 ], [ -62.539176311513117, -31.657694966973988 ], [ -62.539213548396091, -31.657699280959399 ], [ -62.539228718309218, -31.657701038428289 ], [ -62.53926853933401, -31.657705651775593 ], [ -62.539351490985531, -31.657743200124802 ], [ -62.53936729130772, -31.657750352185253 ], [ -62.539383091632359, -31.657757504243754 ], [ -62.539466043376699, -31.657795052519099 ], [ -62.539495492472, -31.657844259628682 ], [ -62.539500255286036, -31.657852217908822 ], [ -62.53950671118308, -31.657863005192407 ], [ -62.5395361603209, -31.657912212292498 ], [ -62.539546957741386, -31.657942421007945 ], [ -62.539551003587306, -31.6579537403552 ], [ -62.539551071046233, -31.657953929089736 ], [ -62.539552398934177, -31.65795764421447 ], [ -62.539561868476206, -31.657984137803812 ], [ -62.539575453552416, -31.657984186814659 ], [ -62.53958062881955, -31.657984205485079 ], [ -62.539587381320096, -31.6579923497961 ], [ -62.539591209387787, -31.658003190207094 ], [ -62.539594027056395, -31.658022146923784 ], [ -62.539593955879383, -31.658036582135075 ], [ -62.539603355401397, -31.658055562595361 ], [ -62.539615959277043, -31.658066434663365 ], [ -62.53963806944423, -31.658074634370934 ], [ -62.539654945788982, -31.658074695245478 ], [ -62.539677055961626, -31.658082894946322 ], [ -62.539689659849586, -31.658093767007117 ], [ -62.539699059396753, -31.658112747460411 ], [ -62.53969898823572, -31.658127182671731 ], [ -62.539736866641967, -31.658146265833306 ], [ -62.539787442355347, -31.658157274819992 ], [ -62.539876003233395, -31.658165714090039 ], [ -62.539943508680814, -31.658165957449594 ], [ -62.540032149580966, -31.658158156998141 ], [ -62.540082831989821, -31.65814751305016 ], [ -62.54012089711091, -31.658128703666776 ], [ -62.540120968206715, -31.658114268454597 ], [ -62.540149540359934, -31.658095424855361 ], [ -62.540187565460947, -31.658084735258566 ], [ -62.540254056060775, -31.658076854846101 ], [ -62.540304685100786, -31.658077037218693 ], [ -62.540371175686033, -31.658069156745032 ], [ -62.54040920075181, -31.658058467081815 ], [ -62.540437772830465, -31.658039623417174 ], [ -62.540437843877029, -31.658025188204157 ], [ -62.540447430063615, -31.658006276169647 ], [ -62.540460140596629, -31.657995495335587 ], [ -62.540482330742677, -31.657987455282676 ], [ -62.540499207073665, -31.657987516045431 ], [ -62.540521317301817, -31.657995715600652 ], [ -62.540533921277536, -31.658006587579017 ], [ -62.540543320988576, -31.658025567971954 ], [ -62.540543249958318, -31.658040003185167 ], [ -62.540552649674552, -31.658058983577359 ], [ -62.5405652536624, -31.658069855552665 ], [ -62.540587363915897, -31.658078055096571 ], [ -62.540604240263512, -31.658078115845591 ], [ -62.54062635052248, -31.658086315382775 ], [ -62.540638954522649, -31.658097187350862 ], [ -62.540648354264029, -31.658116167736068 ], [ -62.540648283249752, -31.658130602949296 ], [ -62.540638697090571, -31.658149514998779 ], [ -62.540625986556748, -31.658160295850394 ], [ -62.540603796381475, -31.65816833592778 ], [ -62.540586920017546, -31.65816827517855 ], [ -62.540564689884199, -31.658184435056349 ], [ -62.540551926065078, -31.658206042310049 ], [ -62.540542246650368, -31.658243900568589 ], [ -62.540542104588248, -31.658272770994014 ], [ -62.540551411100516, -31.658310697602413 ], [ -62.540563961850907, -31.658332395987184 ], [ -62.540586032214861, -31.658348715338647 ], [ -62.540602908611397, -31.65834877608831 ], [ -62.540625018934023, -31.658356975625999 ], [ -62.540637622970173, -31.658367847594093 ], [ -62.540647022737815, -31.658386827978852 ], [ -62.540646951722579, -31.658401263191461 ], [ -62.540665844475818, -31.658420277742302 ], [ -62.54069110583395, -31.658431195259794 ], [ -62.540735366476319, -31.658439474493946 ], [ -62.540769119302951, -31.658439595951862 ], [ -62.540813300093156, -31.658464114773469 ], [ -62.540838455001889, -31.65849668508119 ], [ -62.540857161482862, -31.658553592037354 ], [ -62.540856948533083, -31.658596897675267 ], [ -62.540847176031392, -31.658653702171765 ], [ -62.540834358971416, -31.658686135861416 ], [ -62.540812088823678, -31.65871041558713 ], [ -62.540795212361274, -31.658710354864521 ], [ -62.540773022068855, -31.658718394969529 ], [ -62.54076031147207, -31.658729175832974 ], [ -62.540750725272432, -31.658748087888721 ], [ -62.540750654272237, -31.658762523100719 ], [ -62.540760054101661, -31.65878150347659 ], [ -62.540772658210358, -31.658792375431343 ], [ -62.540794768652816, -31.658800574940184 ], [ -62.540811645131512, -31.65880063566301 ], [ -62.540833755579428, -31.658808835165139 ], [ -62.54084635970046, -31.658819707112666 ], [ -62.540855759555029, -31.658838687481559 ], [ -62.540855688570815, -31.658853122693575 ], [ -62.540865088430564, -31.658872103061711 ], [ -62.540877692563733, -31.658882975006172 ], [ -62.540899803036986, -31.658891174496986 ], [ -62.540916679532316, -31.658891235206085 ], [ -62.540960980332784, -31.658891394556846 ], [ -62.540961051300833, -31.65887695934471 ], [ -62.540961166623802, -31.658853502124888 ], [ -62.540961237591709, -31.658839066912641 ], [ -62.540970823758492, -31.658820154841031 ], [ -62.540983534343752, -31.658809373956682 ], [ -62.541005724640257, -31.658801333815205 ], [ -62.541022601119593, -31.658801394510146 ], [ -62.541044831323013, -31.658785234554784 ], [ -62.541057595109613, -31.658763627253393 ], [ -62.541067274372494, -31.6587257689574 ], [ -62.54106741627475, -31.658696898531868 ], [ -62.541077095526397, -31.658659040234632 ], [ -62.541089859287951, -31.658637432929375 ], [ -62.541112089440468, -31.65862127296138 ], [ -62.541128965887509, -31.658621333641943 ], [ -62.541151196029467, -31.658605173667016 ], [ -62.54116395976645, -31.658583566353922 ], [ -62.54117363896669, -31.658545708048187 ], [ -62.541173780835067, -31.658516837621434 ], [ -62.541192953011148, -31.658479013442111 ], [ -62.541218374034131, -31.658457451625299 ], [ -62.541262754415897, -31.658441371253925 ], [ -62.541296507245725, -31.658441492572379 ], [ -62.541340927492541, -31.658417292365744 ], [ -62.541366401642748, -31.658384904108196 ], [ -62.541385666770807, -31.658328133679465 ], [ -62.541385879473147, -31.658284828036489 ], [ -62.54135767975886, -31.658227887038446 ], [ -62.541319867460977, -31.658195271341196 ], [ -62.541253536431455, -31.658170673076633 ], [ -62.54120290733394, -31.658170491079971 ], [ -62.541136496547296, -31.658162132370908 ], [ -62.541098577936793, -31.658151169429935 ], [ -62.541070192196671, -31.658132120806329 ], [ -62.54107026314572, -31.658117685592231 ], [ -62.541041877421549, -31.658098636962364 ], [ -62.541003958848208, -31.658087673993528 ], [ -62.540937548139524, -31.658079315181567 ], [ -62.540886919093786, -31.658079133060014 ], [ -62.54082054833291, -31.658062654379588 ], [ -62.54078268304594, -31.658040864935039 ], [ -62.540754390588738, -31.658002870023772 ], [ -62.540754532583726, -31.657973999596248 ], [ -62.540754758887822, -31.657927987352107 ], [ -62.540754905319616, -31.657898214723375 ], [ -62.540356202380359, -31.65789677940926 ], [ -62.540204315553844, -31.657896232295307 ], [ -62.540005004101424, -31.657887394126952 ], [ -62.539891142346228, -31.657876157085887 ], [ -62.539805799406523, -31.657856902829508 ], [ -62.539805870550289, -31.657842467617343 ], [ -62.539796471007804, -31.657823487171171 ], [ -62.539783867143335, -31.657812615120697 ], [ -62.539761757024763, -31.657804415438527 ], [ -62.539744880728598, -31.657804354578577 ], [ -62.539722810640981, -31.657788035082877 ], [ -62.539710260158678, -31.657766336616085 ], [ -62.539700954040235, -31.657728409946916 ], [ -62.539701096359423, -31.657699539522408 ], [ -62.539691790251027, -31.657661612852273 ], [ -62.539679239792569, -31.657639914382237 ], [ -62.539657169755067, -31.657623594875247 ], [ -62.539640293491836, -31.657623534001765 ], [ -62.539618183430747, -31.657615334295024 ], [ -62.539605579615056, -31.657604462227049 ], [ -62.539596180136805, -31.657585481766038 ], [ -62.539596251312226, -31.657571046553688 ], [ -62.539586851839154, -31.657552066091938 ], [ -62.539574248035592, -31.657541194020883 ], [ -62.539552137999863, -31.657532994302837 ], [ -62.539535261753258, -31.657532933415617 ], [ -62.539513151722979, -31.657524733690867 ], [ -62.539500547931745, -31.657513861612596 ], [ -62.539491148483826, -31.657494881143869 ], [ -62.539491219675227, -31.657480445931526 ], [ -62.539481820232481, -31.65746146546206 ], [ -62.539469216453377, -31.657450593380727 ], [ -62.539447106448463, -31.657442393644647 ], [ -62.539430230218485, -31.657442332743699 ], [ -62.539408120219015, -31.657434133000926 ], [ -62.539395516452238, -31.657423260912367 ], [ -62.539386117034645, -31.657404280435923 ], [ -62.539386188242034, -31.657389845223594 ], [ -62.539376788829621, -31.657370864746412 ], [ -62.53936418507498, -31.657359992654765 ], [ -62.539342075100869, -31.657351792900691 ], [ -62.539325198887504, -31.657351731986008 ], [ -62.539303008796239, -31.657359771838994 ], [ -62.539290298218624, -31.657370552558454 ], [ -62.53928071186575, -31.657389464506313 ], [ -62.539280640642062, -31.657403899718407 ], [ -62.539242575652352, -31.657422708854508 ], [ -62.539191893546572, -31.657433352472861 ], [ -62.539103253272692, -31.657441152347481 ], [ -62.539035748357243, -31.657440908548448 ], [ -62.538947108064548, -31.657448708314419 ], [ -62.538896425912469, -31.657459351814907 ], [ -62.538858360824101, -31.6574781608353 ], [ -62.538858289534879, -31.657492596046339 ], [ -62.538810731539783, -31.657511370751859 ], [ -62.538747392156701, -31.657521968453885 ], [ -62.538636601695394, -31.657529687948553 ], [ -62.538552220476753, -31.657529382884906 ], [ -62.538441429992723, -31.657537102209901 ], [ -62.538378090552634, -31.657547699728021 ], [ -62.538330532435111, -31.657566474253244 ], [ -62.538330461064049, -31.657580909463004 ], [ -62.538320874495561, -31.657599821336067 ], [ -62.538308163772783, -31.657610601955927 ], [ -62.538285973534435, -31.657618641630329 ], [ -62.538269097275361, -31.657618580575548 ], [ -62.538246987338965, -31.657610380632399 ], [ -62.538234383685356, -31.657599508430526 ], [ -62.538224984487641, -31.657580527871179 ], [ -62.53822505587501, -31.657566092661614 ], [ -62.538215656682475, -31.657547112101529 ], [ -62.538203053041016, -31.657536239896586 ], [ -62.538180943129966, -31.657528039942136 ], [ -62.538164066887504, -31.657527978873617 ], [ -62.538141956981924, -31.657519778912469 ], [ -62.53812935335278, -31.657508906700304 ], [ -62.538119954185397, -31.657489926133234 ], [ -62.538120025588746, -31.657475490923677 ], [ -62.538101133547521, -31.657456475999943 ], [ -62.538075872761127, -31.657445557973556 ], [ -62.538031612836605, -31.65743727782252 ], [ -62.537997860385289, -31.657437155644072 ], [ -62.537953907989774, -31.657366728516859 ], [ -62.53792905728956, -31.657272947861813 ], [ -62.537910882930539, -31.657108923357782 ], [ -62.537911501106045, -31.656984004676978 ], [ -62.537913123798504, -31.656656093128149 ], [ -62.53761561754628, -31.656708497445535 ], [ -62.537502281745603, -31.656728460811621 ], [ -62.537204775044238, -31.656780864166254 ], [ -62.537322583576248, -31.657232200074851 ], [ -62.537367463309451, -31.657404137529721 ] ] ], [ [ [ -62.541396892937342, -31.656042387551192 ], [ -62.541396782170835, -31.656064941857569 ], [ -62.541396739974047, -31.656073533974251 ], [ -62.541406177334707, -31.656084845236879 ], [ -62.541418802680603, -31.656091334802625 ], [ -62.54144092868475, -31.656096247452151 ], [ -62.541457804676241, -31.656096308084916 ], [ -62.54147991454505, -31.656104507473032 ], [ -62.541492518381204, -31.656115379358582 ], [ -62.541501918102639, -31.656134359686572 ], [ -62.541501847225781, -31.656148794906006 ], [ -62.541511246952396, -31.65616777523325 ], [ -62.541523850800672, -31.656178647115741 ], [ -62.541545960694855, -31.656186846492535 ], [ -62.541562836702944, -31.656186907111579 ], [ -62.541584866880378, -31.656211346103586 ], [ -62.541597364449643, -31.656243870808012 ], [ -62.541606578194873, -31.65630074357902 ], [ -62.541606365611344, -31.656344049236779 ], [ -62.541625072147568, -31.656400956099894 ], [ -62.541650226795063, -31.656433526255533 ], [ -62.541694406878243, -31.65645804477299 ], [ -62.541728158993209, -31.656458165970509 ], [ -62.541772378954022, -31.65647456465037 ], [ -62.541797586796868, -31.656496308362833 ], [ -62.541816386442797, -31.656534268972791 ], [ -62.541816244784073, -31.65656313941113 ], [ -62.541797073262714, -31.656600963701543 ], [ -62.541771652882865, -31.656622525645972 ], [ -62.541727273454995, -31.656638606207906 ], [ -62.541693521274802, -31.65663848500953 ], [ -62.54164918168243, -31.656646445733617 ], [ -62.541623814400857, -31.656657181234078 ], [ -62.5416047357891, -31.656676059269913 ], [ -62.541604664926645, -31.656690494488331 ], [ -62.541614064727362, -31.656709474807133 ], [ -62.541626668660044, -31.656720346679343 ], [ -62.541648778691126, -31.656728546038931 ], [ -62.541665654797356, -31.656728606645302 ], [ -62.541687764833895, -31.656736805998175 ], [ -62.541700368778898, -31.656747677863173 ], [ -62.541709768604761, -31.656766658174973 ], [ -62.5417096977583, -31.656781093393409 ], [ -62.541719097589336, -31.656800073704471 ], [ -62.541731701546475, -31.656810945566392 ], [ -62.541753811608359, -31.656819144907967 ], [ -62.541770687731216, -31.656819205500607 ], [ -62.541792797798571, -31.656827404835461 ], [ -62.541805401768023, -31.656838276690166 ], [ -62.541814801624213, -31.65685725699425 ], [ -62.541814730793746, -31.656871692212693 ], [ -62.541833623481587, -31.656890706594503 ], [ -62.541858884567773, -31.656901623880835 ], [ -62.541903144595658, -31.656909902706069 ], [ -62.54193689687493, -31.656910023849935 ], [ -62.541981117086294, -31.656926422458692 ], [ -62.542006325098903, -31.656948166130011 ], [ -62.542025124918688, -31.656986126708201 ], [ -62.542024983321994, -31.657014997145332 ], [ -62.542005811789629, -31.657052821464362 ], [ -62.541980391333077, -31.657074383448116 ], [ -62.541936011724452, -31.657090464079815 ], [ -62.541902259379953, -31.657090342935113 ], [ -62.541857919589368, -31.657098303729281 ], [ -62.541832552207836, -31.657109039269528 ], [ -62.541813473544345, -31.657127917334765 ], [ -62.541813402712926, -31.657142352552583 ], [ -62.541794324038712, -31.657161230614765 ], [ -62.541768956632843, -31.657171966142045 ], [ -62.541724616792642, -31.657179926889338 ], [ -62.541690864416807, -31.657179805688404 ], [ -62.541602264431205, -31.657179487493533 ], [ -62.541602078412517, -31.657217379938857 ], [ -62.541602007548157, -31.657231815156059 ], [ -62.541592421675851, -31.657250727282541 ], [ -62.541579711374617, -31.657261508232867 ], [ -62.541557521493935, -31.657269548480013 ], [ -62.541540645290169, -31.657269487858425 ], [ -62.541518455404287, -31.657277528098724 ], [ -62.541505745090909, -31.657288309041512 ], [ -62.541496159193251, -31.657307221160362 ], [ -62.541496088312279, -31.657321656377139 ], [ -62.541486502409157, -31.657340568495115 ], [ -62.541473792083465, -31.657351349434514 ], [ -62.541451602172437, -31.657359389662844 ], [ -62.541434725952698, -31.657359329027095 ], [ -62.541412536036489, -31.657367369248568 ], [ -62.541399825698647, -31.657378150180428 ], [ -62.541390239770188, -31.657397062290766 ], [ -62.541390168872582, -31.657411497507123 ], [ -62.541380582938665, -31.657430409616584 ], [ -62.541367872588509, -31.657441190545043 ], [ -62.541345682647147, -31.657449230754558 ], [ -62.541328806411421, -31.657449170104652 ], [ -62.54130661646488, -31.657457210307321 ], [ -62.541293906102588, -31.657467991228231 ], [ -62.541284320143312, -31.657486903330057 ], [ -62.541284249229093, -31.657501338546002 ], [ -62.541274663264367, -31.65752025064695 ], [ -62.541261952889755, -31.657531031564485 ], [ -62.541239762918053, -31.657539071755174 ], [ -62.541222886666347, -31.657539011091099 ], [ -62.541200696689472, -31.657547051274946 ], [ -62.541187986302731, -31.657557832184931 ], [ -62.541178400312646, -31.657576744278259 ], [ -62.541178329381793, -31.657591179493771 ], [ -62.541178143188077, -31.657629071934398 ], [ -62.541266743594953, -31.657629390427722 ], [ -62.541300496131342, -31.657629511742361 ], [ -62.54134471656716, -31.657645910571958 ], [ -62.541369924622011, -31.657667654366954 ], [ -62.541388724322914, -31.65770561503356 ], [ -62.541388582525492, -31.657734485464847 ], [ -62.541407382247122, -31.657772446128483 ], [ -62.541432590350503, -31.657794189911158 ], [ -62.541476810887744, -31.657810588695526 ], [ -62.541510563490569, -31.657810709955204 ], [ -62.541554903648297, -31.657802749286102 ], [ -62.541580271250531, -31.657792013804286 ], [ -62.541599350098146, -31.657773135777607 ], [ -62.541599420964403, -31.657758700561633 ], [ -62.541618499801281, -31.657739822531891 ], [ -62.541643867379179, -31.657729087037104 ], [ -62.541688207487297, -31.657721126321118 ], [ -62.541721960058787, -31.657721247524581 ], [ -62.541766300156858, -31.657713286781334 ], [ -62.541791667710889, -31.657702551256893 ], [ -62.541810746497653, -31.657683673197777 ], [ -62.541810817330997, -31.657669237981164 ], [ -62.541820403203346, -31.657650325839505 ], [ -62.541833113530608, -31.657639544866107 ], [ -62.541855303476552, -31.657631504572119 ], [ -62.541872179746463, -31.657631565152723 ], [ -62.541894290014383, -31.657639764470858 ], [ -62.541906894104223, -31.657650636315317 ], [ -62.541916294060776, -31.657669616610487 ], [ -62.541916223243753, -31.657684051827296 ], [ -62.541925623205486, -31.657703032121731 ], [ -62.541938227307455, -31.657713903963085 ], [ -62.541960337600734, -31.657722103269936 ], [ -62.541977213887272, -31.657722163836805 ], [ -62.541999284358553, -31.657738482946399 ], [ -62.542011835372065, -31.657760181193179 ], [ -62.542021142434329, -31.657798107702632 ], [ -62.542021000831923, -31.657826978136072 ], [ -62.542030307904234, -31.657864904644537 ], [ -62.542042858941613, -31.657886602888073 ], [ -62.54206492946301, -31.657902921986388 ], [ -62.542081805782473, -31.657902982539735 ], [ -62.542104115226167, -31.657870582774983 ], [ -62.542116984820922, -31.657827322535766 ], [ -62.542126849363271, -31.657751571704171 ], [ -62.542127132501591, -31.657693830835608 ], [ -62.542118011218598, -31.657618011887518 ], [ -62.542105566380229, -31.657574660824523 ], [ -62.542083575568171, -31.657542102113453 ], [ -62.542066699313921, -31.657542041560955 ], [ -62.542044668699859, -31.657517602653048 ], [ -62.542032170809499, -31.657485077995794 ], [ -62.542022956697139, -31.657428205262502 ], [ -62.542023169096467, -31.65738489960955 ], [ -62.542032940741066, -31.657328095003692 ], [ -62.542045757193719, -31.657295661181056 ], [ -62.54206802668125, -31.65727138122843 ], [ -62.542084902886586, -31.657271441780292 ], [ -62.542107132540849, -31.657255281630821 ], [ -62.542119895869277, -31.657233674213703 ], [ -62.542129574535842, -31.65719581582249 ], [ -62.542129716101186, -31.657166945385733 ], [ -62.542148887607631, -31.657129121048531 ], [ -62.542174308040778, -31.657107559031168 ], [ -62.542218687617613, -31.657091478316335 ], [ -62.54225243996401, -31.657091599377356 ], [ -62.542296700118385, -31.657099878067068 ], [ -62.542321961316169, -31.657110795262419 ], [ -62.542340854156031, -31.657129809569877 ], [ -62.542340783406118, -31.657144244788753 ], [ -62.542350183401645, -31.657163225053822 ], [ -62.542362787481537, -31.657174096853957 ], [ -62.542384897685814, -31.657182296087072 ], [ -62.542650697683804, -31.65718324885734 ], [ -62.542768831020496, -31.657183672133137 ], [ -62.542901731027172, -31.657184148187685 ], [ -62.542990370773623, -31.657176345669203 ], [ -62.543041052326096, -31.657165700536538 ], [ -62.543079116459843, -31.65714689025851 ], [ -62.543079187095671, -31.657132455038109 ], [ -62.54308877265585, -31.657113542796647 ], [ -62.543101482764435, -31.657102761693949 ], [ -62.543123672475843, -31.657094721176495 ], [ -62.543140548651742, -31.657094781588466 ], [ -62.543162778083236, -31.657078621252545 ], [ -62.543175541144066, -31.657057013726721 ], [ -62.54318521936441, -31.657019155250179 ], [ -62.543185360602408, -31.656990284808362 ], [ -62.543157067473423, -31.656952290417255 ], [ -62.543119202079147, -31.656930501661275 ], [ -62.543052831723102, -31.65691402414279 ], [ -62.543002203294186, -31.656913842866299 ], [ -62.542935872716079, -31.656889245475629 ], [ -62.542898060396901, -31.656856630239041 ], [ -62.542869860176168, -31.656799689557758 ], [ -62.542870072177529, -31.656756383895416 ], [ -62.542851364811803, -31.656699477210097 ], [ -62.54282620967183, -31.656666907287917 ], [ -62.542782029188281, -31.656642389159302 ], [ -62.542748277001735, -31.656642268239853 ], [ -62.542704017021684, -31.656633989707846 ], [ -62.542678755906508, -31.656623072588108 ], [ -62.542659863098407, -31.656604058329481 ], [ -62.542659933797495, -31.656589623108715 ], [ -62.542650533794934, -31.656570642864711 ], [ -62.542637929761725, -31.656559771092429 ], [ -62.542615819681345, -31.656551571903542 ], [ -62.542598943604844, -31.656551511423107 ], [ -62.542576833529921, -31.656543312227498 ], [ -62.542564229509033, -31.656532440448 ], [ -62.542554829531625, -31.656513460197019 ], [ -62.542554900246699, -31.656499024976256 ], [ -62.542564485845872, -31.65648011277268 ], [ -62.542577195927144, -31.656469331720896 ], [ -62.54259938553129, -31.656461291292811 ], [ -62.542616261591476, -31.656461351773029 ], [ -62.542638490960307, -31.656445191526245 ], [ -62.542651254053311, -31.656423584051051 ], [ -62.54266093241673, -31.656385725611905 ], [ -62.542661073813321, -31.656356855169339 ], [ -62.542632781087775, -31.656318860662076 ], [ -62.542594916072794, -31.656297071751975 ], [ -62.542528546261579, -31.656280593964343 ], [ -62.542477918179792, -31.656280412483124 ], [ -62.542411508612496, -31.656272054446728 ], [ -62.542373590612044, -31.656261091887206 ], [ -62.54234520517771, -31.65624204354453 ], [ -62.54234527592444, -31.656227608323576 ], [ -62.542335876021639, -31.656208628056284 ], [ -62.542323272073787, -31.656197756253118 ], [ -62.542301162107037, -31.656189557010322 ], [ -62.542284286096709, -31.656189496488903 ], [ -62.542262176135431, -31.656181297239403 ], [ -62.542249572199893, -31.656170425429014 ], [ -62.542240172322245, -31.656151445154745 ], [ -62.542240243084954, -31.65613700993379 ], [ -62.542230843212494, -31.656118029658771 ], [ -62.542218239289078, -31.656107157845323 ], [ -62.542196129353144, -31.656098958584501 ], [ -62.542179253359443, -31.656098898049354 ], [ -62.542157143428966, -31.656090698781831 ], [ -62.542144539517878, -31.65607982696115 ], [ -62.542135139670556, -31.656060846679161 ], [ -62.542135210449274, -31.656046411458217 ], [ -62.542125810607125, -31.656027431175488 ], [ -62.54211320670818, -31.656016559351741 ], [ -62.542091096803048, -31.656008360072892 ], [ -62.54207422082596, -31.656008299524011 ], [ -62.542052105244132, -31.656001258899114 ], [ -62.542039493780933, -31.655991931948979 ], [ -62.542030080704691, -31.655975655200795 ], [ -62.542030141397326, -31.655963279821016 ], [ -62.54203030071529, -31.655930794449016 ], [ -62.541923748493176, -31.655949566944344 ], [ -62.541764269628196, -31.655977663936813 ], [ -62.541662924383715, -31.655995518833166 ], [ -62.541409049159356, -31.656040245913243 ], [ -62.541396892937342, -31.656042387551192 ] ] ] ] } }
]
}
