{
"type": "FeatureCollection",
"name": "La Petronila_14_zonas",
"crs": { "type": "name", "properties": { "name": "urn:ogc:def:crs:OGC:1.3:CRS84" } },
"features": [
{ "type": "Feature", "properties": { "zona": "9", "zona_id": "9" }, "geometry": { "type": "MultiPolygon", "coordinates": [ [ [ [ -62.549037282681859, -31.674739183395435 ], [ -62.54902040330191, -31.674739123733563 ], [ -62.549014187511254, -31.674741375940823 ], [ -62.548998209870945, -31.674747165219671 ], [ -62.548985498006971, -31.674757946863838 ], [ -62.548975911777937, -31.674776859490279 ], [ -62.548975842005717, -31.674791294682521 ], [ -62.548966255771226, -31.674810207308099 ], [ -62.548953543894939, -31.674820988948856 ], [ -62.548931350438792, -31.674829030422991 ], [ -62.548914471042842, -31.674828970746955 ], [ -62.548908255243674, -31.674831222948931 ], [ -62.548892277581508, -31.67483701221424 ], [ -62.548879565693071, -31.674847793847469 ], [ -62.548869979433199, -31.674866706465423 ], [ -62.548869909644345, -31.67488114165722 ], [ -62.548860323379017, -31.67490005427431 ], [ -62.548847611478251, -31.674910835904107 ], [ -62.548825417991743, -31.674918877359438 ], [ -62.548808538579785, -31.674918817669234 ], [ -62.548805454762473, -31.674922179659468 ], [ -62.548786266560889, -31.674943098708145 ], [ -62.548773449939688, -31.674975533117518 ], [ -62.548763680405102, -31.675032338103918 ], [ -62.548763470987701, -31.675075643677513 ], [ -62.5487537014358, -31.675132448662112 ], [ -62.548740884776478, -31.675164883066895 ], [ -62.54871861268056, -31.675189164092341 ], [ -62.548701733219971, -31.67518910438756 ], [ -62.548679421834763, -31.675221505200685 ], [ -62.548666552771074, -31.675264765990111 ], [ -62.548656691496177, -31.675340517152215 ], [ -62.548656412203329, -31.675398257913301 ], [ -62.548665540355735, -31.675474076249319 ], [ -62.5486779905291, -31.675517426602148 ], [ -62.54869998781092, -31.675549984146532 ], [ -62.548716867336807, -31.675550043852159 ], [ -62.548739060983245, -31.675542002418016 ], [ -62.54875177298333, -31.675531220800991 ], [ -62.548761359337036, -31.675512308194765 ], [ -62.548761429144406, -31.675497873004591 ], [ -62.548771015492648, -31.675478960397477 ], [ -62.548783727480412, -31.675468178777034 ], [ -62.548805921101675, -31.675460137330926 ], [ -62.548822800611539, -31.675460197022392 ], [ -62.548844994227615, -31.675452155569403 ], [ -62.548857706203222, -31.675441373941467 ], [ -62.548867292526097, -31.675422461326711 ], [ -62.548867362316834, -31.675408026136132 ], [ -62.548876948634238, -31.675389113520506 ], [ -62.548889660597531, -31.675378331889146 ], [ -62.548911854188425, -31.675370290424205 ], [ -62.548928733682288, -31.675370350101499 ], [ -62.548950927267995, -31.67536230862968 ], [ -62.548963639219139, -31.675351526990802 ], [ -62.548973225511176, -31.675332614367548 ], [ -62.548973295285265, -31.675318179176546 ], [ -62.548982881571845, -31.675299266552415 ], [ -62.548995593510647, -31.675288484910109 ], [ -62.549017787071186, -31.675280443426338 ], [ -62.549034666549048, -31.675280503089468 ], [ -62.549056860104386, -31.675272461598844 ], [ -62.549069572031051, -31.675261679949021 ], [ -62.549079158292251, -31.675242767317258 ], [ -62.549079228049727, -31.675228332125833 ], [ -62.549088814305463, -31.675209419493193 ], [ -62.549101526219793, -31.675198637839951 ], [ -62.549123719749964, -31.675190596337366 ], [ -62.549140599211817, -31.675190655986334 ], [ -62.549162792736801, -31.675182614476881 ], [ -62.549175504638981, -31.675171832816122 ], [ -62.549185090869351, -31.67515292017584 ], [ -62.549185160610186, -31.675138484984011 ], [ -62.549194746835099, -31.675119572342858 ], [ -62.54920745872495, -31.675108790678689 ], [ -62.549229652224753, -31.675100749157266 ], [ -62.549246531670605, -31.675100808792074 ], [ -62.54926876438708, -31.675084647468228 ], [ -62.549281528557941, -31.675063039402357 ], [ -62.549291206268393, -31.675025180563605 ], [ -62.549291345716497, -31.674996310178898 ], [ -62.54928203406795, -31.674958384257977 ], [ -62.549269479093716, -31.67493668674712 ], [ -62.549247403306893, -31.674920368888834 ], [ -62.549230523893691, -31.67492030925445 ], [ -62.549208448117611, -31.674903991389485 ], [ -62.549195893167727, -31.674882293871434 ], [ -62.549186581568868, -31.674844367943329 ], [ -62.549186721048351, -31.674815497558235 ], [ -62.549196398770214, -31.674777638725313 ], [ -62.549209162914849, -31.674756030665403 ], [ -62.549231395554813, -31.674739869346496 ], [ -62.549248274935373, -31.674739928980458 ], [ -62.549270468343614, -31.674731887450626 ], [ -62.549283180171429, -31.674721105777696 ], [ -62.549292766332606, -31.674702193127359 ], [ -62.549292836055564, -31.674687757934283 ], [ -62.549302422211284, -31.67466884528308 ], [ -62.549315134026756, -31.674658063606735 ], [ -62.549337327409823, -31.674650022064924 ], [ -62.549354206774389, -31.674650081684721 ], [ -62.549376439364067, -31.674633920339801 ], [ -62.549389203447149, -31.674612312260834 ], [ -62.549398881064945, -31.674574453410393 ], [ -62.549399020477267, -31.674545583023239 ], [ -62.549370719571279, -31.674507590040612 ], [ -62.54933284563333, -31.674485803108002 ], [ -62.549266461695098, -31.674469328739391 ], [ -62.549215823700258, -31.6744691498394 ], [ -62.549149400564005, -31.6744607952064 ], [ -62.549111474384681, -31.674449834603532 ], [ -62.549083082072144, -31.674430787749095 ], [ -62.549083151826792, -31.674416352555845 ], [ -62.549073748763192, -31.674397372808855 ], [ -62.549061141593022, -31.674386501671723 ], [ -62.549039026731272, -31.674378303573757 ], [ -62.549022147416601, -31.674378243912724 ], [ -62.548999914827832, -31.674394405196544 ], [ -62.548987150685548, -31.674416013236765 ], [ -62.548977472918359, -31.674453872055501 ], [ -62.548977333376101, -31.674482742441405 ], [ -62.548986644855518, -31.674520668385785 ], [ -62.548999199708888, -31.674542365924754 ], [ -62.549021275363174, -31.674558683825715 ], [ -62.54903815471048, -31.674558743487172 ], [ -62.549060230375488, -31.67457506138145 ], [ -62.549072785253223, -31.674596758913214 ], [ -62.549082096782307, -31.674634684850435 ], [ -62.549081957271433, -31.674663555235931 ], [ -62.549072279515663, -31.674701414060522 ], [ -62.549059515347139, -31.674723022106669 ], [ -62.549037282681859, -31.674739183395435 ] ] ], [ [ [ -62.549415757216529, -31.671079331209821 ], [ -62.549415687522405, -31.6710937664113 ], [ -62.54942509033156, -31.671112746140441 ], [ -62.549437697107187, -31.671123617243438 ], [ -62.549459811237178, -31.671131815269611 ], [ -62.54947668996568, -31.671131874867303 ], [ -62.549498764905323, -31.671148192687607 ], [ -62.549511319434686, -31.671169890184508 ], [ -62.549520630818229, -31.671207816108524 ], [ -62.549520491461649, -31.6712366865113 ], [ -62.54952980285524, -31.671274612434349 ], [ -62.549542357408498, -31.671296309927975 ], [ -62.549564432398284, -31.67131262773696 ], [ -62.549581311159749, -31.671312687321134 ], [ -62.549603425347264, -31.671320885322707 ], [ -62.549616032171691, -31.671331756408176 ], [ -62.549625435045144, -31.671350736122456 ], [ -62.549625365382703, -31.671365171323732 ], [ -62.549634768261349, -31.671384151037273 ], [ -62.549647375097919, -31.671395022119661 ], [ -62.549669489310794, -31.671403220109919 ], [ -62.549686368088885, -31.67140327968033 ], [ -62.549708443129248, -31.671419597464599 ], [ -62.549720997743329, -31.671441294940749 ], [ -62.549730309237944, -31.671479220848891 ], [ -62.549730169944759, -31.671508091251262 ], [ -62.549739481449429, -31.671546017158452 ], [ -62.549752036087405, -31.671567714631326 ], [ -62.549774111177932, -31.671584032404279 ], [ -62.549790989988949, -31.671584091961165 ], [ -62.549813104259357, -31.671592289926821 ], [ -62.549825711144734, -31.671603160991694 ], [ -62.549835114087678, -31.671622140690371 ], [ -62.549835044456927, -31.671636575891434 ], [ -62.549844447405064, -31.671655555589382 ], [ -62.549857054302571, -31.67166642665115 ], [ -62.549879168598352, -31.67167462460549 ], [ -62.54989604742601, -31.671674684148616 ], [ -62.549917926766085, -31.671731600899857 ], [ -62.549930220408626, -31.671807430358669 ], [ -62.54993907517246, -31.671940087255091 ], [ -62.549938587862734, -31.672041133658428 ], [ -62.549947442656418, -31.672173790549717 ], [ -62.549959736376657, -31.672249620001207 ], [ -62.549981615886047, -31.672306536738034 ], [ -62.549998494828237, -31.672306596268673 ], [ -62.550020530983304, -31.672331033799068 ], [ -62.550033033588683, -31.672363557643102 ], [ -62.550042253946593, -31.672420429724689 ], [ -62.550042045143826, -31.672463735323653 ], [ -62.550032276662726, -31.672520540439162 ], [ -62.550019460816486, -31.672552974993124 ], [ -62.549997189682493, -31.67257725626062 ], [ -62.549980310691367, -31.67257719672935 ], [ -62.549957726276276, -31.672666436385501 ], [ -62.549944492682691, -31.672785482123505 ], [ -62.549933993107821, -31.672993856810681 ], [ -62.549933227294169, -31.673152643988786 ], [ -62.54994171666678, -31.673361085644995 ], [ -62.549953801674498, -31.673480220675902 ], [ -62.549975524827225, -31.673569616598702 ], [ -62.549992403997841, -31.67356967613226 ], [ -62.550014479600058, -31.67358599386333 ], [ -62.550027034570725, -31.673607691305381 ], [ -62.550036346394968, -31.673645617181503 ], [ -62.550036207184696, -31.673674487575287 ], [ -62.55004551901898, -31.673712413450446 ], [ -62.550058074013549, -31.673734110889228 ], [ -62.550080149665909, -31.673750428608994 ], [ -62.55009702886948, -31.673750488129016 ], [ -62.55011914367843, -31.673758686043879 ], [ -62.550131750889307, -31.673769557077879 ], [ -62.550141154107457, -31.673788536750177 ], [ -62.550141084518174, -31.673802971946944 ], [ -62.550150487741519, -31.673821951618521 ], [ -62.550163094964532, -31.67383282264942 ], [ -62.550185209798848, -31.673841020552967 ], [ -62.550202089019045, -31.67384108005923 ], [ -62.55022951775198, -31.673841176752163 ], [ -62.550263276192688, -31.673841295750758 ], [ -62.550307505887282, -31.673857691519473 ], [ -62.550332720382791, -31.673879433549331 ], [ -62.550351526926583, -31.673917392863913 ], [ -62.550351387812348, -31.673946263257694 ], [ -62.550360699800756, -31.673984189109706 ], [ -62.550373254904756, -31.674005886517563 ], [ -62.550395330676636, -31.67402220418321 ], [ -62.550412209930087, -31.674022263661982 ], [ -62.550434324831514, -31.674030461522722 ], [ -62.550446932115818, -31.674041332525803 ], [ -62.550456335425061, -31.67406031217492 ], [ -62.550456265883795, -31.674074747371712 ], [ -62.550446680023398, -31.674093660114128 ], [ -62.550433968414957, -31.674104441906071 ], [ -62.550411775254325, -31.674112483641419 ], [ -62.550394895984553, -31.674112424162431 ], [ -62.550372585445714, -31.67414482528498 ], [ -62.550359717319665, -31.674188086261164 ], [ -62.550349857542585, -31.674263837580764 ], [ -62.550349579309128, -31.674321578365067 ], [ -62.550358708744675, -31.674397396604544 ], [ -62.550371159569465, -31.674440746805431 ], [ -62.550393157196758, -31.67447330406652 ], [ -62.550410036531808, -31.674473363546348 ], [ -62.550432151539439, -31.674481561407866 ], [ -62.550444758883771, -31.674492432410961 ], [ -62.550454162236868, -31.674511412059314 ], [ -62.550454092694039, -31.674525847255079 ], [ -62.550463496052309, -31.674544826902697 ], [ -62.550476103408791, -31.674555697902687 ], [ -62.550498218441803, -31.67456389575289 ], [ -62.550515097793486, -31.674563955218975 ], [ -62.550537212831955, -31.674572153062464 ], [ -62.550549820200764, -31.674583024055234 ], [ -62.550559223584216, -31.674602003695867 ], [ -62.550559154057389, -31.674616438891633 ], [ -62.550549568160712, -31.67463535163985 ], [ -62.550536856489444, -31.674646133440568 ], [ -62.550514663208013, -31.674654175192014 ], [ -62.550497783840015, -31.67465411572573 ], [ -62.550475590553404, -31.674662157470326 ], [ -62.550462878869986, -31.674672939263523 ], [ -62.550453292947942, -31.674691852004088 ], [ -62.550453223404489, -31.674706287199442 ], [ -62.550443637476967, -31.674725199939154 ], [ -62.550430925781214, -31.674735981728947 ], [ -62.550408732469442, -31.67474402346156 ], [ -62.550391853085436, -31.674743963981111 ], [ -62.550369659768457, -31.674752005706882 ], [ -62.550356948060553, -31.674762787489147 ], [ -62.550347362107679, -31.674781700221214 ], [ -62.550347292547585, -31.674796135416159 ], [ -62.55035669591058, -31.674815115070881 ], [ -62.550369303290609, -31.674825986081199 ], [ -62.550391418377757, -31.674834183950082 ], [ -62.550408297778084, -31.674834243430738 ], [ -62.550430412870689, -31.67484244129291 ], [ -62.550443020263046, -31.674853312295998 ], [ -62.550452423651201, -31.674872291943753 ], [ -62.550452354107129, -31.674886727138688 ], [ -62.550461757500486, -31.674905706785712 ], [ -62.550474364904979, -31.674916577785691 ], [ -62.550496480022964, -31.674924775636541 ], [ -62.550513359439925, -31.674924835103447 ], [ -62.550535552786123, -31.674916793353169 ], [ -62.550548264494822, -31.674906011553389 ], [ -62.550557850420262, -31.67488709880633 ], [ -62.550557919948027, -31.674872663611168 ], [ -62.550567505868017, -31.674853750863242 ], [ -62.550580217564374, -31.674842969060027 ], [ -62.550602410885404, -31.674834927297791 ], [ -62.550619290286342, -31.674834986750533 ], [ -62.550641483602185, -31.67482694498144 ], [ -62.550654195286405, -31.674816163170711 ], [ -62.550663781181015, -31.674797250415153 ], [ -62.550663850692153, -31.674782815219572 ], [ -62.550673436581299, -31.674763902463141 ], [ -62.550686148253192, -31.674753120649005 ], [ -62.550708341543839, -31.674745078867939 ], [ -62.55072522092879, -31.674745138306513 ], [ -62.550747336028927, -31.674753336113923 ], [ -62.550759943446693, -31.674764207086078 ], [ -62.55076934689086, -31.674783186711259 ], [ -62.550769277396064, -31.674797621907025 ], [ -62.550778680845426, -31.674816601531461 ], [ -62.550791288275335, -31.674827472500525 ], [ -62.550813403400845, -31.674835670296606 ], [ -62.550830282802416, -31.67483572972144 ], [ -62.550852397933383, -31.674843927510803 ], [ -62.55086500537562, -31.674854798472666 ], [ -62.550874408850163, -31.674873778090106 ], [ -62.550874339371369, -31.674888213285872 ], [ -62.550864753509643, -31.674907126057313 ], [ -62.550852041836968, -31.674917907888961 ], [ -62.550829848517076, -31.674925949694547 ], [ -62.550812969099177, -31.674925890269503 ], [ -62.550790775774104, -31.674933932068221 ], [ -62.550778064089286, -31.674944713892366 ], [ -62.550768478202194, -31.674963626656162 ], [ -62.550768408706759, -31.674978061851519 ], [ -62.550825285572586, -31.674997208616301 ], [ -62.550901190905428, -31.67500830240127 ], [ -62.551034077373551, -31.675016890019833 ], [ -62.551135353983483, -31.675017246361985 ], [ -62.551268318584484, -31.675009594141169 ], [ -62.551344328093094, -31.674999034868502 ], [ -62.551401387261798, -31.67498028898671 ], [ -62.551401456659327, -31.674965853790106 ], [ -62.551401569430183, -31.674942396595522 ], [ -62.551401708224908, -31.674913526202076 ], [ -62.55140182099548, -31.674890069007297 ], [ -62.551401890392675, -31.674875633810494 ], [ -62.551392486810172, -31.674856654230929 ], [ -62.551379879305571, -31.674845783320638 ], [ -62.551357764126656, -31.674837585622271 ], [ -62.55134088472353, -31.674837526267222 ], [ -62.551318769550086, -31.674829328562137 ], [ -62.551306162057813, -31.674818457644626 ], [ -62.551296758500477, -31.674799478058084 ], [ -62.551296827913689, -31.674785042861259 ], [ -62.55128742436154, -31.674766063273978 ], [ -62.551274816881417, -31.674755192353363 ], [ -62.55125270173334, -31.674746994636962 ], [ -62.55123582234684, -31.674746935268161 ], [ -62.551213707204226, -31.674738737545042 ], [ -62.551201099736424, -31.674727866617218 ], [ -62.551191696209457, -31.674708887022952 ], [ -62.551191765638684, -31.674694451826124 ], [ -62.551182362116897, -31.674675472231122 ], [ -62.551169754661245, -31.674664601300201 ], [ -62.551147639544013, -31.674656403565759 ], [ -62.551130760174139, -31.674656344183198 ], [ -62.551108762245534, -31.674623787047434 ], [ -62.551096311053804, -31.674580436916361 ], [ -62.551087181002252, -31.674504618726093 ], [ -62.551087458781296, -31.674446877937605 ], [ -62.551087710517862, -31.674394550347568 ], [ -62.551088187947492, -31.674295308365306 ], [ -62.551043879773502, -31.674295152462282 ], [ -62.551027000469226, -31.674295093066611 ], [ -62.551005002660617, -31.674262535912241 ], [ -62.55099255156329, -31.674219185769473 ], [ -62.550983421627748, -31.674143367568629 ], [ -62.550983699467082, -31.674085626777664 ], [ -62.55096507497089, -31.674009775160112 ], [ -62.550939964490944, -31.673966380457024 ], [ -62.55089581278822, -31.673933745308634 ], [ -62.550862054311139, -31.673933626477087 ], [ -62.550817785395566, -31.673925350698354 ], [ -62.550792518656927, -31.67391443516172 ], [ -62.550773620725643, -31.673895422107634 ], [ -62.550773690217341, -31.67388098690979 ], [ -62.550745297732419, -31.673861940422022 ], [ -62.550707371602101, -31.673850980293043 ], [ -62.550640948761753, -31.673842626438624 ], [ -62.550590311097416, -31.673842448087271 ], [ -62.5505239273851, -31.673825974373468 ], [ -62.550486053448168, -31.673804187780938 ], [ -62.550457752317527, -31.673766195033021 ], [ -62.550457891397883, -31.673737324637983 ], [ -62.550477063035167, -31.673699499147833 ], [ -62.550502486127762, -31.673677935551513 ], [ -62.550546872222334, -31.673661852042216 ], [ -62.550580630599654, -31.673661970956239 ], [ -62.550624899368501, -31.673670246816236 ], [ -62.550650166021356, -31.673681162385698 ], [ -62.550669063884392, -31.673700175458073 ], [ -62.550668994377013, -31.673714610656099 ], [ -62.550687892250622, -31.673733623725695 ], [ -62.550713158928062, -31.673744539282769 ], [ -62.55075742774833, -31.673752815097156 ], [ -62.550791186159522, -31.67375293395579 ], [ -62.550835533158008, -31.673744970145147 ], [ -62.550860904072863, -31.673734232875674 ], [ -62.550879984361309, -31.673715353521406 ], [ -62.55088005383606, -31.673700918322954 ], [ -62.550889639567671, -31.673682005545622 ], [ -62.550902351065879, -31.673671223706503 ], [ -62.550924544079884, -31.673663181883928 ], [ -62.550941423269634, -31.6736632412921 ], [ -62.550968851953087, -31.673663337825605 ], [ -62.550985731142966, -31.673663397227916 ], [ -62.550986095798216, -31.673587612433966 ], [ -62.550986234714145, -31.673558742036032 ], [ -62.55097692251119, -31.67352081622521 ], [ -62.55096436732989, -31.673499118874364 ], [ -62.550942291579844, -31.67348280130609 ], [ -62.550925412422735, -31.673482741898347 ], [ -62.550903532068972, -31.673425825325921 ], [ -62.550891237437845, -31.673349995970742 ], [ -62.550882381211323, -31.67321733915584 ], [ -62.55088286752148, -31.673116292758056 ], [ -62.550874011324822, -31.672983635938039 ], [ -62.550861716771415, -31.672907806575534 ], [ -62.550839836586995, -31.672850889988688 ], [ -62.550822957544419, -31.672850830568439 ], [ -62.550800881971348, -31.67283451297569 ], [ -62.550788326921506, -31.672812815606456 ], [ -62.550779014869747, -31.672774889778196 ], [ -62.55077915384534, -31.672746019377396 ], [ -62.550769841803643, -31.672708093548163 ], [ -62.550757286777696, -31.672686396175674 ], [ -62.550735211254775, -31.67267007857161 ], [ -62.550718332245147, -31.672670019137822 ], [ -62.550696569483883, -31.672588743124585 ], [ -62.550684431501729, -31.672480434540319 ], [ -62.550675849302628, -31.672290939091813 ], [ -62.550676544325029, -31.672146587077592 ], [ -62.550667962164042, -31.671957091619106 ], [ -62.550655824287958, -31.671848783022469 ], [ -62.550634061763688, -31.671767506990435 ], [ -62.550617182917541, -31.67176744754477 ], [ -62.550595264040048, -31.671718650711057 ], [ -62.550582917730736, -31.671653647712244 ], [ -62.550573970833135, -31.671539937049964 ], [ -62.550574387929501, -31.671453325832825 ], [ -62.550584429673137, -31.671339682049751 ], [ -62.550597401553588, -31.671274768221931 ], [ -62.550619789512872, -31.671226127434434 ], [ -62.550636668261127, -31.671226186878847 ], [ -62.550658938903247, -31.671201905490054 ], [ -62.550671754336541, -31.671169470861216 ], [ -62.550681522277138, -31.671112665679811 ], [ -62.550681730772169, -31.671069360067854 ], [ -62.55069149869545, -31.671012554884637 ], [ -62.550704314090616, -31.670980120251215 ], [ -62.550726584655756, -31.67095583884899 ], [ -62.550743463355381, -31.670955898278809 ], [ -62.550765688854547, -31.670940975822187 ], [ -62.550778444148968, -31.670921019784231 ], [ -62.550788106885619, -31.670886052148095 ], [ -62.550788235244738, -31.670859384672315 ], [ -62.550788572186612, -31.670789382547827 ], [ -62.550699229255009, -31.67080332057979 ], [ -62.550688074783046, -31.670805060739472 ], [ -62.550112219370526, -31.670894895971152 ], [ -62.549854560764189, -31.670935090613721 ], [ -62.549178205897086, -31.671040599063879 ], [ -62.549278054287726, -31.67104095180942 ], [ -62.549316091770336, -31.671041086168117 ], [ -62.549365976759418, -31.671049382297543 ], [ -62.549394452601291, -31.671060309449132 ], [ -62.549415757216529, -31.671079331209821 ] ] ] ] } },
{ "type": "Feature", "properties": { "zona": "6", "zona_id": "6" }, "geometry": { "type": "MultiPolygon", "coordinates": [ [ [ [ -62.551294589312434, -31.675250577942201 ], [ -62.55124702466496, -31.675269357169292 ], [ -62.55118367453754, -31.675279960915312 ], [ -62.551072863867752, -31.675287690998363 ], [ -62.550988466448807, -31.675287394008549 ], [ -62.550877773002604, -31.675270764530456 ], [ -62.550814579185094, -31.675248888904459 ], [ -62.55076728808605, -31.675210829372332 ], [ -62.550767427078476, -31.67518195898262 ], [ -62.550758114811039, -31.675144033164763 ], [ -62.550745559467288, -31.675122335796374 ], [ -62.55072348337557, -31.675106018191151 ], [ -62.550706603925356, -31.675105958751743 ], [ -62.550684410548321, -31.675114000531256 ], [ -62.550671698826534, -31.675124782344149 ], [ -62.550662112899026, -31.675143695099045 ], [ -62.550662043386659, -31.675158130293781 ], [ -62.550652457453694, -31.67517704304781 ], [ -62.550639745719579, -31.675187824857293 ], [ -62.550617552317362, -31.675195866624833 ], [ -62.550600672851147, -31.67519580717126 ], [ -62.550578362119481, -31.675228208322547 ], [ -62.550565493932787, -31.675271469311667 ], [ -62.55055563419689, -31.675347220634812 ], [ -62.550555356078995, -31.675404961410926 ], [ -62.550592969962871, -31.67548087996088 ], [ -62.55064339996774, -31.67552436390114 ], [ -62.550731861097617, -31.67555715516723 ], [ -62.550799379225481, -31.675557392901144 ], [ -62.550887918606158, -31.675573944466219 ], [ -62.550938453006005, -31.675595775499623 ], [ -62.550976249623957, -31.67563380155309 ], [ -62.550976110693703, -31.675662671941595 ], [ -62.550966433595853, -31.675700530910124 ], [ -62.550953669723945, -31.675722139145204 ], [ -62.55093143714226, -31.675738300762365 ], [ -62.550914557577194, -31.6757382413494 ], [ -62.550892364066534, -31.675746283163079 ], [ -62.550879652281452, -31.67575706499504 ], [ -62.550870066329317, -31.675775977763479 ], [ -62.550869996847389, -31.675790412957191 ], [ -62.550850916127295, -31.675809292299896 ], [ -62.550825544644056, -31.675820029558636 ], [ -62.550781196656317, -31.675827993354051 ], [ -62.550747437494458, -31.675827874485847 ], [ -62.550703089496658, -31.675835838254006 ], [ -62.550677717989529, -31.675846575483089 ], [ -62.550658637219257, -31.675865454796401 ], [ -62.550658567704389, -31.675879889989496 ], [ -62.550667971237402, -31.675898869619683 ], [ -62.550680578798911, -31.675909740599074 ], [ -62.55070269416975, -31.675917938415264 ], [ -62.550719573766841, -31.675917997856541 ], [ -62.550741610953175, -31.675942435258282 ], [ -62.550754114278675, -31.675974959020113 ], [ -62.550763335405598, -31.676031831024865 ], [ -62.55076312690808, -31.676075136603572 ], [ -62.550753358459218, -31.676131941742771 ], [ -62.550740542350717, -31.676164376348552 ], [ -62.550718270528854, -31.676188657721926 ], [ -62.550701390882807, -31.67618859828 ], [ -62.550679275448239, -31.676180400463345 ], [ -62.550666667850713, -31.676169529483939 ], [ -62.550657264291388, -31.676150549854231 ], [ -62.55065733380718, -31.676136114661716 ], [ -62.550647930253049, -31.676117135031266 ], [ -62.550635322667674, -31.676106264048762 ], [ -62.550613207258479, -31.676098066220781 ], [ -62.550596327629059, -31.67609800676512 ], [ -62.550574134005707, -31.676106048521916 ], [ -62.550561422134727, -31.676116830320776 ], [ -62.550551836080494, -31.676135743063295 ], [ -62.550551766548367, -31.676150178255575 ], [ -62.550542180488677, -31.676169090997213 ], [ -62.550529468605355, -31.67617987279267 ], [ -62.550507274956836, -31.6761879145375 ], [ -62.5504903953114, -31.676187855067674 ], [ -62.550468201657694, -31.676195896805641 ], [ -62.550455489762221, -31.676206678593559 ], [ -62.550445903677151, -31.676225591327587 ], [ -62.550445834128411, -31.676240026519444 ], [ -62.550436248037883, -31.676258939252588 ], [ -62.550423536130083, -31.676269721037091 ], [ -62.550401342451188, -31.6762777627631 ], [ -62.550384462789758, -31.676277703279112 ], [ -62.550362386491194, -31.676261385612403 ], [ -62.550349831092902, -31.676239688208309 ], [ -62.550340518895496, -31.676201762366858 ], [ -62.550340658025341, -31.676172891983327 ], [ -62.550331345837996, -31.676134966140896 ], [ -62.550318790463599, -31.676113268733545 ], [ -62.550296714215207, -31.676096951055534 ], [ -62.550279834586732, -31.676096891557997 ], [ -62.550257719211757, -31.676088693668699 ], [ -62.550245111676134, -31.67607782264805 ], [ -62.550235708211964, -31.676058842987874 ], [ -62.550235777792729, -31.676044407795995 ], [ -62.550207384766438, -31.676025361189879 ], [ -62.550169457825248, -31.676014400897088 ], [ -62.550103033499013, -31.676006046751581 ], [ -62.550052394664412, -31.676005868175867 ], [ -62.549985892033803, -31.67601375355996 ], [ -62.549947860686359, -31.676024445988691 ], [ -62.54991928494789, -31.676043291696185 ], [ -62.549919215318155, -31.676057726887411 ], [ -62.549928618717551, -31.676076706570338 ], [ -62.549941226215751, -31.676087577621917 ], [ -62.549963341561948, -31.676095775565816 ], [ -62.5499802211895, -31.676095835105215 ], [ -62.550002336541155, -31.6761040330424 ], [ -62.550014944051689, -31.67611490408677 ], [ -62.550024347476253, -31.676133883762706 ], [ -62.550024277862541, -31.676148318953942 ], [ -62.550033681292284, -31.676167298629121 ], [ -62.550046288814968, -31.676178169670393 ], [ -62.550068404192004, -31.676186367596255 ], [ -62.550085283836182, -31.676186427121912 ], [ -62.550107360068097, -31.676202744836132 ], [ -62.550119915404835, -31.676224442263649 ], [ -62.550129227514518, -31.676262368120259 ], [ -62.550129088318776, -31.67629123850255 ], [ -62.550100421180808, -31.6763290304376 ], [ -62.550062337510802, -31.676350549292 ], [ -62.549995795474395, -31.676366554473319 ], [ -62.549945156444885, -31.676366375853242 ], [ -62.549878810231462, -31.676341781999955 ], [ -62.549840987665817, -31.676309168823526 ], [ -62.549812777464247, -31.676252229755175 ], [ -62.549812986404262, -31.676208924183324 ], [ -62.549803765841361, -31.676152052116684 ], [ -62.549791262825366, -31.676119528265481 ], [ -62.549769225848777, -31.676095090702198 ], [ -62.549752346221865, -31.676095031134874 ], [ -62.549730230894838, -31.676086833154578 ], [ -62.549717623421579, -31.676075962082383 ], [ -62.549708220065384, -31.676056982384317 ], [ -62.549708289727747, -31.676042547193493 ], [ -62.549679896811199, -31.676023500470972 ], [ -62.549641969934711, -31.676012540021969 ], [ -62.549575545660545, -31.67600418560227 ], [ -62.549524906830605, -31.676004006817216 ], [ -62.54945836495348, -31.676020011720542 ], [ -62.549420281264887, -31.676041530384136 ], [ -62.549391613919859, -31.676079322159438 ], [ -62.549391474496886, -31.676108192539623 ], [ -62.549381796709099, -31.676146051378907 ], [ -62.54936903240997, -31.676167659449966 ], [ -62.549346799450191, -31.67618382078631 ], [ -62.549329919808201, -31.676183761162964 ], [ -62.549307647617681, -31.676208042286532 ], [ -62.549294830997688, -31.676240476741935 ], [ -62.549285061637747, -31.676297281758753 ], [ -62.549284852451997, -31.676340587326859 ], [ -62.549265588254464, -31.676397358798468 ], [ -62.549240111828368, -31.676429748521354 ], [ -62.549195684961276, -31.67645395134846 ], [ -62.549161925580307, -31.676453832058634 ], [ -62.549117577156004, -31.676461795270839 ], [ -62.54909220529931, -31.676472532180277 ], [ -62.54907312408163, -31.676491411250435 ], [ -62.549073054319777, -31.676505846438975 ], [ -62.549063467924313, -31.676524759065313 ], [ -62.549050755823004, -31.676535540710791 ], [ -62.549028561965322, -31.676543582195958 ], [ -62.549011682258985, -31.676543522529908 ], [ -62.548989488396117, -31.676551564008228 ], [ -62.548976776282672, -31.676562345646165 ], [ -62.548967189861841, -31.676581258264875 ], [ -62.548967120083347, -31.676595693453002 ], [ -62.548957533657052, -31.676614606070849 ], [ -62.548944821531272, -31.676625387705368 ], [ -62.548922627643222, -31.676633429171723 ], [ -62.548905747920877, -31.676633369491501 ], [ -62.54888355402764, -31.676641410950992 ], [ -62.548870841889723, -31.676652192578 ], [ -62.548861255438034, -31.676671105188209 ], [ -62.54886118564292, -31.676685540375907 ], [ -62.548851599185781, -31.676704452985241 ], [ -62.548838887035515, -31.676715234608846 ], [ -62.548816693117104, -31.676723276056361 ], [ -62.548799813378757, -31.676723216361978 ], [ -62.548777619455159, -31.676731257802629 ], [ -62.54876490729275, -31.676742039418713 ], [ -62.548755320810237, -31.676760952020398 ], [ -62.548755250998489, -31.676775387207694 ], [ -62.54873616965056, -31.676794266225336 ], [ -62.548710797660043, -31.676805003057105 ], [ -62.548666449031927, -31.676812966110148 ], [ -62.548632689523544, -31.676812846679084 ], [ -62.548588458736454, -31.676796450327014 ], [ -62.548563243872167, -31.676774707958803 ], [ -62.548544437498151, -31.676736748399001 ], [ -62.548544577186618, -31.676707878025034 ], [ -62.548563750221575, -31.676670052852902 ], [ -62.548589174569599, -31.676648489659527 ], [ -62.548633562405108, -31.676632406839595 ], [ -62.548667321848214, -31.67663252626981 ], [ -62.54871167039029, -31.676624563215452 ], [ -62.548737042331382, -31.676613826382752 ], [ -62.548756123641766, -31.676594947364094 ], [ -62.548756193452896, -31.676580512176383 ], [ -62.548765779916224, -31.676561599573922 ], [ -62.548778492053685, -31.676550817957221 ], [ -62.54880068593409, -31.676542776515785 ], [ -62.548817565639801, -31.676542836209762 ], [ -62.548839798776413, -31.676526674968212 ], [ -62.5488525632476, -31.676505066952906 ], [ -62.548862241288717, -31.676467208158247 ], [ -62.548862380877381, -31.676438337781786 ], [ -62.548843574447154, -31.67640037826358 ], [ -62.548818359628633, -31.676378635944886 ], [ -62.548774129012969, -31.676362239657688 ], [ -62.548740369667151, -31.676362120256627 ], [ -62.54869617834693, -31.676337604149214 ], [ -62.548671015947555, -31.676305035410529 ], [ -62.548652301268746, -31.67624812967972 ], [ -62.548652510747317, -31.67620482411477 ], [ -62.548624301305097, -31.676147884789764 ], [ -62.548586479260429, -31.676115271245237 ], [ -62.54852013359185, -31.676090676689444 ], [ -62.548469494722362, -31.676090497485067 ], [ -62.548403070505543, -31.676082142455478 ], [ -62.548365143760144, -31.67607118162821 ], [ -62.548336751112934, -31.676052134609332 ], [ -62.548336820987458, -31.676037699421233 ], [ -62.5483179231367, -31.676018686010373 ], [ -62.548292656133093, -31.67600776997967 ], [ -62.548248386475073, -31.675999493305056 ], [ -62.548214627262936, -31.675999373766096 ], [ -62.548170239659633, -31.676015456444006 ], [ -62.548144815390224, -31.676037019556734 ], [ -62.548125642319604, -31.676074844669284 ], [ -62.548125502504959, -31.676103715044452 ], [ -62.548134813790682, -31.676141641039667 ], [ -62.548147368658199, -31.676163338657137 ], [ -62.548169444541514, -31.676179656703546 ], [ -62.548186324180065, -31.676179716480419 ], [ -62.548208400074117, -31.676196034520142 ], [ -62.548220954965998, -31.676217732130429 ], [ -62.548230266301395, -31.676255658118475 ], [ -62.548230126518142, -31.67628452849322 ], [ -62.548210953429802, -31.676322353616989 ], [ -62.54818552908516, -31.676343916736084 ], [ -62.548141141312293, -31.676359999401431 ], [ -62.54810738197024, -31.676359879832884 ], [ -62.548063112162808, -31.676351603093014 ], [ -62.548037845099998, -31.67634068701188 ], [ -62.548018947250149, -31.676321673557631 ], [ -62.548019017174568, -31.676307238370764 ], [ -62.548000119335285, -31.676288224913737 ], [ -62.54797485229706, -31.676277308820218 ], [ -62.547930582541071, -31.676269032034746 ], [ -62.547896823232911, -31.676268912410794 ], [ -62.54785243544741, -31.676284994975735 ], [ -62.547827011031117, -31.676306558022848 ], [ -62.547807837775487, -31.676344383084338 ], [ -62.547807697861046, -31.676373253457008 ], [ -62.547817009042795, -31.676411179472868 ], [ -62.547829563871474, -31.676432877120327 ], [ -62.547851639761667, -31.676449195221117 ], [ -62.547868519448237, -31.676449255040492 ], [ -62.547890634693061, -31.676457453342319 ], [ -62.547903242002114, -31.676468324592911 ], [ -62.547912645029854, -31.676487304419766 ], [ -62.547912575088475, -31.676501739605996 ], [ -62.547902988459327, -31.676520652142955 ], [ -62.547890276225964, -31.676531433671563 ], [ -62.547868082271833, -31.676539474953927 ], [ -62.547851202568943, -31.676539415134361 ], [ -62.547829008609618, -31.676547456409875 ], [ -62.547816296364118, -31.676558237930941 ], [ -62.547806709709583, -31.676577150460282 ], [ -62.547806639751578, -31.676591585646101 ], [ -62.547797053091607, -31.676610498174561 ], [ -62.547784340833765, -31.676621279692228 ], [ -62.547762146849259, -31.676629320955769 ], [ -62.547745267130367, -31.676629261122017 ], [ -62.547723151858108, -31.676621062794961 ], [ -62.547710544549858, -31.676610191526834 ], [ -62.547701141551372, -31.676591211685725 ], [ -62.547701211525684, -31.676576776500116 ], [ -62.547682313697877, -31.6765577629969 ], [ -62.547657046625062, -31.67654684684058 ], [ -62.547612776771082, -31.676538569944238 ], [ -62.547579017366878, -31.676538450235288 ], [ -62.547534747524146, -31.676530173311956 ], [ -62.547509480476393, -31.676519257126596 ], [ -62.547490582699524, -31.676500243595285 ], [ -62.547490652706166, -31.676485808409879 ], [ -62.547481249764829, -31.676466828552748 ], [ -62.54746864250567, -31.676455957260899 ], [ -62.547446527299215, -31.676447758886273 ], [ -62.54742964761391, -31.676447699011071 ], [ -62.547407532412926, -31.676439500629726 ], [ -62.547394925166095, -31.676428629330687 ], [ -62.547385522249932, -31.676409649466549 ], [ -62.54738559227259, -31.676395214281161 ], [ -62.5473951789929, -31.676376301783556 ], [ -62.547407891261471, -31.676365520304355 ], [ -62.547430085212675, -31.676357479101796 ], [ -62.547446964881658, -31.676357538976795 ], [ -62.547469158827681, -31.676349497767372 ], [ -62.547481871084109, -31.676338716280664 ], [ -62.547491457779046, -31.676319803775424 ], [ -62.547491527785063, -31.676305368589606 ], [ -62.547501114474542, -31.676286456083485 ], [ -62.547513826718642, -31.676275674593345 ], [ -62.547536020639477, -31.676267633371982 ], [ -62.547552900292459, -31.676267693232806 ], [ -62.547575094208113, -31.676259652004561 ], [ -62.547587806440063, -31.676248870506907 ], [ -62.547597393104162, -31.676229957993147 ], [ -62.547597463093553, -31.676215522806931 ], [ -62.547588060156919, -31.676196542956902 ], [ -62.547575452921301, -31.676185671675377 ], [ -62.547553337768989, -31.676177473319441 ], [ -62.547536458132321, -31.676177413458827 ], [ -62.547514382361634, -31.676161095303922 ], [ -62.547501827642407, -31.676139397625537 ], [ -62.547492516614781, -31.676101471586527 ], [ -62.547492656625259, -31.676072601213882 ], [ -62.54753081951295, -31.676034843545242 ], [ -62.547581563332635, -31.676013370341941 ], [ -62.547670259995158, -31.675997444967248 ], [ -62.547737778413122, -31.675997684324276 ], [ -62.547826435686702, -31.675989878633352 ], [ -62.547877126956195, -31.675979231701977 ], [ -62.547915197855531, -31.67596042009955 ], [ -62.54791526779502, -31.675945984912069 ], [ -62.547953338673175, -31.675927173297971 ], [ -62.54800402989467, -31.675916526315593 ], [ -62.548092687071119, -31.675908720438642 ], [ -62.548160205428836, -31.675908959571526 ], [ -62.548248901898262, -31.67589303379243 ], [ -62.548299645478806, -31.675871560300784 ], [ -62.548337807959754, -31.67583380238576 ], [ -62.548337947707239, -31.675804932008525 ], [ -62.548300152106016, -31.675766905183856 ], [ -62.548249618244618, -31.67574507311091 ], [ -62.548161079193299, -31.675728519718213 ], [ -62.548093560966137, -31.675728280586988 ], [ -62.548004903961399, -31.675736086466394 ], [ -62.547954212838285, -31.675746733450332 ], [ -62.547916142034396, -31.675765545065929 ], [ -62.547916072095532, -31.675779980253793 ], [ -62.547878001270448, -31.675798791857712 ], [ -62.547827310099343, -31.675809438790662 ], [ -62.547738652997481, -31.675817244484008 ], [ -62.547671134710072, -31.675817005128657 ], [ -62.547582595698437, -31.675800451335018 ], [ -62.547532061990488, -31.675778618979376 ], [ -62.547494266731285, -31.675740591918981 ], [ -62.547494406739247, -31.675711721544694 ], [ -62.547513579988042, -31.675673896526547 ], [ -62.547539004301719, -31.675652333538824 ], [ -62.547583391837463, -31.675636251079027 ], [ -62.547617150915279, -31.675636370783778 ], [ -62.547661499067743, -31.675628408089622 ], [ -62.547686870854662, -31.675617671462685 ], [ -62.547705952169245, -31.67559879259824 ], [ -62.547706022140112, -31.675584357410354 ], [ -62.547687124509729, -31.675565343906783 ], [ -62.547661857703595, -31.675554427752225 ], [ -62.5476175883189, -31.675546150860665 ], [ -62.547583829273734, -31.675546031156337 ], [ -62.547539638646285, -31.675521514651649 ], [ -62.547514476869971, -31.675488945686546 ], [ -62.547495763055991, -31.675432039786944 ], [ -62.547495973064635, -31.675388734223368 ], [ -62.547486753990789, -31.675331861995939 ], [ -62.547474251891586, -31.675299337922059 ], [ -62.547452215717918, -31.675274899962904 ], [ -62.547435336244767, -31.675274840090438 ], [ -62.547413221319928, -31.67526664171119 ], [ -62.547400614229154, -31.675255770412171 ], [ -62.547391211426969, -31.675236790546084 ], [ -62.547391281445542, -31.675222355358006 ], [ -62.547381878648537, -31.675203375491179 ], [ -62.547369271569913, -31.67519250418907 ], [ -62.547347156670455, -31.675184305798485 ], [ -62.547330277213931, -31.675184245912273 ], [ -62.547308241105085, -31.675159807928427 ], [ -62.547295739090615, -31.675127283836989 ], [ -62.547286520162778, -31.675070411594156 ], [ -62.547286730265583, -31.675027106029361 ], [ -62.54727751135237, -31.674970233785125 ], [ -62.547265009373199, -31.674937709690042 ], [ -62.547242973338989, -31.674913271694692 ], [ -62.547226093931727, -31.674913211795154 ], [ -62.547204018512282, -31.674896893586631 ], [ -62.547191464031954, -31.674875195875671 ], [ -62.54718215325034, -31.674837269808865 ], [ -62.547182293349927, -31.674808399431729 ], [ -62.547191971882334, -31.674770540758413 ], [ -62.547204736487579, -31.674748932903352 ], [ -62.547226969468539, -31.674732771936942 ], [ -62.547243848843145, -31.67473283183606 ], [ -62.54726608181354, -31.674716670862701 ], [ -62.547278846394192, -31.67469506299982 ], [ -62.547288524875164, -31.674657204318038 ], [ -62.547288664940872, -31.674628333939655 ], [ -62.547279354143001, -31.674590407878338 ], [ -62.547266799685381, -31.674568710173972 ], [ -62.547244724339457, -31.67455239197232 ], [ -62.547227844997472, -31.674552332073617 ], [ -62.547205809062802, -31.674527894071307 ], [ -62.547193307165998, -31.674495369967747 ], [ -62.5471840883582, -31.674438497713062 ], [ -62.547184298503353, -31.674395192144594 ], [ -62.54719406892621, -31.674338387281836 ], [ -62.547206886004012, -31.674305953032196 ], [ -62.547229158276167, -31.674281672268997 ], [ -62.547246037569188, -31.674281732167067 ], [ -62.547268231036043, -31.674273690985544 ], [ -62.547280943029548, -31.674262909512915 ], [ -62.547290529546359, -31.674243997015001 ], [ -62.547290599577799, -31.674229561824895 ], [ -62.547252713113465, -31.67421048087758 ], [ -62.547202127806948, -31.674199474787155 ], [ -62.547113551005822, -31.674191040473303 ], [ -62.547046033900898, -31.674190800798108 ], [ -62.546957457123497, -31.674182366376083 ], [ -62.546906871868494, -31.674171360169019 ], [ -62.546868985507565, -31.674152279108554 ], [ -62.546869055603956, -31.674137843919066 ], [ -62.546859653020135, -31.674118864012552 ], [ -62.546847046147917, -31.674107992658936 ], [ -62.546824931551313, -31.674099794179284 ], [ -62.546808052292178, -31.674099734225809 ], [ -62.546785937701031, -31.674091535739418 ], [ -62.546773330841148, -31.674080664378614 ], [ -62.546763928282495, -31.674061684465105 ], [ -62.546763998394894, -31.674047249275635 ], [ -62.546830552449165, -31.674028539165729 ], [ -62.546919221059042, -31.6740180274879 ], [ -62.547074338531942, -31.674010458295626 ], [ -62.547192493238214, -31.674010877675432 ], [ -62.547347610681292, -31.674003308150564 ], [ -62.547436279213521, -31.673992796112618 ], [ -62.547502833098498, -31.673974085650237 ], [ -62.547502903096365, -31.673959650459089 ], [ -62.547493500400513, -31.673940670597705 ], [ -62.547480893477449, -31.673929799305952 ], [ -62.547458778865774, -31.673921600935817 ], [ -62.547441899637398, -31.673921541066488 ], [ -62.547419824412117, -31.673905222894625 ], [ -62.54740727001181, -31.673883525202317 ], [ -62.547397959236058, -31.673845599145483 ], [ -62.547398099263461, -31.67381672876299 ], [ -62.547407777600526, -31.673778870065647 ], [ -62.547420542017477, -31.673757262183901 ], [ -62.547442774723045, -31.673741101174816 ], [ -62.547459653918793, -31.673741161043722 ], [ -62.547481768487991, -31.673749359413556 ], [ -62.547494375387032, -31.673760230705298 ], [ -62.547503778065355, -31.673779210566977 ], [ -62.547503708068128, -31.673793645758519 ], [ -62.547513110751638, -31.673812625619476 ], [ -62.547525717662829, -31.67382349690812 ], [ -62.547547832257393, -31.673831695266625 ], [ -62.547564711469782, -31.673831755121775 ], [ -62.547586826069804, -31.673839953473575 ], [ -62.547599432993323, -31.673850824754993 ], [ -62.547608835702015, -31.673869804608966 ], [ -62.547608765720788, -31.673884239800511 ], [ -62.547618168434653, -31.673903219653727 ], [ -62.547630775370322, -31.673914090932072 ], [ -62.547652889995732, -31.673922289272543 ], [ -62.547669769224726, -31.673922349113955 ], [ -62.547691962570148, -31.673914307857121 ], [ -62.547704674465749, -31.673903526340748 ], [ -62.54771426085923, -31.673884613808795 ], [ -62.547714330824142, -31.673870178617012 ], [ -62.547723917212167, -31.673851266084192 ], [ -62.547736629095439, -31.673840484564401 ], [ -62.547758822415688, -31.673832443295606 ], [ -62.54777570162868, -31.673832503122849 ], [ -62.547797816247893, -31.673840701438259 ], [ -62.547810423196353, -31.673851572699068 ], [ -62.547819825948238, -31.673870552537885 ], [ -62.547819755999647, -31.673884987729842 ], [ -62.547848147886064, -31.673904034863078 ], [ -62.547886073691174, -31.673914995838956 ], [ -62.547952496318032, -31.673923351125691 ], [ -62.548003134007871, -31.673923530524331 ], [ -62.548069635300891, -31.673915646158811 ], [ -62.548107665993811, -31.673904954280427 ], [ -62.548136241432637, -31.6738861089697 ], [ -62.548136311332271, -31.673871673777079 ], [ -62.548174381315029, -31.67385286208259 ], [ -62.548225071382547, -31.673842214998164 ], [ -62.548313726569397, -31.673834408946476 ], [ -62.548381243428295, -31.67383464794845 ], [ -62.548469898596267, -31.673826841788042 ], [ -62.548520588617386, -31.673816194585719 ], [ -62.548558658501371, -31.673797382775465 ], [ -62.548558728335422, -31.673782947581806 ], [ -62.548568314543921, -31.673764034983595 ], [ -62.548581026318701, -31.673753253378507 ], [ -62.548603219547203, -31.673745211961847 ], [ -62.54862009874639, -31.673745271677252 ], [ -62.548642370518287, -31.67372099066052 ], [ -62.548655187007, -31.673688556256781 ], [ -62.548664956456392, -31.673631751266043 ], [ -62.548665165907707, -31.673588445683226 ], [ -62.548665715715302, -31.673474768526916 ], [ -62.548488484638902, -31.673474141472031 ], [ -62.548420968039835, -31.673473902529235 ], [ -62.548332273903007, -31.673489828455718 ], [ -62.548281531632014, -31.673511301980536 ], [ -62.548243370090361, -31.673549059901113 ], [ -62.548243230325923, -31.673577930288193 ], [ -62.548224057813023, -31.673615755435197 ], [ -62.548198634216838, -31.673637318572943 ], [ -62.548154247739653, -31.67365340126171 ], [ -62.548120489376728, -31.673653281705743 ], [ -62.548076142202262, -31.673661244571036 ], [ -62.548050770993974, -31.67367198128407 ], [ -62.548031690147511, -31.673690860210129 ], [ -62.548031620232187, -31.673705295402925 ], [ -62.548022033921598, -31.673724207960035 ], [ -62.548009322086955, -31.673734989508894 ], [ -62.547987128811023, -31.673743030821807 ], [ -62.547970249613712, -31.673742971022683 ], [ -62.547948135002024, -31.673734772737134 ], [ -62.547935528052946, -31.67372390148973 ], [ -62.547926125291831, -31.673704921658945 ], [ -62.547926195223475, -31.673690486466327 ], [ -62.547897803385311, -31.673671439350294 ], [ -62.547859877677396, -31.673660478378377 ], [ -62.547793455246264, -31.673652123044931 ], [ -62.547742817705171, -31.673651943564455 ], [ -62.54767643464956, -31.673635468374563 ], [ -62.547638561465014, -31.673613680943038 ], [ -62.547610261558567, -31.673575687573727 ], [ -62.547610401518824, -31.673546817189159 ], [ -62.547620079740561, -31.673508958473047 ], [ -62.547632844070897, -31.673487350568344 ], [ -62.547655076675277, -31.67347118952064 ], [ -62.547671955822686, -31.673471249360993 ], [ -62.547694188416514, -31.673455088306344 ], [ -62.547706952722258, -31.673433480393818 ], [ -62.547716630892566, -31.673395621669226 ], [ -62.54771677081893, -31.673366751283432 ], [ -62.547745437990081, -31.673328959866957 ], [ -62.547783520943447, -31.673307441687452 ], [ -62.547850061156382, -31.673291437635445 ], [ -62.547900698502609, -31.673291617071555 ], [ -62.547967238684912, -31.673275612958115 ], [ -62.548005321566052, -31.673254094711542 ], [ -62.548033988585985, -31.673216303228163 ], [ -62.548034128413178, -31.673187432840276 ], [ -62.548024817447924, -31.673149506823325 ], [ -62.548012263005589, -31.673127809187612 ], [ -62.547990187865295, -31.673111491113229 ], [ -62.547973308782204, -31.673111431315576 ], [ -62.547951194319197, -31.673103233031132 ], [ -62.547938587454141, -31.673092361783759 ], [ -62.547929184754395, -31.673073381951898 ], [ -62.547929254683837, -31.673058946757855 ], [ -62.547919851989271, -31.673039966925273 ], [ -62.547907245136351, -31.673029095674789 ], [ -62.547885130698724, -31.673020897379036 ], [ -62.547868251632259, -31.673020837567631 ], [ -62.547846058515127, -31.673028878858378 ], [ -62.547833346756114, -31.673039660391591 ], [ -62.547823760475644, -31.673058572936039 ], [ -62.547823690529881, -31.673073008129858 ], [ -62.547804609761933, -31.673091887024423 ], [ -62.547779238678736, -31.673102623685562 ], [ -62.547734891738948, -31.673110586435115 ], [ -62.54770113357435, -31.673110466770027 ], [ -62.547656865342681, -31.673102189899726 ], [ -62.547631599203434, -31.673091273741267 ], [ -62.547612702086745, -31.673072260224117 ], [ -62.547612772065143, -31.673057825030689 ], [ -62.54757488600638, -31.673038744179394 ], [ -62.547524301293649, -31.67302773822027 ], [ -62.547435725571418, -31.673019304138691 ], [ -62.547368209311237, -31.673019064641878 ], [ -62.547279554829196, -31.673026870044076 ], [ -62.547228865102717, -31.673037516757347 ], [ -62.547190795267696, -31.673056328173448 ], [ -62.54719072522402, -31.67307076336601 ], [ -62.547171644329694, -31.673089642164722 ], [ -62.547146273175898, -31.673100378699328 ], [ -62.547101926185995, -31.673108341228385 ], [ -62.547068168025156, -31.673108221395829 ], [ -62.547023899853507, -31.673099944306465 ], [ -62.546998633790523, -31.673089028023334 ], [ -62.546979736804452, -31.673070014413646 ], [ -62.546979806880749, -31.673055579221494 ], [ -62.546960909905238, -31.673036565609021 ], [ -62.546935643866838, -31.67302564931353 ], [ -62.546891375746618, -31.673017372178556 ], [ -62.546857617619665, -31.673017252290609 ], [ -62.546813349510693, -31.673008975128653 ], [ -62.546788083497361, -31.672998058804129 ], [ -62.546769186572774, -31.672979045163572 ], [ -62.546769256681401, -31.672964609971622 ], [ -62.546759854233123, -31.672945630055565 ], [ -62.546747247529417, -31.672934758691696 ], [ -62.546725133218516, -31.672926560195918 ], [ -62.546708254171826, -31.672926500231227 ], [ -62.546686139866381, -31.672918301728735 ], [ -62.54667353317501, -31.672907430357661 ], [ -62.546664130751907, -31.672888450434609 ], [ -62.546664200876535, -31.67287401524268 ], [ -62.546673787371454, -31.672855102786837 ], [ -62.546686499237538, -31.672844321369869 ], [ -62.546708692407911, -31.672836280281103 ], [ -62.54672557143828, -31.672836340245606 ], [ -62.54674780404121, -31.67282017935436 ], [ -62.546760568476166, -31.672798571535616 ], [ -62.546770246960342, -31.672760712882038 ], [ -62.546770387176025, -31.672731842497143 ], [ -62.546761076768632, -31.672693916390493 ], [ -62.546748522681675, -31.672672218632215 ], [ -62.546726447871926, -31.672655900341098 ], [ -62.546709568874192, -31.672655840377033 ], [ -62.546687572960543, -31.672623282487624 ], [ -62.546675124083293, -31.672579931933203 ], [ -62.54666599780294, -31.672504113438272 ], [ -62.546666278295788, -31.672446372666855 ], [ -62.546657152034307, -31.672370554169884 ], [ -62.54664470320342, -31.672327203611221 ], [ -62.546622707388543, -31.672294645709908 ], [ -62.546605828456393, -31.672294585732725 ], [ -62.546583753760395, -31.672278267417031 ], [ -62.546571199769566, -31.672256569640808 ], [ -62.546561889488252, -31.672218643518008 ], [ -62.546562029765418, -31.672189773131496 ], [ -62.546552719494173, -31.672151847007726 ], [ -62.546540165527233, -31.672130149228249 ], [ -62.546518090881385, -31.672113830901246 ], [ -62.546501211982182, -31.672113770910538 ], [ -62.546479097887079, -31.672105572373091 ], [ -62.546466491328651, -31.67209470098144 ], [ -62.546457089027619, -31.672075721041875 ], [ -62.546457159182054, -31.672061285848514 ], [ -62.546447756886216, -31.672042305908235 ], [ -62.546435150339939, -31.67203143451346 ], [ -62.546413036270195, -31.672023235964708 ], [ -62.546396157387626, -31.672023175960241 ], [ -62.546373924916232, -31.672039336793436 ], [ -62.546361160498364, -31.672060944576216 ], [ -62.546351481924823, -31.672098803202033 ], [ -62.546351341583012, -31.672127673588122 ], [ -62.546332168612402, -31.672165498455005 ], [ -62.546306744983283, -31.672187061220274 ], [ -62.546262358881506, -31.672203143257949 ], [ -62.546228601052036, -31.672203023206318 ], [ -62.546184372872752, -31.672186626033408 ], [ -62.546159159806621, -31.672164883191332 ], [ -62.546140355320162, -31.672126923267665 ], [ -62.546140495727236, -31.672098052882419 ], [ -62.546150174386078, -31.672060194273413 ], [ -62.546162938852419, -31.672038586512183 ], [ -62.546185171359703, -31.672022425716111 ], [ -62.546202050241639, -31.672022485748471 ], [ -62.546224243256326, -31.6720144447415 ], [ -62.546236955058006, -31.67200366336732 ], [ -62.54624654154744, -31.671984750940986 ], [ -62.54624661173419, -31.671970315747849 ], [ -62.546256198218153, -31.67195140332063 ], [ -62.546268910007512, -31.671940621943037 ], [ -62.546291102997017, -31.671932580924103 ], [ -62.546307981862959, -31.671932640942302 ], [ -62.546330333023469, -31.67189206199075 ], [ -62.546343255691376, -31.671837896704087 ], [ -62.54635321119931, -31.671743062440356 ], [ -62.546353562554359, -31.671670782043005 ], [ -62.546354484855357, -31.671481045996043 ], [ -62.545716255370387, -31.671580588435397 ], [ -62.545578811965036, -31.671602024560034 ], [ -62.545555907901864, -31.671605596737496 ], [ -62.544834888670422, -31.67171804653195 ], [ -62.544231621723142, -31.671799610335949 ], [ -62.544116948094526, -31.671815114272675 ], [ -62.544064921594945, -31.671822148247859 ], [ -62.543398537121313, -31.671912241357976 ], [ -62.543398516528868, -31.671916450164808 ], [ -62.543398508684128, -31.671918053519796 ], [ -62.543407992744903, -31.671920191898955 ], [ -62.543420646004321, -31.671921439715085 ], [ -62.543442795092147, -31.671922420874054 ], [ -62.543459673949563, -31.671922481269021 ], [ -62.543481787729483, -31.671930680327122 ], [ -62.543494393914486, -31.671941552010473 ], [ -62.543503795596962, -31.671960532162959 ], [ -62.543503724985989, -31.671974967350607 ], [ -62.543513126673659, -31.67199394750234 ], [ -62.543525732870798, -31.6720048191826 ], [ -62.543547846676091, -31.672013018229379 ], [ -62.543564725550141, -31.672013078610618 ], [ -62.543586839360884, -31.672021277650678 ], [ -62.543599445570365, -31.672032149323744 ], [ -62.543608847283195, -31.672051129468485 ], [ -62.543608776688231, -31.672065564656144 ], [ -62.543618178406248, -31.67208454480016 ], [ -62.543630784627872, -31.672095416470121 ], [ -62.543652898463989, -31.672103615498873 ], [ -62.543669777354673, -31.672103675866353 ], [ -62.543691891196247, -31.672111874888387 ], [ -62.543704497430198, -31.672122746551146 ], [ -62.543713899173397, -31.672141726688192 ], [ -62.54371382859442, -31.672156161875833 ], [ -62.543723230342799, -31.672175142012126 ], [ -62.543735836588894, -31.672186013671787 ], [ -62.543757950455841, -31.672194212682502 ], [ -62.543774829363159, -31.672194273036244 ], [ -62.543796943235563, -31.672202472040237 ], [ -62.543809549493986, -31.672213343692697 ], [ -62.543818951267546, -31.672232323822001 ], [ -62.543818880704571, -31.672246759009663 ], [ -62.543828282483304, -31.672265739138243 ], [ -62.543840888753863, -31.672276610787588 ], [ -62.543863002651655, -31.672284809780276 ], [ -62.543879881575599, -31.672284870120279 ], [ -62.543901995478841, -31.672293069106239 ], [ -62.543914601761728, -31.672303940748389 ], [ -62.543924003565643, -31.67232292086997 ], [ -62.543923933018675, -31.672337356057639 ], [ -62.543914346023634, -31.672356268303659 ], [ -62.543901633908042, -31.672367049442858 ], [ -62.543879440614184, -31.672375090042721 ], [ -62.543862561673926, -31.672375029702504 ], [ -62.543840328684851, -31.672391190088405 ], [ -62.543827563634423, -31.672412797610544 ], [ -62.543817883997178, -31.672450656032055 ], [ -62.543817742869642, -31.672479526406374 ], [ -62.543827052057786, -31.672517452717607 ], [ -62.543839605441399, -31.672539150757252 ], [ -62.543861679712549, -31.672555469543134 ], [ -62.543878558685442, -31.672555529883773 ], [ -62.543900632967329, -31.672571848662948 ], [ -62.543913186375306, -31.672593546695424 ], [ -62.543922495613089, -31.672631472999484 ], [ -62.54392235451693, -31.672660343373408 ], [ -62.543912674891068, -31.672698201800763 ], [ -62.5438999098144, -31.672719809328846 ], [ -62.543877676748785, -31.672735969719675 ], [ -62.54386079774325, -31.672735909378613 ], [ -62.543838564667091, -31.672752069762485 ], [ -62.543825799565809, -31.672773677282752 ], [ -62.543816119888533, -31.67281153570163 ], [ -62.543815978758481, -31.672840406074315 ], [ -62.543825287980006, -31.672878332383863 ], [ -62.543837841410664, -31.67290003042292 ], [ -62.543859915766049, -31.672916349208968 ], [ -62.543876794804213, -31.672916409550453 ], [ -62.543898908856129, -31.672924608537556 ], [ -62.543911515223023, -31.672935480179738 ], [ -62.543920917088265, -31.672954460300279 ], [ -62.543920846539088, -31.672968895486502 ], [ -62.543930248409509, -31.672987875606296 ], [ -62.543942854788554, -31.672998747245401 ], [ -62.543964968865836, -31.673006946221168 ], [ -62.543981847920634, -31.673007006548911 ], [ -62.544003922326588, -31.673023325310247 ], [ -62.544016475818083, -31.673045023331817 ], [ -62.544025785140626, -31.673082949626487 ], [ -62.54402564407394, -31.673111819998784 ], [ -62.544034953406516, -31.673149746292484 ], [ -62.544047506921906, -31.673171444310796 ], [ -62.544069581378018, -31.673187763060838 ], [ -62.54408646046577, -31.673187823375045 ], [ -62.544108574600571, -31.673196022326227 ], [ -62.54412118102843, -31.67320689394781 ], [ -62.544130582963156, -31.673225874052754 ], [ -62.544130512445648, -31.673240309238789 ], [ -62.544139914385561, -31.673259289342997 ], [ -62.544152520825556, -31.673270160961486 ], [ -62.544174634985737, -31.673278359901357 ], [ -62.544191514090123, -31.673278420201811 ], [ -62.544213707573618, -31.673270379550591 ], [ -62.544226419777964, -31.673259598382625 ], [ -62.544236006805214, -31.673240686116127 ], [ -62.544236077306408, -31.673226250929865 ], [ -62.544283642284604, -31.673207474313969 ], [ -62.544346991742138, -31.673196873984722 ], [ -62.544457800409084, -31.673189149722642 ], [ -62.544542195854156, -31.673189451014558 ], [ -62.544652925257161, -31.673197966168296 ], [ -62.544716169028412, -31.6732090184362 ], [ -62.544763549052291, -31.673228134007154 ], [ -62.544763478632689, -31.673242569194453 ], [ -62.544772880702162, -31.673261549253223 ], [ -62.544785487217013, -31.673272420809873 ], [ -62.544807601434748, -31.673280619640554 ], [ -62.544824480541031, -31.673280679857278 ], [ -62.544846594764223, -31.673288878681252 ], [ -62.544859201291409, -31.673299750230687 ], [ -62.544868603386057, -31.673318730282471 ], [ -62.544868532982456, -31.673333165469778 ], [ -62.544849451568453, -31.673352043915521 ], [ -62.544824080081682, -31.673362779984735 ], [ -62.544779732779006, -31.673370741703266 ], [ -62.544745974534131, -31.67337062125543 ], [ -62.544701706454646, -31.673362343361465 ], [ -62.544676440598572, -31.673351426620808 ], [ -62.544657544037626, -31.673332412671911 ], [ -62.544657614473863, -31.673317977484999 ], [ -62.544648212422402, -31.673298997418076 ], [ -62.544635605920178, -31.673288125848028 ], [ -62.544613491716156, -31.673279926987657 ], [ -62.544596612610512, -31.673279866743023 ], [ -62.544574419156874, -31.673287907461145 ], [ -62.544561706988397, -31.673298688664076 ], [ -62.544552120020725, -31.673317600955457 ], [ -62.544552049568182, -31.673332036142135 ], [ -62.544542462595047, -31.673350948432631 ], [ -62.544529750414227, -31.673361729632152 ], [ -62.544507556935429, -31.673369770338297 ], [ -62.544490677813769, -31.673369710079491 ], [ -62.544468484329776, -31.673377750778769 ], [ -62.544455772136821, -31.673388531970762 ], [ -62.54444618513832, -31.67340744425363 ], [ -62.544446114669135, -31.673421879439893 ], [ -62.54441753863906, -31.67344072391986 ], [ -62.544379507727342, -31.673451414696885 ], [ -62.544313006478617, -31.673459297139761 ], [ -62.544262369066615, -31.673459116278977 ], [ -62.54419574882089, -31.673491358036358 ], [ -62.544157559207186, -31.673534527914065 ], [ -62.5441287054174, -31.673610210870141 ], [ -62.544128423341704, -31.673667951610653 ], [ -62.544109064029165, -31.673743668483258 ], [ -62.544083533668008, -31.673786883568425 ], [ -62.544039067078643, -31.673819204400484 ], [ -62.544005308675004, -31.67381908375517 ], [ -62.543961040452295, -31.673810805603413 ], [ -62.543935774564019, -31.673799888716523 ], [ -62.543916878065772, -31.673780874659826 ], [ -62.543916948617813, -31.673766439475415 ], [ -62.543898052130125, -31.673747425415939 ], [ -62.543872786266448, -31.67373650851669 ], [ -62.543828518095168, -31.673728230319323 ], [ -62.543794759725436, -31.673728109618605 ], [ -62.543750412165537, -31.673736070976449 ], [ -62.543725040450155, -31.673746806824287 ], [ -62.54370595872134, -31.673765685094804 ], [ -62.543705888136671, -31.673780120278774 ], [ -62.543658322751625, -31.673798896673759 ], [ -62.543594972810681, -31.673809496655444 ], [ -62.543484163344679, -31.673817220159801 ], [ -62.543399767344305, -31.673816918162725 ], [ -62.543289077076153, -31.673800282125903 ], [ -62.543225886077451, -31.673778402762213 ], [ -62.543178598847369, -31.673740340444596 ], [ -62.543178740179577, -31.673711470078551 ], [ -62.543216903818283, -31.673673713693706 ], [ -62.543267647317606, -31.673652242195487 ], [ -62.543356342428211, -31.673636319799744 ], [ -62.543423859097338, -31.673636561423628 ], [ -62.543512514447272, -31.673628758709803 ], [ -62.543563204900792, -31.67361811348103 ], [ -62.543601275683805, -31.673599303158056 ], [ -62.543601346284156, -31.673584867973869 ], [ -62.543553966323749, -31.673565751972941 ], [ -62.54349072245634, -31.673554699128573 ], [ -62.543379992749529, -31.673546182963683 ], [ -62.543295596995499, -31.673545880900004 ], [ -62.54318478782141, -31.673553604147397 ], [ -62.543121437996589, -31.673564203895449 ], [ -62.54307387260738, -31.673582980073103 ], [ -62.543073801925431, -31.673597415256204 ], [ -62.543054720097075, -31.673616293428807 ], [ -62.543029348336177, -31.673627029138054 ], [ -62.54298500076257, -31.673634990229804 ], [ -62.542951242430533, -31.67363486930623 ], [ -62.542862626809949, -31.673634551839328 ], [ -62.542862069929811, -31.673748228901186 ], [ -62.542861857784182, -31.673791534448029 ], [ -62.542842590237449, -31.673848304940606 ], [ -62.542817112305634, -31.673880693379395 ], [ -62.5427726850235, -31.673904893975291 ], [ -62.542738926594836, -31.673904772994618 ], [ -62.542694578865451, -31.673912733983581 ], [ -62.542669206983, -31.67392346961957 ], [ -62.542650125006041, -31.673942347729309 ], [ -62.542650054257564, -31.673956782910736 ], [ -62.542630972269862, -31.673975661017408 ], [ -62.542605600363068, -31.673986396640384 ], [ -62.542561252584008, -31.673994357582448 ], [ -62.542527494123988, -31.673994236545528 ], [ -62.542483106524244, -31.674010317249628 ], [ -62.5424576815075, -31.674031879228561 ], [ -62.54243850656497, -31.674069703480487 ], [ -62.542438365001779, -31.674098573841921 ], [ -62.542409695456229, -31.67413636403888 ], [ -62.54237161094359, -31.674157880596702 ], [ -62.542305069208155, -31.674173881774667 ], [ -62.542254431422585, -31.674173700113347 ], [ -62.542187929493124, -31.674181581441122 ], [ -62.542149898031511, -31.674192271547039 ], [ -62.542121321306432, -31.674211115503827 ], [ -62.542121250475418, -31.67422555068358 ], [ -62.542102168326089, -31.674244428708839 ], [ -62.542076796286338, -31.674255164224945 ], [ -62.542032448336521, -31.67426312498122 ], [ -62.541998689781757, -31.674263003803478 ], [ -62.541954341821892, -31.674270964532504 ], [ -62.541928969758253, -31.674281700018945 ], [ -62.541909887558781, -31.67430057801479 ], [ -62.541909816694798, -31.674315013193922 ], [ -62.541900229085158, -31.674333925276954 ], [ -62.541887516467092, -31.674344706207393 ], [ -62.541865322531663, -31.674352746448324 ], [ -62.541848443238443, -31.674352685838308 ], [ -62.541826249297827, -31.674360726072383 ], [ -62.541813536667618, -31.674371506995296 ], [ -62.541803949032605, -31.674390419070694 ], [ -62.541803878151981, -31.674404854249385 ], [ -62.541794290511504, -31.674423766323912 ], [ -62.543418630294369, -31.681029034257353 ], [ -62.544299582127032, -31.680880379928212 ], [ -62.552740483462046, -31.679455704834506 ], [ -62.551516383965804, -31.67519902930254 ], [ -62.551405573416105, -31.675206759675806 ], [ -62.5513422233483, -31.675217363501226 ], [ -62.551294658727201, -31.675236142746403 ], [ -62.551294589312434, -31.675250577942201 ] ] ], [ [ [ -62.551928152546061, -31.675131437645803 ], [ -62.551928013311603, -31.675160433290397 ], [ -62.55192796026985, -31.675171479250196 ], [ -62.551870922449993, -31.675185776992762 ], [ -62.551794925054367, -31.675193794650006 ], [ -62.551949037072468, -31.675217948879975 ], [ -62.551940952307753, -31.675184458890204 ], [ -62.551928152546061, -31.675131437645803 ] ] ], [ [ [ -62.547794475987942, -31.674529981819855 ], [ -62.547807292884997, -31.674497547509183 ], [ -62.547817062940716, -31.674440742596168 ], [ -62.547817272792138, -31.674397437023934 ], [ -62.547836537439629, -31.674340665757629 ], [ -62.547862013769709, -31.674308276303634 ], [ -62.547906439948079, -31.674284073926504 ], [ -62.547940198538214, -31.674284193541233 ], [ -62.547984585352765, -31.674268110931674 ], [ -62.548010009171598, -31.674246547840752 ], [ -62.548029181903729, -31.674208722731688 ], [ -62.548029321737836, -31.674179852348313 ], [ -62.54801051609153, -31.674141892701329 ], [ -62.54798530207281, -31.674120150217821 ], [ -62.547941072672714, -31.674103753647405 ], [ -62.547907314147864, -31.674103634033511 ], [ -62.547862966741626, -31.67411159682197 ], [ -62.547839087819078, -31.674121701921898 ], [ -62.547837595386248, -31.674122333490494 ], [ -62.547831042926624, -31.674128816552756 ], [ -62.547818514403794, -31.674141212382057 ], [ -62.547818444454258, -31.674155647573425 ], [ -62.547780374276797, -31.674174459158994 ], [ -62.547729683979838, -31.674185106064023 ], [ -62.547641028415747, -31.67419291170588 ], [ -62.547573511304542, -31.674192672309808 ], [ -62.547484776970109, -31.674216717432312 ], [ -62.547433981604037, -31.674249017004904 ], [ -62.547395727522058, -31.6743057208487 ], [ -62.547395517475756, -31.674349026419048 ], [ -62.547385747174154, -31.674405831298266 ], [ -62.547372930144128, -31.674438265565801 ], [ -62.547350657871164, -31.674462546353521 ], [ -62.547333778545187, -31.674462486468979 ], [ -62.547327562733379, -31.674464738593937 ], [ -62.547311585038713, -31.674470527661292 ], [ -62.547298873020118, -31.674481309136414 ], [ -62.547289286479995, -31.674500221634023 ], [ -62.547289216447616, -31.674514656823519 ], [ -62.547298619158077, -31.674533636698403 ], [ -62.547311226140344, -31.674544508007688 ], [ -62.547333340885643, -31.674552706403876 ], [ -62.547350220227948, -31.674552766288627 ], [ -62.547372295592638, -31.6745690844722 ], [ -62.54738485007497, -31.674590782166412 ], [ -62.547394160915857, -31.674628708220435 ], [ -62.547394020882784, -31.674657578599231 ], [ -62.547422321023049, -31.674695572012325 ], [ -62.547460194592183, -31.674717359507991 ], [ -62.54752657837539, -31.67473383481444 ], [ -62.547577216502063, -31.674734014386207 ], [ -62.5476437577694, -31.674718010455233 ], [ -62.547678911813811, -31.674698147558153 ], [ -62.547681841316844, -31.674696492316269 ], [ -62.54771050891744, -31.67465870091948 ], [ -62.5477106488526, -31.67462983053942 ], [ -62.547720327151694, -31.674591971822789 ], [ -62.547733091610311, -31.674570363912878 ], [ -62.547755324457995, -31.674554202852701 ], [ -62.547772203801529, -31.674554262681628 ], [ -62.547794475987942, -31.674529981819855 ] ] ], [ [ [ -62.541806164026212, -31.673939319719125 ], [ -62.541815751613257, -31.673920407641788 ], [ -62.541828464181073, -31.673909626717297 ], [ -62.541850658013701, -31.673901586481282 ], [ -62.541867537225336, -31.673901647090229 ], [ -62.541889731052791, -31.673893606847322 ], [ -62.541902443608464, -31.673882825915317 ], [ -62.541912031170128, -31.673863913830353 ], [ -62.541912102032519, -31.673849478650176 ], [ -62.541931184138114, -31.67383060065179 ], [ -62.541956556078183, -31.673819865162979 ], [ -62.542000903822981, -31.673811904430604 ], [ -62.542034662214554, -31.673812025606217 ], [ -62.542079009949312, -31.673804064846586 ], [ -62.542104381865485, -31.673793329328117 ], [ -62.542123463920937, -31.673774451300329 ], [ -62.542123534750374, -31.673760016119527 ], [ -62.54217110041693, -31.673741240299357 ], [ -62.542234450464044, -31.673730641025625 ], [ -62.54234525991653, -31.673722918606551 ], [ -62.542429655819447, -31.673723221300339 ], [ -62.542540465249168, -31.673715498711488 ], [ -62.542603815239168, -31.673704899253757 ], [ -62.54265138078317, -31.673686123253194 ], [ -62.542651451530702, -31.673671688071138 ], [ -62.542670533451336, -31.673652809959872 ], [ -62.542695905259635, -31.673642074322473 ], [ -62.54274025286, -31.673634113331484 ], [ -62.542774011190751, -31.673634234310892 ], [ -62.542862626809949, -31.673634551839328 ], [ -62.542862998061615, -31.673558767130306 ], [ -62.54286313949045, -31.67352989676472 ], [ -62.542882314147924, -31.673492072443111 ], [ -62.542907738918963, -31.673470510375399 ], [ -62.542952126189455, -31.673454429519097 ], [ -62.542985884456201, -31.673454550441839 ], [ -62.543030271705959, -31.673438469558107 ], [ -62.543055696428425, -31.673416907460282 ], [ -62.543074870984412, -31.673379083108113 ], [ -62.543075012346712, -31.673350212740857 ], [ -62.543141659372218, -31.67331255837669 ], [ -62.543230380675922, -31.673291222870798 ], [ -62.543385536912304, -31.673275538362649 ], [ -62.543503690627475, -31.673275961149674 ], [ -62.543658846796809, -31.673260276308461 ], [ -62.543747567937039, -31.673238940441173 ], [ -62.543814214615644, -31.673201285721728 ], [ -62.543814355748239, -31.673172415350692 ], [ -62.543805046503373, -31.67313448904185 ], [ -62.543792493049544, -31.673112791000126 ], [ -62.54377041866006, -31.673096472202584 ], [ -62.543753539589581, -31.673096411846728 ], [ -62.543731504911428, -31.6730719732506 ], [ -62.543719004418492, -31.673039448812425 ], [ -62.543709787863811, -31.672982576315043 ], [ -62.543709999609277, -31.672939270757592 ], [ -62.54370078306922, -31.672882398258796 ], [ -62.543688282611562, -31.672849873816993 ], [ -62.543666248008023, -31.672825435209369 ], [ -62.543649368986799, -31.672825374840198 ], [ -62.543648240507679, -31.672825783682029 ], [ -62.543627175562271, -31.672833415394368 ], [ -62.543614463348163, -31.672844196503224 ], [ -62.54360487623731, -31.672863108723405 ], [ -62.54360480563949, -31.672877543909213 ], [ -62.543557240696998, -31.67289632027331 ], [ -62.54349389135929, -31.672906920211979 ], [ -62.543383082958798, -31.672914643639682 ], [ -62.543298687775881, -31.672914341583414 ], [ -62.543187958847845, -31.672905825258351 ], [ -62.543124715472381, -31.672894772236063 ], [ -62.543077335960461, -31.672875656060313 ], [ -62.543077406639867, -31.67286122087555 ], [ -62.543068004956126, -31.672842240694301 ], [ -62.543055398701036, -31.672831368969661 ], [ -62.543033284747118, -31.672823169837162 ], [ -62.543016405727812, -31.67282310938425 ], [ -62.543015277246013, -31.672823518220458 ], [ -62.542994212250697, -31.672831149827807 ], [ -62.542981499964583, -31.672841930872927 ], [ -62.542971912726316, -31.672860843044337 ], [ -62.542971842030589, -31.672875278228865 ], [ -62.542952760331353, -31.67289415638956 ], [ -62.542927388756411, -31.672904892081483 ], [ -62.542883041518543, -31.672912853141863 ], [ -62.542849283448227, -31.672912732193765 ], [ -62.542805015762177, -31.672904453644762 ], [ -62.54277975025613, -31.67289353653101 ], [ -62.542760854176798, -31.672874522304358 ], [ -62.54276092490516, -31.672860087120242 ], [ -62.542751523286221, -31.672841106916263 ], [ -62.542738917068547, -31.672830235160699 ], [ -62.542716803143421, -31.67282203597361 ], [ -62.542699924125046, -31.672821975478843 ], [ -62.542677690829777, -31.672838135658107 ], [ -62.542664925449166, -31.672859743059291 ], [ -62.542655245292693, -31.672897601385049 ], [ -62.542655103803014, -31.672926471752657 ], [ -62.542626434710868, -31.672964262009508 ], [ -62.542588350729226, -31.672985778640967 ], [ -62.542521809867893, -31.673001779943174 ], [ -62.542471172716809, -31.673001598373851 ], [ -62.542404751272592, -31.672993240243134 ], [ -62.542366826505578, -31.672982277645929 ], [ -62.542338436031727, -31.672963229303406 ], [ -62.542338506825672, -31.672948794120337 ], [ -62.54231011636778, -31.672929745771558 ], [ -62.542272191637956, -31.672918783146464 ], [ -62.54220577027175, -31.672910424912782 ], [ -62.542155133172471, -31.672910243218514 ], [ -62.54208871182361, -31.67290188492402 ], [ -62.54205078713192, -31.672890922233435 ], [ -62.542022396751051, -31.672871873821183 ], [ -62.542022467593632, -31.672857438638548 ], [ -62.542032055023036, -31.672838526540289 ], [ -62.542044767417153, -31.672827745590798 ], [ -62.542066960973116, -31.672819705313156 ], [ -62.542083839989573, -31.67281976589166 ], [ -62.542106033540342, -31.672811725607161 ], [ -62.542118745922316, -31.672800944650131 ], [ -62.542128333326346, -31.672782032544248 ], [ -62.542128404152287, -31.67276759736119 ], [ -62.542119002671676, -31.67274861711164 ], [ -62.542106396540866, -31.672737745294242 ], [ -62.542084282694546, -31.672729545998141 ], [ -62.542067403694404, -31.672729485419847 ], [ -62.54204528985354, -31.672721286117035 ], [ -62.542032683735059, -31.672710414292428 ], [ -62.542023282279608, -31.672691434035901 ], [ -62.542023353121557, -31.672676998852847 ], [ -62.542061423822609, -31.672658188985864 ], [ -62.542112113905546, -31.672647544328566 ], [ -62.542200768412698, -31.672639742517166 ], [ -62.542268284349895, -31.672639984745736 ], [ -62.542356938838196, -31.67263218282562 ], [ -62.542407628874784, -31.672621538050432 ], [ -62.542445699477092, -31.672602728067666 ], [ -62.542445770253451, -31.672588292883567 ], [ -62.542464851990921, -31.672569414798186 ], [ -62.54249022352618, -31.672558679197291 ], [ -62.54253457062709, -31.672550718271747 ], [ -62.542568328564968, -31.672550839301877 ], [ -62.542612871067242, -31.672503008569095 ], [ -62.54263850310106, -31.672439113231068 ], [ -62.542658040681395, -31.672327205626395 ], [ -62.542658458784302, -31.672241890829209 ], [ -62.54265955629598, -31.672017939481197 ], [ -62.542350740717787, -31.672062689069691 ], [ -62.54223309661257, -31.672079736334545 ], [ -62.541924280638369, -31.67212448488652 ], [ -62.541602945736258, -31.672170099031639 ], [ -62.541480532360275, -31.672187475635074 ], [ -62.541301528946413, -31.672212884982244 ], [ -62.541704472149512, -31.674020784586851 ], [ -62.541709813433812, -31.6740102486281 ], [ -62.541722526026106, -31.673999467714534 ], [ -62.541744719889103, -31.673991427497338 ], [ -62.541761599116725, -31.673991488120471 ], [ -62.541783792974535, -31.67398344789639 ], [ -62.541796505554693, -31.673972666975335 ], [ -62.541806093147194, -31.673953754898875 ], [ -62.541806164026212, -31.673939319719125 ] ] ] ] } },
{ "type": "Feature", "properties": { "zona": "bajo anegable", "zona_id": "BAJO ANEGABLE" }, "geometry": { "type": "Polygon", "coordinates": [ [ [ -62.548776538393845, -31.671103255652731 ], [ -62.548708671110099, -31.671113842217071 ], [ -62.54865003489661, -31.671122988802924 ], [ -62.548641679091489, -31.67112429221163 ], [ -62.548640551677053, -31.671124468075167 ], [ -62.548430066053015, -31.671157301196928 ], [ -62.548418016177834, -31.671159180815348 ], [ -62.548343871649521, -31.671170746337477 ], [ -62.548237362699503, -31.671187360181669 ], [ -62.548169495296953, -31.671197946457944 ], [ -62.54810633575736, -31.67120779834498 ], [ -62.548089990452759, -31.671210347947966 ], [ -62.548020721682803, -31.671221152730162 ], [ -62.547944708611809, -31.671233009465496 ], [ -62.547823944682058, -31.671251846467701 ], [ -62.547738939175943, -31.671265105725325 ], [ -62.547682569180843, -31.671273898349263 ], [ -62.547515799610785, -31.671299911005914 ], [ -62.547514134981384, -31.671643239142398 ], [ -62.547513500829382, -31.671774030808546 ], [ -62.547522162863636, -31.671945728535917 ], [ -62.547534346419539, -31.672043867173148 ], [ -62.547556143279159, -31.672117516039325 ], [ -62.547573022181503, -31.6721175758905 ], [ -62.547595057652082, -31.672142013834165 ], [ -62.547607559384616, -31.672174537908699 ], [ -62.547616778244901, -31.672231410153259 ], [ -62.547616568318169, -31.672274715739036 ], [ -62.54762578719307, -31.672331587982185 ], [ -62.547638288960897, -31.672364112053078 ], [ -62.54766032450609, -31.672388549985229 ], [ -62.54767720345771, -31.672388609823084 ], [ -62.547699278373187, -31.672404927951348 ], [ -62.547711832647238, -31.672426625618719 ], [ -62.547721143416645, -31.672464551660944 ], [ -62.547721003496562, -31.672493422050845 ], [ -62.547730314276009, -31.672531348092097 ], [ -62.547742868573955, -31.672553045756192 ], [ -62.54776494353959, -31.672569363873166 ], [ -62.547781822524158, -31.672569423697478 ], [ -62.547803897500529, -31.672585741807762 ], [ -62.547816451822825, -31.67260743946467 ], [ -62.547825762651954, -31.672645365498749 ], [ -62.547825622763234, -31.672674235888259 ], [ -62.547834933602417, -31.672712161921371 ], [ -62.547847487948601, -31.672733859575011 ], [ -62.547869562975137, -31.672750177673983 ], [ -62.547886441992638, -31.672750237484763 ], [ -62.547908556366558, -31.67275843578004 ], [ -62.547921163183474, -31.67276930703051 ], [ -62.547930565851729, -31.672788286863568 ], [ -62.547930495923225, -31.672802722058208 ], [ -62.547939898596674, -31.67282170189052 ], [ -62.547952505425734, -31.672832573137892 ], [ -62.547974619825013, -31.672840771421857 ], [ -62.547991498859162, -31.672840831218881 ], [ -62.548013613263898, -31.67284902949612 ], [ -62.548026220105292, -31.672859900736281 ], [ -62.548035622803923, -31.672878880561608 ], [ -62.548035552891413, -31.672893315756255 ], [ -62.548044955595216, -31.672912295580851 ], [ -62.548057562448747, -31.672923166817906 ], [ -62.548079676878871, -31.672931365083826 ], [ -62.548096555929639, -31.672931424867109 ], [ -62.54811867036522, -31.672939623126318 ], [ -62.548131277231079, -31.672950494356172 ], [ -62.548140679960063, -31.672969474173776 ], [ -62.548140610063555, -31.672983909368416 ], [ -62.548150012797727, -31.673002889185284 ], [ -62.548162619675736, -31.673013760412051 ], [ -62.548184734136683, -31.673021958659923 ], [ -62.548201613204085, -31.67302201842946 ], [ -62.548223727670489, -31.673030216670636 ], [ -62.548236334560826, -31.67304108789018 ], [ -62.54824573732018, -31.67306006770006 ], [ -62.548245667439673, -31.673074502894714 ], [ -62.548255070204206, -31.673093482703852 ], [ -62.548267677106693, -31.673104353920298 ], [ -62.548289791598464, -31.673112552150151 ], [ -62.548306670682493, -31.673112611905935 ], [ -62.548328785179734, -31.673120810129067 ], [ -62.548341392094549, -31.673131681338312 ], [ -62.548350794884257, -31.673150661140454 ], [ -62.548350725019759, -31.673165096335111 ], [ -62.548360127814639, -31.673184076136533 ], [ -62.548372734741605, -31.673194947342662 ], [ -62.54839484926422, -31.673203145554474 ], [ -62.548411728364876, -31.673203205296531 ], [ -62.548433842892948, -31.673211403501611 ], [ -62.548446449832241, -31.673222274700546 ], [ -62.548455852652296, -31.673241254494972 ], [ -62.548455782803806, -31.673255689689629 ], [ -62.548465185629055, -31.673274669483323 ], [ -62.548477792580485, -31.673285540679156 ], [ -62.548499907133923, -31.673293738872921 ], [ -62.54851678625122, -31.673293798601222 ], [ -62.548538900810115, -31.673301996788275 ], [ -62.548551507773887, -31.673312867976904 ], [ -62.548560910624303, -31.673331847763599 ], [ -62.548560840791815, -31.673346282958263 ], [ -62.548570243647433, -31.673365262744223 ], [ -62.54858285062334, -31.673376133929761 ], [ -62.548604965207602, -31.673384332105492 ], [ -62.548621844341525, -31.673384391820047 ], [ -62.548643958931251, -31.673392589989049 ], [ -62.548656565919494, -31.673403461167378 ], [ -62.548665968800279, -31.673422440946354 ], [ -62.548665898983799, -31.673436876141018 ], [ -62.548665715715302, -31.673474768526916 ], [ -62.548710023485256, -31.673474925252165 ], [ -62.548726902635813, -31.673474984952982 ], [ -62.548748977991735, -31.673491302900974 ], [ -62.548761532654112, -31.673513000465022 ], [ -62.548770843953861, -31.673550926429193 ], [ -62.548770704352599, -31.673579796818359 ], [ -62.548780015662416, -31.673617722781565 ], [ -62.548792570348681, -31.673639420342337 ], [ -62.548814645754767, -31.673655738279017 ], [ -62.548831524938272, -31.673655797966301 ], [ -62.54885363961089, -31.673663996099386 ], [ -62.54886624666009, -31.673674867257091 ], [ -62.548875649610359, -31.67369384702047 ], [ -62.548875579825584, -31.673708282214939 ], [ -62.548884982781033, -31.673727261977561 ], [ -62.548897589842383, -31.673738133132179 ], [ -62.548919704540381, -31.673746331253941 ], [ -62.548936583740513, -31.673746390927491 ], [ -62.548958698443975, -31.673754589042531 ], [ -62.548971305517647, -31.673765460189937 ], [ -62.548980708498291, -31.67378443994556 ], [ -62.548980638729503, -31.673798875140054 ], [ -62.548990041715321, -31.673817854894949 ], [ -62.549002648801149, -31.673828726039261 ], [ -62.549024763529971, -31.673836924142979 ], [ -62.54904164274673, -31.673836983802765 ], [ -62.549063718243225, -31.673853301696695 ], [ -62.549076273026806, -31.673874999229671 ], [ -62.549085584489028, -31.67391292517026 ], [ -62.549085444983156, -31.673941795559038 ], [ -62.549094756455439, -31.673979721498661 ], [ -62.549107311262908, -31.674001419028368 ], [ -62.549129386809561, -31.67401773691099 ], [ -62.549146266059275, -31.674017796557237 ], [ -62.549168380845643, -31.674025994636363 ], [ -62.549180987980272, -31.67403686576316 ], [ -62.5491903910304, -31.674055845503187 ], [ -62.549190321293317, -31.674070280697482 ], [ -62.549199724348625, -31.674089260436762 ], [ -62.549212331495404, -31.674100131560458 ], [ -62.549234446307139, -31.674108329628272 ], [ -62.549251325573479, -31.674108389260766 ], [ -62.549273440390671, -31.674116587321862 ], [ -62.549286047549778, -31.674127458438349 ], [ -62.549295450630261, -31.674146438170652 ], [ -62.549295380909186, -31.67416087336494 ], [ -62.549304783994856, -31.674179853096501 ], [ -62.549317391166113, -31.674190724209897 ], [ -62.549339506008678, -31.674198922259663 ], [ -62.549356385291659, -31.674198981878412 ], [ -62.549378500139674, -31.674207179921467 ], [ -62.54939110732326, -31.674218051027644 ], [ -62.549400510434111, -31.674237030752224 ], [ -62.549400440729038, -31.674251465946508 ], [ -62.549409843845069, -31.674270445670349 ], [ -62.549422451040805, -31.674281316773435 ], [ -62.5494445659142, -31.674289514805167 ], [ -62.549461445213808, -31.674289574410164 ], [ -62.549483560092661, -31.674297772435175 ], [ -62.549496167300731, -31.674308643531049 ], [ -62.549505570441937, -31.674327623247887 ], [ -62.549505500752872, -31.674342058442193 ], [ -62.549514903899265, -31.674361038158292 ], [ -62.549527511119479, -31.674371909251064 ], [ -62.549549626023705, -31.674380107264753 ], [ -62.549566505339939, -31.674380166856015 ], [ -62.549588581056668, -31.674396484659784 ], [ -62.549601136034426, -31.674418182141103 ], [ -62.549610447761843, -31.674456108042655 ], [ -62.54961030841541, -31.674484978431071 ], [ -62.549629114782881, -31.674522937846927 ], [ -62.549654329296409, -31.674544680008779 ], [ -62.549698559213141, -31.674561075988912 ], [ -62.549732317911818, -31.674561195130405 ], [ -62.549776665380989, -31.674553231693228 ], [ -62.549802036635967, -31.674542494638857 ], [ -62.549821117303978, -31.674523615448848 ], [ -62.549821186944719, -31.674509180254329 ], [ -62.549840267601994, -31.674490301061269 ], [ -62.549865638832607, -31.674479563993899 ], [ -62.549909986252104, -31.674471600509833 ], [ -62.549943744919396, -31.674471719595072 ], [ -62.549988092328839, -31.674463756083732 ], [ -62.550013463535556, -31.674453018986718 ], [ -62.550032544142667, -31.674434139764262 ], [ -62.550032613750453, -31.674419704569114 ], [ -62.550051694346841, -31.674400825343604 ], [ -62.550077065529202, -31.674390088233586 ], [ -62.55012141288897, -31.67438212467534 ], [ -62.550155171524864, -31.674382243704343 ], [ -62.550199714573246, -31.674333681131113 ], [ -62.550225346636722, -31.674268812006915 ], [ -62.550244883745059, -31.674155201777253 ], [ -62.55024530118942, -31.674068590599589 ], [ -62.550246396972305, -31.673841236252574 ], [ -62.55022951775198, -31.673841176752163 ], [ -62.550202089019045, -31.67384108005923 ], [ -62.550185209798848, -31.673841020552967 ], [ -62.550163094964532, -31.67383282264942 ], [ -62.550150487741519, -31.673821951618521 ], [ -62.550141084518174, -31.673802971946962 ], [ -62.550141154107457, -31.673788536750177 ], [ -62.550131750889307, -31.673769557077879 ], [ -62.55011914367843, -31.673758686043872 ], [ -62.55009702886948, -31.673750488129016 ], [ -62.550080149665909, -31.673750428608994 ], [ -62.550058074013549, -31.673734110889239 ], [ -62.55004551901898, -31.673712413450446 ], [ -62.550036207184696, -31.673674487575287 ], [ -62.550036346394968, -31.673645617181503 ], [ -62.550027034570725, -31.673607691305381 ], [ -62.550014479600058, -31.67358599386333 ], [ -62.549992403997841, -31.67356967613226 ], [ -62.549975524827225, -31.673569616598702 ], [ -62.549953801674498, -31.673480220675902 ], [ -62.54994171666678, -31.673361085644995 ], [ -62.549933227294169, -31.673152643988793 ], [ -62.549933993107821, -31.672993856810667 ], [ -62.549944492682691, -31.672785482123505 ], [ -62.549957726276276, -31.672666436385494 ], [ -62.549980310691367, -31.67257719672935 ], [ -62.549997189682493, -31.67257725626062 ], [ -62.550019460816486, -31.672552974993124 ], [ -62.550032276662726, -31.672520540439162 ], [ -62.550042045143826, -31.672463735323653 ], [ -62.550042253946593, -31.672420429724689 ], [ -62.550033033588683, -31.672363557643102 ], [ -62.550020530983304, -31.672331033799058 ], [ -62.549998494828237, -31.672306596268673 ], [ -62.549981615886047, -31.672306536738034 ], [ -62.549959736376657, -31.672249620001224 ], [ -62.549947442656418, -31.672173790549717 ], [ -62.549938587862734, -31.672041133658428 ], [ -62.54993907517246, -31.671940087255091 ], [ -62.549930220408626, -31.671807430358669 ], [ -62.549917926766085, -31.671731600899857 ], [ -62.54989604742601, -31.671674684148616 ], [ -62.549879168598352, -31.67167462460549 ], [ -62.549857054302571, -31.67166642665115 ], [ -62.549844447405064, -31.671655555589382 ], [ -62.549835044456927, -31.671636575891448 ], [ -62.549835114087678, -31.671622140690356 ], [ -62.549825711144734, -31.671603160991694 ], [ -62.549813104259357, -31.671592289926814 ], [ -62.549790989988949, -31.671584091961165 ], [ -62.549774111177932, -31.671584032404279 ], [ -62.549752036087405, -31.671567714631333 ], [ -62.549739481449429, -31.671546017158452 ], [ -62.549730169944759, -31.671508091251262 ], [ -62.549730309237944, -31.671479220848891 ], [ -62.549720997743329, -31.671441294940749 ], [ -62.549708443129248, -31.671419597464599 ], [ -62.549686368088885, -31.67140327968033 ], [ -62.549669489310794, -31.671403220109919 ], [ -62.549647375097919, -31.671395022119661 ], [ -62.549634768261349, -31.671384151037273 ], [ -62.549625365382703, -31.671365171323746 ], [ -62.549625435045144, -31.671350736122452 ], [ -62.549616032171691, -31.671331756408176 ], [ -62.549603425347264, -31.671320885322693 ], [ -62.549581311159749, -31.671312687321134 ], [ -62.549564432398284, -31.67131262773696 ], [ -62.549542357408498, -31.671296309927978 ], [ -62.54952980285524, -31.671274612434349 ], [ -62.549520491461649, -31.6712366865113 ], [ -62.549520630818229, -31.671207816108524 ], [ -62.549511319434686, -31.671169890184508 ], [ -62.549498764905323, -31.671148192687607 ], [ -62.54947668996568, -31.671131874867303 ], [ -62.549459811237178, -31.671131815269611 ], [ -62.549437697107187, -31.671123617243438 ], [ -62.54942509033156, -31.671112746140441 ], [ -62.549415687522405, -31.671093766411307 ], [ -62.549415757216529, -31.67107933120981 ], [ -62.549394452601291, -31.671060309449132 ], [ -62.549365976759432, -31.671049382297536 ], [ -62.549316091770336, -31.671041086168117 ], [ -62.549278054287726, -31.67104095180942 ], [ -62.549178205897086, -31.671040599063879 ], [ -62.548967745714876, -31.67107342916519 ], [ -62.548887570369551, -31.67108593577872 ], [ -62.548776538393845, -31.671103255652731 ] ] ] } },
{ "type": "Feature", "properties": { "zona": "8", "zona_id": "8" }, "geometry": { "type": "MultiPolygon", "coordinates": [ [ [ [ -62.549963341561948, -31.676095775565816 ], [ -62.549941226215751, -31.676087577621917 ], [ -62.549928618717551, -31.676076706570338 ], [ -62.549919215318155, -31.676057726887429 ], [ -62.54991928494789, -31.676043291696175 ], [ -62.549947860686359, -31.676024445988691 ], [ -62.549985892033803, -31.676013753559939 ], [ -62.550052394664412, -31.676005868175867 ], [ -62.550103033499013, -31.676006046751581 ], [ -62.550169457825248, -31.676014400897103 ], [ -62.550207384766438, -31.676025361189879 ], [ -62.550235777792729, -31.676044407796002 ], [ -62.550235708211964, -31.676058842987857 ], [ -62.550245111676134, -31.67607782264805 ], [ -62.550257719211757, -31.676088693668699 ], [ -62.550279834586732, -31.676096891557997 ], [ -62.550296714215207, -31.676096951055534 ], [ -62.550318790463599, -31.676113268733545 ], [ -62.550331345837996, -31.676134966140896 ], [ -62.550340658025341, -31.676172891983327 ], [ -62.550340518895496, -31.676201762366858 ], [ -62.550349831092902, -31.676239688208309 ], [ -62.550362386491194, -31.676261385612403 ], [ -62.550384462789758, -31.676277703279112 ], [ -62.550401342451188, -31.6762777627631 ], [ -62.550423536130083, -31.676269721037091 ], [ -62.550436248037883, -31.676258939252588 ], [ -62.550445834128411, -31.676240026519444 ], [ -62.550445903677151, -31.676225591327572 ], [ -62.550455489762221, -31.676206678593559 ], [ -62.550468201657694, -31.676195896805634 ], [ -62.5504903953114, -31.676187855067674 ], [ -62.550507274956836, -31.6761879145375 ], [ -62.550529468605355, -31.67617987279267 ], [ -62.550542180488677, -31.676169090997213 ], [ -62.550551766548367, -31.676150178255583 ], [ -62.550551836080494, -31.676135743063281 ], [ -62.550561422134727, -31.676116830320776 ], [ -62.550574134005707, -31.676106048521913 ], [ -62.550596327629059, -31.67609800676512 ], [ -62.550613207258479, -31.676098066220781 ], [ -62.550635322667674, -31.676106264048762 ], [ -62.550647930253049, -31.676117135031266 ], [ -62.55065733380718, -31.676136114661727 ], [ -62.550657264291388, -31.676150549854224 ], [ -62.550666667850713, -31.676169529483939 ], [ -62.550679275448239, -31.676180400463345 ], [ -62.550701390882807, -31.67618859828 ], [ -62.550718270528854, -31.676188657721926 ], [ -62.550740542350717, -31.676164376348552 ], [ -62.550753358459218, -31.676131941742771 ], [ -62.55076312690808, -31.676075136603572 ], [ -62.550763335405598, -31.676031831024865 ], [ -62.550754114278675, -31.675974959020113 ], [ -62.550741610953175, -31.675942435258264 ], [ -62.550719573766841, -31.675917997856541 ], [ -62.55070269416975, -31.675917938415264 ], [ -62.550680578798911, -31.675909740599074 ], [ -62.550667971237402, -31.675898869619683 ], [ -62.550658567704389, -31.675879889989499 ], [ -62.550658637219257, -31.675865454796387 ], [ -62.550677717989529, -31.675846575483089 ], [ -62.550703089496658, -31.675835838253999 ], [ -62.550747437494458, -31.675827874485847 ], [ -62.550781196656317, -31.675827993354051 ], [ -62.55082554464407, -31.675820029558636 ], [ -62.550850916127295, -31.675809292299896 ], [ -62.550869996847389, -31.675790412957198 ], [ -62.550870066329317, -31.675775977763475 ], [ -62.550879652281452, -31.67575706499504 ], [ -62.550892364066534, -31.675746283163058 ], [ -62.550914557577194, -31.6757382413494 ], [ -62.55093143714226, -31.675738300762365 ], [ -62.550953669723945, -31.675722139145215 ], [ -62.550966433595853, -31.675700530910124 ], [ -62.550976110693703, -31.675662671941595 ], [ -62.550976249623957, -31.67563380155309 ], [ -62.550938453006005, -31.675595775499623 ], [ -62.550887918606158, -31.675573944466219 ], [ -62.550799379225495, -31.675557392901144 ], [ -62.550731861097617, -31.67555715516723 ], [ -62.55064339996774, -31.675524363901147 ], [ -62.550592969962871, -31.67548087996088 ], [ -62.550555356078995, -31.675404961410941 ], [ -62.55055563419689, -31.675347220634805 ], [ -62.550565493932787, -31.675271469311667 ], [ -62.550578362119481, -31.675228208322547 ], [ -62.550600672851147, -31.67519580717126 ], [ -62.550617552317362, -31.675195866624833 ], [ -62.550639745719579, -31.675187824857293 ], [ -62.550652457453694, -31.67517704304781 ], [ -62.550662043386659, -31.675158130293784 ], [ -62.550662112899026, -31.675143695099031 ], [ -62.550671698826534, -31.675124782344149 ], [ -62.550684410548321, -31.675114000531249 ], [ -62.550706603925356, -31.675105958751743 ], [ -62.55072348337557, -31.675106018191151 ], [ -62.550745559467288, -31.675122335796374 ], [ -62.550758114811039, -31.675144033164763 ], [ -62.550767427078476, -31.67518195898262 ], [ -62.55076728808605, -31.675210829372332 ], [ -62.550814579185094, -31.675248888904459 ], [ -62.550877773002604, -31.675270764530456 ], [ -62.550988466448807, -31.675287394008549 ], [ -62.551072863867752, -31.675287690998363 ], [ -62.55118367453754, -31.675279960915312 ], [ -62.55124702466496, -31.675269357169292 ], [ -62.551294589312434, -31.675250577942215 ], [ -62.551294658727201, -31.675236142746403 ], [ -62.5513422233483, -31.675217363501226 ], [ -62.551405573416105, -31.675206759675806 ], [ -62.551516383965804, -31.67519902930254 ], [ -62.551794925054367, -31.675193794650006 ], [ -62.551822368559783, -31.675190899390124 ], [ -62.551822506346852, -31.675162211964377 ], [ -62.551822575679715, -31.675147776767339 ], [ -62.55181317198452, -31.675128797218548 ], [ -62.551800564394014, -31.67511792634949 ], [ -62.551778449113023, -31.675109728723459 ], [ -62.551761569659689, -31.675109669423609 ], [ -62.551739454384162, -31.67510147179085 ], [ -62.551726846805984, -31.675090600914583 ], [ -62.551717443135971, -31.675071621358807 ], [ -62.551717512484835, -31.675057186161762 ], [ -62.551698614134864, -31.675038173244197 ], [ -62.551673346991294, -31.675027257880139 ], [ -62.55162907748258, -31.675018982378838 ], [ -62.551595318609493, -31.675018863737673 ], [ -62.551551049112014, -31.675010588209389 ], [ -62.551525781993504, -31.674999672816309 ], [ -62.551506883694465, -31.674980659870638 ], [ -62.551506953075652, -31.674966224673799 ], [ -62.551497549462788, -31.674947245101986 ], [ -62.551484941933701, -31.674936374201987 ], [ -62.551462826723963, -31.674928176521664 ], [ -62.551445947304209, -31.674928117180364 ], [ -62.551401638827571, -31.674927961398815 ], [ -62.551401569430183, -31.674942396595522 ], [ -62.551401456659327, -31.674965853790106 ], [ -62.551401387261798, -31.67498028898671 ], [ -62.551344328093094, -31.674999034868502 ], [ -62.551268318584484, -31.675009594141169 ], [ -62.551135353983483, -31.675017246361985 ], [ -62.551034077373551, -31.675016890019833 ], [ -62.550901190905428, -31.67500830240127 ], [ -62.550825285572586, -31.674997208616301 ], [ -62.550768408706759, -31.674978061851533 ], [ -62.550768478202194, -31.674963626656155 ], [ -62.550778064089286, -31.674944713892366 ], [ -62.550790775774104, -31.674933932068214 ], [ -62.550812969099177, -31.674925890269503 ], [ -62.550829848517076, -31.674925949694547 ], [ -62.550852041836968, -31.674917907888961 ], [ -62.550864753509643, -31.674907126057313 ], [ -62.550874339371369, -31.674888213285875 ], [ -62.550874408850163, -31.674873778090099 ], [ -62.55086500537562, -31.674854798472666 ], [ -62.550852397933383, -31.674843927510789 ], [ -62.550830282802416, -31.67483572972144 ], [ -62.550813403400845, -31.674835670296606 ], [ -62.550791288275335, -31.674827472500525 ], [ -62.550778680845426, -31.674816601531461 ], [ -62.550769277396064, -31.674797621907032 ], [ -62.55076934689086, -31.674783186711245 ], [ -62.550759943446693, -31.674764207086078 ], [ -62.550747336028927, -31.674753336113923 ], [ -62.55072522092879, -31.674745138306513 ], [ -62.550708341543839, -31.674745078867939 ], [ -62.550702125792483, -31.6747473311578 ], [ -62.550686148253192, -31.674753120649005 ], [ -62.550673436581299, -31.674763902463141 ], [ -62.550663850692153, -31.674782815219572 ], [ -62.550663781181015, -31.674797250415146 ], [ -62.550654195286405, -31.674816163170711 ], [ -62.550641483602185, -31.67482694498144 ], [ -62.550619290286342, -31.674834986750533 ], [ -62.550602410885389, -31.674834927297791 ], [ -62.550596195125536, -31.674837179582379 ], [ -62.550580217564374, -31.674842969060027 ], [ -62.550567505868017, -31.674853750863242 ], [ -62.550557919948027, -31.674872663611168 ], [ -62.550557850420262, -31.674887098806323 ], [ -62.550548264494822, -31.674906011553389 ], [ -62.550535552786123, -31.674916793353169 ], [ -62.550513359439925, -31.674924835103447 ], [ -62.550496480022964, -31.674924775636541 ], [ -62.550474364904979, -31.674916577785691 ], [ -62.550461757500486, -31.674905706785712 ], [ -62.550452354107129, -31.674886727138695 ], [ -62.550452423651201, -31.67487229194375 ], [ -62.550443020263046, -31.674853312295998 ], [ -62.550430412870689, -31.674842441292899 ], [ -62.550408297778084, -31.674834243430738 ], [ -62.550391418377757, -31.674834183950082 ], [ -62.550369303290609, -31.674825986081199 ], [ -62.55035669591058, -31.674815115070881 ], [ -62.550347292547585, -31.674796135416162 ], [ -62.550347362107679, -31.6747817002212 ], [ -62.550356948060553, -31.674762787489147 ], [ -62.550369659768457, -31.674752005706875 ], [ -62.550391853085436, -31.674743963981111 ], [ -62.550408732469442, -31.67474402346156 ], [ -62.550430925781214, -31.674735981728947 ], [ -62.550443637476967, -31.674725199939154 ], [ -62.550453223404489, -31.674706287199459 ], [ -62.550453292947942, -31.674691852004088 ], [ -62.550462878869986, -31.674672939263523 ], [ -62.550475590553404, -31.674662157470319 ], [ -62.550497783840022, -31.67465411572573 ], [ -62.550514663208013, -31.674654175192014 ], [ -62.550536856489444, -31.674646133440568 ], [ -62.550549568160712, -31.67463535163985 ], [ -62.550559154057389, -31.67461643889164 ], [ -62.550559223584216, -31.674602003695856 ], [ -62.550549820200764, -31.674583024055234 ], [ -62.550537212831955, -31.674572153062453 ], [ -62.550515097793486, -31.674563955218975 ], [ -62.550498218441803, -31.67456389575289 ], [ -62.550476103408791, -31.674555697902687 ], [ -62.550463496052309, -31.674544826902697 ], [ -62.550454092694039, -31.674525847255087 ], [ -62.550454162236868, -31.674511412059314 ], [ -62.550444758883771, -31.674492432410961 ], [ -62.550432151539439, -31.674481561407866 ], [ -62.550410036531808, -31.674473363546348 ], [ -62.550393157196758, -31.67447330406652 ], [ -62.550371159569465, -31.674440746805438 ], [ -62.550358708744675, -31.674397396604544 ], [ -62.550349579309128, -31.674321578365074 ], [ -62.550349857542585, -31.674263837580757 ], [ -62.550359717319665, -31.674188086261164 ], [ -62.550372585445714, -31.67414482528498 ], [ -62.550394895984553, -31.674112424162431 ], [ -62.550411775254325, -31.674112483641419 ], [ -62.550433968414957, -31.674104441906071 ], [ -62.550446680023398, -31.674093660114128 ], [ -62.550456265883795, -31.674074747371719 ], [ -62.550456335425061, -31.674060312174909 ], [ -62.550446932115818, -31.674041332525803 ], [ -62.550434324831514, -31.674030461522715 ], [ -62.550412209930087, -31.674022263661982 ], [ -62.550395330676636, -31.67402220418321 ], [ -62.550373254904756, -31.674005886517577 ], [ -62.550360699800756, -31.673984189109706 ], [ -62.550351387812348, -31.673946263257694 ], [ -62.550351526926583, -31.673917392863913 ], [ -62.550342214948238, -31.673879467010941 ], [ -62.550329659868133, -31.673857769599802 ], [ -62.550307584146417, -31.673841451922858 ], [ -62.550290704925921, -31.673841392430539 ], [ -62.550286745008272, -31.673849995548302 ], [ -62.550263276192688, -31.673841295750758 ], [ -62.550246396972305, -31.673841236252574 ], [ -62.55024530118942, -31.674068590599578 ], [ -62.550244883745059, -31.674155201777239 ], [ -62.550225346636722, -31.674268812006915 ], [ -62.550199714573246, -31.674333681131113 ], [ -62.550155171524864, -31.674382243704343 ], [ -62.55012141288897, -31.67438212467534 ], [ -62.550077065529202, -31.674390088233586 ], [ -62.550053186769496, -31.674400193749026 ], [ -62.550051694346841, -31.674400825343604 ], [ -62.550045142019798, -31.674407308520546 ], [ -62.550032613750453, -31.674419704569114 ], [ -62.550032544142667, -31.674434139764255 ], [ -62.550013463535556, -31.674453018986718 ], [ -62.549988092328839, -31.674463756083732 ], [ -62.549943744919396, -31.674471719595072 ], [ -62.549909986252104, -31.674471600509833 ], [ -62.549865638832607, -31.674479563993899 ], [ -62.549841760027483, -31.674489669469196 ], [ -62.549840267601994, -31.674490301061269 ], [ -62.549833715254046, -31.67449678422707 ], [ -62.549821186944719, -31.674509180254329 ], [ -62.549821117303978, -31.674523615448845 ], [ -62.549802036635967, -31.674542494638857 ], [ -62.549776665380989, -31.674553231693228 ], [ -62.549732317911818, -31.674561195130405 ], [ -62.549698559213141, -31.674561075988912 ], [ -62.549654329296409, -31.674544680008797 ], [ -62.549629114782881, -31.674522937846927 ], [ -62.54961030841541, -31.674484978431071 ], [ -62.549610447761843, -31.674456108042655 ], [ -62.549601136034426, -31.674418182141103 ], [ -62.549588581056668, -31.674396484659784 ], [ -62.549566505339939, -31.674380166856015 ], [ -62.549549626023705, -31.674380107264753 ], [ -62.549527511119479, -31.674371909251064 ], [ -62.549514903899265, -31.674361038158292 ], [ -62.549505500752872, -31.674342058442196 ], [ -62.549505570441937, -31.674327623247883 ], [ -62.549496167300731, -31.674308643531049 ], [ -62.549483560092661, -31.674297772435168 ], [ -62.549461445213808, -31.674289574410164 ], [ -62.5494445659142, -31.674289514805167 ], [ -62.549422451040805, -31.674281316773435 ], [ -62.549409843845069, -31.674270445670349 ], [ -62.549400440729038, -31.674251465946515 ], [ -62.549400510434111, -31.674237030752217 ], [ -62.54939110732326, -31.674218051027644 ], [ -62.549378500139674, -31.674207179921456 ], [ -62.549356385291659, -31.674198981878412 ], [ -62.549339506008678, -31.674198922259663 ], [ -62.549317391166113, -31.674190724209897 ], [ -62.549304783994856, -31.674179853096501 ], [ -62.549295380909186, -31.674160873364947 ], [ -62.549295450630261, -31.674146438170638 ], [ -62.549286047549778, -31.674127458438349 ], [ -62.549273440390671, -31.674116587321855 ], [ -62.549251325573479, -31.674108389260766 ], [ -62.549234446307139, -31.674108329628272 ], [ -62.549212331495404, -31.674100131560458 ], [ -62.549199724348625, -31.674089260436762 ], [ -62.549190321293317, -31.674070280697489 ], [ -62.5491903910304, -31.674055845503187 ], [ -62.549180987980272, -31.67403686576316 ], [ -62.549168380845643, -31.674025994636349 ], [ -62.549146266059275, -31.674017796557237 ], [ -62.549129386809561, -31.67401773691099 ], [ -62.549107311262908, -31.674001419028379 ], [ -62.549094756455439, -31.673979721498661 ], [ -62.549085444983156, -31.673941795559038 ], [ -62.549085584489028, -31.67391292517026 ], [ -62.549076273026806, -31.673874999229671 ], [ -62.549063718243225, -31.673853301696695 ], [ -62.54904164274673, -31.673836983802765 ], [ -62.549024763529971, -31.673836924142979 ], [ -62.549002648801149, -31.673828726039261 ], [ -62.548990041715321, -31.673817854894949 ], [ -62.548980638729503, -31.673798875140065 ], [ -62.548980708498291, -31.67378443994556 ], [ -62.548971305517647, -31.673765460189937 ], [ -62.548958698443975, -31.673754589042517 ], [ -62.548936583740513, -31.673746390927491 ], [ -62.548919704540381, -31.673746331253941 ], [ -62.548897589842383, -31.673738133132179 ], [ -62.548884982781033, -31.673727261977561 ], [ -62.548875579825584, -31.673708282214942 ], [ -62.548875649610359, -31.673693847020456 ], [ -62.54886624666009, -31.673674867257091 ], [ -62.54885363961089, -31.673663996099378 ], [ -62.548831524938272, -31.673655797966301 ], [ -62.548814645754767, -31.673655738279017 ], [ -62.548792570348681, -31.673639420342337 ], [ -62.548780015662416, -31.673617722781565 ], [ -62.548770704352599, -31.673579796818359 ], [ -62.548770843953861, -31.673550926429193 ], [ -62.548761532654112, -31.673513000465022 ], [ -62.548748977991735, -31.673491302900974 ], [ -62.548726902635813, -31.673474984952982 ], [ -62.548710023485256, -31.673474925252165 ], [ -62.548665715715302, -31.673474768526916 ], [ -62.548665165907707, -31.673588445683226 ], [ -62.548664956456392, -31.673631751266043 ], [ -62.548655187007, -31.673688556256781 ], [ -62.548642370518287, -31.67372099066052 ], [ -62.54862009874639, -31.673745271677252 ], [ -62.548603219547203, -31.673745211961847 ], [ -62.548602091078052, -31.67374562084753 ], [ -62.548581026318701, -31.673753253378514 ], [ -62.548568314543921, -31.673764034983595 ], [ -62.548558728335422, -31.67378294758181 ], [ -62.548558658501371, -31.673797382775458 ], [ -62.548520588617386, -31.673816194585719 ], [ -62.548469898596267, -31.673826841788042 ], [ -62.548381243428295, -31.67383464794845 ], [ -62.548313726569397, -31.673834408946476 ], [ -62.548225071382547, -31.673842214998164 ], [ -62.548174381315029, -31.67385286208259 ], [ -62.548136311332271, -31.673871673777096 ], [ -62.548136241432637, -31.673886108969697 ], [ -62.548107665993811, -31.673904954280427 ], [ -62.548069635300891, -31.673915646158811 ], [ -62.548003134007871, -31.673923530524331 ], [ -62.547952496318032, -31.673923351125691 ], [ -62.547886073691188, -31.673914995838956 ], [ -62.547848147886064, -31.673904034863078 ], [ -62.547819755999647, -31.673884987729853 ], [ -62.547819825948238, -31.673870552537867 ], [ -62.547810423196353, -31.673851572699068 ], [ -62.547797816247893, -31.673840701438245 ], [ -62.54777570162868, -31.673832503122849 ], [ -62.547758822415673, -31.673832443295606 ], [ -62.547757693941854, -31.673832852173778 ], [ -62.547736629095439, -31.673840484564408 ], [ -62.547723917212167, -31.673851266084192 ], [ -62.547714330824142, -31.67387017861703 ], [ -62.54771426085923, -31.673884613808795 ], [ -62.547704674465749, -31.673903526340748 ], [ -62.547691962570148, -31.673914307857121 ], [ -62.547669769224726, -31.673922349113955 ], [ -62.547652889995732, -31.673922289272543 ], [ -62.547630775370322, -31.673914090932072 ], [ -62.547618168434653, -31.673903219653727 ], [ -62.547608765720788, -31.673884239800525 ], [ -62.547608835702015, -31.673869804608945 ], [ -62.547599432993323, -31.673850824754993 ], [ -62.547586826069804, -31.673839953473564 ], [ -62.547564711469782, -31.673831755121775 ], [ -62.547547832257393, -31.673831695266625 ], [ -62.547525717662829, -31.67382349690812 ], [ -62.547513110751638, -31.673812625619476 ], [ -62.547503708068128, -31.673793645758533 ], [ -62.547503778065355, -31.67377921056697 ], [ -62.547494375387032, -31.673760230705298 ], [ -62.547481768487991, -31.673749359413534 ], [ -62.547459653918793, -31.673741161043722 ], [ -62.547442774723045, -31.673741101174816 ], [ -62.547420542017477, -31.673757262183901 ], [ -62.547407777600526, -31.673778870065647 ], [ -62.547398099263461, -31.67381672876299 ], [ -62.547397959236058, -31.673845599145483 ], [ -62.54740727001181, -31.673883525202317 ], [ -62.547419824412117, -31.673905222894618 ], [ -62.547441899637398, -31.673921541066488 ], [ -62.547458778865774, -31.673921600935817 ], [ -62.547480893477449, -31.673929799305956 ], [ -62.547493500400513, -31.673940670597705 ], [ -62.547502903096365, -31.673959650459093 ], [ -62.547502833098498, -31.673974085650222 ], [ -62.547436279213521, -31.673992796112618 ], [ -62.547347610681292, -31.674003308150564 ], [ -62.547192493238214, -31.674010877675432 ], [ -62.547074338531942, -31.674010458295626 ], [ -62.546919221059042, -31.674018027487911 ], [ -62.546832108038984, -31.674028354750863 ], [ -62.546830552449165, -31.674028539165729 ], [ -62.54682789028751, -31.674029287570796 ], [ -62.546763998394894, -31.674047249275642 ], [ -62.546763928282495, -31.674061684465091 ], [ -62.546773330841148, -31.674080664378614 ], [ -62.546785937701031, -31.674091535739418 ], [ -62.546808052292185, -31.674099734225809 ], [ -62.546824931551313, -31.674099794179284 ], [ -62.546847046147917, -31.674107992658943 ], [ -62.546859653020135, -31.674118864012552 ], [ -62.546869055603956, -31.674137843919077 ], [ -62.546868985507565, -31.674152279108547 ], [ -62.546906871868494, -31.674171360169019 ], [ -62.546957457123497, -31.674182366376083 ], [ -62.547046033900898, -31.674190800798108 ], [ -62.547113551005822, -31.674191040473303 ], [ -62.547202127806948, -31.674199474787162 ], [ -62.547252713113465, -31.67421048087758 ], [ -62.547290599577799, -31.674229561824902 ], [ -62.547290529546359, -31.674243997015001 ], [ -62.547280943029548, -31.674262909512915 ], [ -62.547268231036043, -31.674273690985544 ], [ -62.547246037569188, -31.674281732167067 ], [ -62.547229158276153, -31.674281672268997 ], [ -62.547226074423783, -31.674285034221057 ], [ -62.547206886004012, -31.674305953032206 ], [ -62.54719406892621, -31.674338387281836 ], [ -62.547184298503353, -31.674395192144594 ], [ -62.5471840883582, -31.674438497713062 ], [ -62.547193307165998, -31.674495369967747 ], [ -62.547205809062802, -31.674527894071307 ], [ -62.547227844997472, -31.674552332073617 ], [ -62.547244724339457, -31.67455239197232 ], [ -62.547266799685381, -31.674568710173972 ], [ -62.547279354143001, -31.674590407878338 ], [ -62.547288664940872, -31.674628333939655 ], [ -62.547288524875164, -31.674657204318038 ], [ -62.547278846394192, -31.67469506299982 ], [ -62.54726608181354, -31.674716670862701 ], [ -62.547243848843145, -31.67473283183606 ], [ -62.547226969468539, -31.674732771936942 ], [ -62.547204736487579, -31.674748932903352 ], [ -62.547191971882334, -31.674770540758413 ], [ -62.547182293349927, -31.674808399431729 ], [ -62.54718215325034, -31.674837269808865 ], [ -62.547191464031954, -31.674875195875671 ], [ -62.547204018512282, -31.674896893586624 ], [ -62.547226093931741, -31.674913211795154 ], [ -62.547242973338989, -31.674913271694692 ], [ -62.547265009373199, -31.674937709690049 ], [ -62.54727751135237, -31.674970233785125 ], [ -62.547286730265583, -31.675027106029361 ], [ -62.547286520162778, -31.675070411594156 ], [ -62.547295739090615, -31.675127283836989 ], [ -62.547308241105085, -31.675159807928427 ], [ -62.547330277213931, -31.675184245912273 ], [ -62.547347156670455, -31.675184305798485 ], [ -62.547369271569913, -31.675192504189084 ], [ -62.547381878648537, -31.675203375491179 ], [ -62.547391281445542, -31.67522235535802 ], [ -62.547391211426969, -31.675236790546077 ], [ -62.547400614229154, -31.675255770412171 ], [ -62.547413221319928, -31.67526664171119 ], [ -62.547435336244767, -31.675274840090438 ], [ -62.547452215717918, -31.675274899962904 ], [ -62.547474251891586, -31.675299337922066 ], [ -62.547486753990789, -31.675331861995939 ], [ -62.547495973064635, -31.675388734223368 ], [ -62.547495763055991, -31.675432039786944 ], [ -62.547514476869971, -31.675488945686546 ], [ -62.547539638646285, -31.675521514651649 ], [ -62.547583829273734, -31.675546031156337 ], [ -62.5476175883189, -31.675546150860665 ], [ -62.547661857703595, -31.675554427752232 ], [ -62.547687124509729, -31.675565343906783 ], [ -62.547706022140112, -31.675584357410369 ], [ -62.547705952169245, -31.675598792598233 ], [ -62.547686870854662, -31.675617671462685 ], [ -62.547661499067743, -31.675628408089622 ], [ -62.547617150915279, -31.675636370783778 ], [ -62.547583391837463, -31.675636251079027 ], [ -62.547539004301719, -31.675652333538824 ], [ -62.547513579988042, -31.675673896526547 ], [ -62.547494406739247, -31.675711721544694 ], [ -62.547494266731285, -31.675740591918981 ], [ -62.547532061990488, -31.675778618979376 ], [ -62.547582595698437, -31.675800451335011 ], [ -62.547671134710072, -31.675817005128657 ], [ -62.547738652997481, -31.675817244484008 ], [ -62.547827310099343, -31.675809438790662 ], [ -62.547878001270448, -31.675798791857712 ], [ -62.547916072095532, -31.675779980253807 ], [ -62.547916142034396, -31.675765545065921 ], [ -62.547954212838285, -31.675746733450332 ], [ -62.548004903961399, -31.675736086466387 ], [ -62.548093560966137, -31.675728280586988 ], [ -62.548161079193299, -31.675728519718213 ], [ -62.548249618244618, -31.67574507311091 ], [ -62.548300152106016, -31.675766905183856 ], [ -62.548337947707239, -31.675804932008525 ], [ -62.548337807959754, -31.67583380238576 ], [ -62.548299645478806, -31.675871560300784 ], [ -62.548248901898262, -31.675893033792423 ], [ -62.548160205428836, -31.675908959571526 ], [ -62.548092687071119, -31.675908720438642 ], [ -62.54800402989467, -31.675916526315596 ], [ -62.547953338673175, -31.675927173297971 ], [ -62.54791526779502, -31.675945984912079 ], [ -62.547915197855531, -31.675960420099539 ], [ -62.547877126956195, -31.675979231701977 ], [ -62.547826435686702, -31.675989878633352 ], [ -62.547737778413136, -31.675997684324276 ], [ -62.547670259995158, -31.675997444967248 ], [ -62.547581563332635, -31.676013370341941 ], [ -62.54753081951295, -31.676034843545242 ], [ -62.547492656625259, -31.676072601213882 ], [ -62.547492516614781, -31.676101471586527 ], [ -62.547501827642407, -31.676139397625537 ], [ -62.547514382361634, -31.676161095303915 ], [ -62.547536458132321, -31.676177413458827 ], [ -62.547553337768989, -31.676177473319441 ], [ -62.547575452921301, -31.676185671675384 ], [ -62.547588060156919, -31.676196542956902 ], [ -62.547597463093553, -31.676215522806942 ], [ -62.547597393104162, -31.676229957993147 ], [ -62.547587806440063, -31.676248870506907 ], [ -62.547575094208113, -31.676259652004561 ], [ -62.547552900292459, -31.676267693232806 ], [ -62.547536020639477, -31.676267633371982 ], [ -62.547534892135126, -31.676268042247742 ], [ -62.547513826718642, -31.676275674593356 ], [ -62.547501114474542, -31.676286456083485 ], [ -62.547491527785063, -31.676305368589613 ], [ -62.547491457779046, -31.676319803775417 ], [ -62.547481871084109, -31.676338716280664 ], [ -62.547469158827681, -31.676349497767372 ], [ -62.547446964881658, -31.676357538976795 ], [ -62.547430085212675, -31.676357479101796 ], [ -62.547428956706774, -31.676357887976611 ], [ -62.547407891261471, -31.676365520304355 ], [ -62.5473951789929, -31.676376301783556 ], [ -62.54738559227259, -31.676395214281172 ], [ -62.547385522249932, -31.676409649466539 ], [ -62.547394925166095, -31.676428629330687 ], [ -62.547407532412926, -31.676439500629726 ], [ -62.54742964761391, -31.676447699011071 ], [ -62.547446527299215, -31.676447758886273 ], [ -62.54746864250567, -31.676455957260902 ], [ -62.547481249764829, -31.676466828552748 ], [ -62.547490652706166, -31.6764858084099 ], [ -62.547490582699524, -31.676500243595278 ], [ -62.547509480476393, -31.676519257126596 ], [ -62.547534747524146, -31.676530173311956 ], [ -62.547579017366878, -31.676538450235288 ], [ -62.547612776771082, -31.676538569944238 ], [ -62.547657046625062, -31.676546846840587 ], [ -62.547682313697877, -31.6765577629969 ], [ -62.547701211525684, -31.676576776500124 ], [ -62.547701141551372, -31.676591211685725 ], [ -62.547710544549858, -31.676610191526834 ], [ -62.547723151858108, -31.676621062794961 ], [ -62.547745267130381, -31.676629261122017 ], [ -62.547762146849259, -31.676629320955769 ], [ -62.547784340833765, -31.676621279692228 ], [ -62.547797053091607, -31.676610498174561 ], [ -62.547806639751578, -31.676591585646101 ], [ -62.547806709709583, -31.676577150460279 ], [ -62.547816296364118, -31.676558237930941 ], [ -62.547829008609618, -31.676547456409864 ], [ -62.547851202568943, -31.676539415134361 ], [ -62.547868082271833, -31.676539474953927 ], [ -62.547890276225964, -31.676531433671563 ], [ -62.547902988459327, -31.676520652142955 ], [ -62.547912575088475, -31.676501739605996 ], [ -62.547912645029854, -31.676487304419751 ], [ -62.547903242002114, -31.676468324592911 ], [ -62.547890634693061, -31.676457453342312 ], [ -62.547868519448237, -31.676449255040492 ], [ -62.547851639761667, -31.676449195221117 ], [ -62.547829563871474, -31.676432877120334 ], [ -62.547817009042795, -31.676411179472868 ], [ -62.547807697861046, -31.676373253457008 ], [ -62.547807837775487, -31.676344383084338 ], [ -62.547827011031117, -31.676306558022848 ], [ -62.54785243544741, -31.676284994975735 ], [ -62.547896823232911, -31.676268912410794 ], [ -62.547930582541071, -31.676269032034746 ], [ -62.547974852297074, -31.676277308820225 ], [ -62.548000119335285, -31.676288224913737 ], [ -62.548019017174568, -31.676307238370772 ], [ -62.548018947250149, -31.676321673557627 ], [ -62.548037845099998, -31.67634068701188 ], [ -62.548063112162808, -31.676351603093014 ], [ -62.54810738197024, -31.676359879832884 ], [ -62.548141141312293, -31.676359999401431 ], [ -62.54818552908516, -31.676343916736091 ], [ -62.548210953429802, -31.676322353616989 ], [ -62.548230126518142, -31.67628452849322 ], [ -62.548230266301395, -31.676255658118475 ], [ -62.548220954965998, -31.676217732130429 ], [ -62.548208400074117, -31.676196034520142 ], [ -62.548186324180065, -31.676179716480419 ], [ -62.548169444541514, -31.676179656703546 ], [ -62.548147368658199, -31.676163338657144 ], [ -62.548134813790682, -31.676141641039667 ], [ -62.548125502504959, -31.676103715044452 ], [ -62.548125642319604, -31.676074844669284 ], [ -62.548144815390224, -31.676037019556734 ], [ -62.548170239659633, -31.676015456444006 ], [ -62.548214627262936, -31.675999373766096 ], [ -62.548248386475073, -31.675999493305056 ], [ -62.548292656133093, -31.676007769979684 ], [ -62.5483179231367, -31.676018686010373 ], [ -62.548336820987458, -31.676037699421236 ], [ -62.548336751112934, -31.676052134609325 ], [ -62.548365143760144, -31.67607118162821 ], [ -62.548403070505543, -31.676082142455478 ], [ -62.548469494722362, -31.676090497485067 ], [ -62.54852013359185, -31.676090676689444 ], [ -62.548586479260429, -31.676115271245244 ], [ -62.548624301305097, -31.676147884789764 ], [ -62.548652510747317, -31.67620482411477 ], [ -62.548652301268746, -31.67624812967972 ], [ -62.548671015947555, -31.676305035410529 ], [ -62.54869617834693, -31.676337604149214 ], [ -62.548740369667151, -31.676362120256627 ], [ -62.548774129012969, -31.676362239657688 ], [ -62.548818359628633, -31.676378635944886 ], [ -62.548843574447154, -31.67640037826358 ], [ -62.548862380877381, -31.676438337781786 ], [ -62.548862241288717, -31.676467208158247 ], [ -62.5488525632476, -31.676505066952906 ], [ -62.548839798776413, -31.676526674968191 ], [ -62.548817565639801, -31.676542836209762 ], [ -62.54880068593409, -31.676542776515785 ], [ -62.548799557431785, -31.676543185402736 ], [ -62.548778492053685, -31.676550817957235 ], [ -62.548765779916224, -31.676561599573922 ], [ -62.548756193452896, -31.676580512176397 ], [ -62.548756123641766, -31.676594947364087 ], [ -62.548737042331382, -31.676613826382752 ], [ -62.54871167039029, -31.676624563215452 ], [ -62.548667321848214, -31.67663252626981 ], [ -62.548633562405108, -31.676632406839595 ], [ -62.548589174569599, -31.676648489659527 ], [ -62.548563750221575, -31.676670052852902 ], [ -62.548544577186618, -31.676707878025034 ], [ -62.548544437498151, -31.676736748399001 ], [ -62.548563243872167, -31.676774707958803 ], [ -62.548588458736454, -31.676796450326993 ], [ -62.548632689523544, -31.676812846679084 ], [ -62.548666449031927, -31.676812966110148 ], [ -62.548710797660043, -31.676805003057105 ], [ -62.54873616965056, -31.676794266225336 ], [ -62.548755250998489, -31.676775387207709 ], [ -62.548755320810237, -31.676760952020391 ], [ -62.54876490729275, -31.676742039418713 ], [ -62.548777619455159, -31.676731257802622 ], [ -62.548799813378771, -31.676723216361978 ], [ -62.548816693117104, -31.676723276056361 ], [ -62.548838887035515, -31.676715234608846 ], [ -62.548851599185781, -31.676704452985241 ], [ -62.54886118564292, -31.676685540375921 ], [ -62.548861255438034, -31.676671105188209 ], [ -62.548870841889723, -31.676652192578 ], [ -62.54888355402764, -31.676641410950985 ], [ -62.548905747920877, -31.676633369491501 ], [ -62.548922627643222, -31.676633429171723 ], [ -62.548944821531272, -31.676625387705368 ], [ -62.548957533657052, -31.676614606070849 ], [ -62.548967120083347, -31.676595693453002 ], [ -62.548967189861841, -31.676581258264868 ], [ -62.548976776282672, -31.676562345646165 ], [ -62.548989488396117, -31.676551564008214 ], [ -62.549011682258985, -31.676543522529908 ], [ -62.549028561965322, -31.676543582195958 ], [ -62.549050755823004, -31.676535540710791 ], [ -62.549063467924313, -31.676524759065313 ], [ -62.549073054319777, -31.676505846438975 ], [ -62.54907312408163, -31.676491411250421 ], [ -62.54909220529931, -31.676472532180277 ], [ -62.549117577156004, -31.676461795270832 ], [ -62.549161925580307, -31.676453832058634 ], [ -62.549195684961276, -31.67645395134846 ], [ -62.549240111828368, -31.676429748521354 ], [ -62.549265588254464, -31.676397358798468 ], [ -62.549284852451997, -31.676340587326859 ], [ -62.549285061637747, -31.676297281758753 ], [ -62.549294830997688, -31.676240476741935 ], [ -62.549307647617681, -31.676208042286525 ], [ -62.549329919808201, -31.676183761162964 ], [ -62.549346799450191, -31.67618382078631 ], [ -62.54936903240997, -31.676167659449966 ], [ -62.549381796709099, -31.676146051378907 ], [ -62.549391474496886, -31.676108192539623 ], [ -62.549391613919859, -31.676079322159438 ], [ -62.549420281264887, -31.676041530384136 ], [ -62.54945836495348, -31.676020011720542 ], [ -62.549524906830605, -31.676004006817216 ], [ -62.549575545660545, -31.67600418560227 ], [ -62.549641969934711, -31.676012540021972 ], [ -62.549679896811199, -31.676023500470972 ], [ -62.549708289727747, -31.676042547193497 ], [ -62.549708220065384, -31.676056982384303 ], [ -62.549717623421579, -31.676075962082383 ], [ -62.549730230894838, -31.676086833154578 ], [ -62.549752346221865, -31.676095031134874 ], [ -62.549769225848777, -31.676095090702198 ], [ -62.549791262825366, -31.676119528265481 ], [ -62.549803765841361, -31.676152052116684 ], [ -62.549812986404262, -31.676208924183324 ], [ -62.549812777464247, -31.676252229755175 ], [ -62.549840987665817, -31.676309168823526 ], [ -62.549878810231462, -31.676341781999955 ], [ -62.549945156444885, -31.676366375853242 ], [ -62.549995795474395, -31.676366554473319 ], [ -62.550062337510802, -31.676350549292007 ], [ -62.550097491668353, -31.676330685734509 ], [ -62.550100421180808, -31.6763290304376 ], [ -62.550129088318776, -31.67629123850255 ], [ -62.550129227514518, -31.676262368120259 ], [ -62.550119915404835, -31.676224442263649 ], [ -62.550107360068097, -31.676202744836132 ], [ -62.550085283836182, -31.676186427121912 ], [ -62.550068404192004, -31.676186367596255 ], [ -62.550046288814968, -31.676178169670393 ], [ -62.550033681292284, -31.676167298629121 ], [ -62.550024277862541, -31.676148318953949 ], [ -62.550024347476253, -31.676133883762692 ], [ -62.550014944051689, -31.67611490408677 ], [ -62.550002336541155, -31.676104033042392 ], [ -62.5499802211895, -31.676095835105215 ], [ -62.549963341561948, -31.676095775565816 ] ], [ [ -62.548910725700843, -31.675370699312346 ], [ -62.548889660597531, -31.675378331889146 ], [ -62.548876948634238, -31.675389113520506 ], [ -62.548867362316834, -31.675408026136136 ], [ -62.548867292526097, -31.675422461326708 ], [ -62.548857706203222, -31.675441373941467 ], [ -62.548844994227615, -31.675452155569403 ], [ -62.548822800611539, -31.675460197022392 ], [ -62.548805921101675, -31.675460137330926 ], [ -62.548804792612543, -31.675460546218119 ], [ -62.548783727480412, -31.675468178777052 ], [ -62.548771015492648, -31.675478960397477 ], [ -62.548761429144406, -31.675497873004598 ], [ -62.548761359337036, -31.675512308194754 ], [ -62.54875177298333, -31.675531220800991 ], [ -62.548739060983245, -31.675542002418016 ], [ -62.548716867336807, -31.675550043852159 ], [ -62.54869998781092, -31.675549984146532 ], [ -62.5486779905291, -31.675517426602148 ], [ -62.548665540355735, -31.675474076249319 ], [ -62.548656412203329, -31.675398257913308 ], [ -62.548656691496177, -31.675340517152215 ], [ -62.548666552771074, -31.675264765990111 ], [ -62.548679421834763, -31.675221505200685 ], [ -62.548701733219971, -31.67518910438756 ], [ -62.54871861268056, -31.675189164092341 ], [ -62.548740884776478, -31.675164883066895 ], [ -62.5487537014358, -31.675132448662112 ], [ -62.548763470987701, -31.675075643677513 ], [ -62.548763680405102, -31.675032338103918 ], [ -62.548773449939688, -31.674975533117518 ], [ -62.548786266560889, -31.674943098708138 ], [ -62.548808538579785, -31.674918817669234 ], [ -62.548825417991743, -31.674918877359438 ], [ -62.548847611478251, -31.674910835904107 ], [ -62.548860323379017, -31.67490005427431 ], [ -62.548869909644345, -31.674881141657227 ], [ -62.548869979433199, -31.674866706465423 ], [ -62.548879565693071, -31.674847793847469 ], [ -62.548892277581508, -31.67483701221424 ], [ -62.548914471042842, -31.674828970746955 ], [ -62.548931350438792, -31.674829030422991 ], [ -62.548953543894939, -31.674820988948856 ], [ -62.548966255771226, -31.674810207308099 ], [ -62.548975842005717, -31.674791294682528 ], [ -62.548975911777937, -31.674776859490279 ], [ -62.548985498006971, -31.674757946863838 ], [ -62.548998209870945, -31.674747165219671 ], [ -62.54902040330191, -31.674739123733563 ], [ -62.549037282681859, -31.674739183395435 ], [ -62.549059515347139, -31.674723022106683 ], [ -62.549072279515663, -31.674701414060522 ], [ -62.549081957271433, -31.674663555235931 ], [ -62.549082096782307, -31.674634684850435 ], [ -62.549072785253223, -31.674596758913214 ], [ -62.549060230375488, -31.67457506138145 ], [ -62.54903815471048, -31.674558743487172 ], [ -62.549021275363174, -31.674558683825715 ], [ -62.548999199708888, -31.674542365924754 ], [ -62.548986644855518, -31.674520668385785 ], [ -62.548977333376101, -31.674482742441405 ], [ -62.548977472918359, -31.674453872055501 ], [ -62.548987150685548, -31.674416013236765 ], [ -62.548999914827832, -31.674394405196544 ], [ -62.549022147416601, -31.674378243912724 ], [ -62.549039026731272, -31.674378303573757 ], [ -62.549061141593022, -31.67438650167173 ], [ -62.549073748763192, -31.674397372808855 ], [ -62.549083151826792, -31.674416352555848 ], [ -62.549083082072144, -31.674430787749095 ], [ -62.549111474384681, -31.674449834603532 ], [ -62.549149400564005, -31.6744607952064 ], [ -62.549215823700258, -31.6744691498394 ], [ -62.549266461695098, -31.674469328739391 ], [ -62.54933284563333, -31.674485803108002 ], [ -62.549370719571279, -31.674507590040612 ], [ -62.549399020477267, -31.674545583023239 ], [ -62.549398881064945, -31.674574453410393 ], [ -62.549389203447149, -31.674612312260834 ], [ -62.549376439364067, -31.674633920339794 ], [ -62.549354206774389, -31.674650081684721 ], [ -62.549337327409823, -31.674650022064924 ], [ -62.549331111632576, -31.67465227428778 ], [ -62.549315134026756, -31.674658063606735 ], [ -62.549302422211284, -31.67466884528308 ], [ -62.549292836055564, -31.674687757934283 ], [ -62.549292766332606, -31.674702193127345 ], [ -62.549283180171429, -31.674721105777696 ], [ -62.549270468343614, -31.674731887450626 ], [ -62.549248274935373, -31.674739928980458 ], [ -62.549231395554813, -31.674739869346496 ], [ -62.549209162914849, -31.674756030665403 ], [ -62.549196398770214, -31.674777638725313 ], [ -62.549186721048351, -31.674815497558235 ], [ -62.549186581568868, -31.674844367943329 ], [ -62.549195893167727, -31.674882293871434 ], [ -62.549208448117611, -31.674903991389485 ], [ -62.549230523893691, -31.67492030925445 ], [ -62.549247403306893, -31.674920368888834 ], [ -62.549269479093716, -31.67493668674712 ], [ -62.54928203406795, -31.674958384257977 ], [ -62.549291345716497, -31.674996310178898 ], [ -62.549291206268393, -31.675025180563605 ], [ -62.549281528557941, -31.675063039402357 ], [ -62.54926876438708, -31.675084647468211 ], [ -62.549246531670605, -31.675100808792074 ], [ -62.549229652224753, -31.675100749157266 ], [ -62.549223436414806, -31.675103001374413 ], [ -62.54920745872495, -31.675108790678689 ], [ -62.549194746835099, -31.675119572342858 ], [ -62.549185160610186, -31.675138484984011 ], [ -62.549185090869351, -31.675152920175833 ], [ -62.549175504638981, -31.675171832816122 ], [ -62.549162792736801, -31.675182614476881 ], [ -62.549140599211817, -31.675190655986334 ], [ -62.549123719749964, -31.675190596337366 ], [ -62.549117503931519, -31.675192848549234 ], [ -62.549101526219793, -31.675198637839951 ], [ -62.549088814305463, -31.675209419493193 ], [ -62.549079228049727, -31.67522833212584 ], [ -62.549079158292251, -31.675242767317243 ], [ -62.549069572031051, -31.675261679949021 ], [ -62.549056860104386, -31.675272461598844 ], [ -62.549034666549048, -31.675280503089468 ], [ -62.549017787071186, -31.675280443426338 ], [ -62.549016658585145, -31.675280852315439 ], [ -62.548995593510647, -31.675288484910116 ], [ -62.548982881571845, -31.675299266552415 ], [ -62.548973295285265, -31.675318179176553 ], [ -62.548973225511176, -31.675332614367541 ], [ -62.548963639219139, -31.675351526990802 ], [ -62.548950927267995, -31.67536230862968 ], [ -62.548928733682288, -31.675370350101499 ], [ -62.548911854188425, -31.675370290424205 ], [ -62.548910725700843, -31.675370699312346 ] ], [ [ -62.54801051609153, -31.674141892701329 ], [ -62.548029321737836, -31.674179852348313 ], [ -62.548029181903729, -31.674208722731688 ], [ -62.548010009171598, -31.674246547840752 ], [ -62.547984585352765, -31.67426811093166 ], [ -62.547940198538214, -31.674284193541233 ], [ -62.547906439948079, -31.674284073926504 ], [ -62.547862013769709, -31.674308276303641 ], [ -62.547840560019246, -31.674335551633661 ], [ -62.547836537439629, -31.674340665757629 ], [ -62.547817272792138, -31.674397437023934 ], [ -62.547817062940716, -31.674440742596168 ], [ -62.547807292884997, -31.674497547509183 ], [ -62.547794475987942, -31.674529981819855 ], [ -62.547772203801529, -31.674554262681628 ], [ -62.547755324457981, -31.674554202852701 ], [ -62.547733091610311, -31.674570363912878 ], [ -62.547720327151694, -31.674591971822789 ], [ -62.5477106488526, -31.67462983053942 ], [ -62.54771050891744, -31.67465870091948 ], [ -62.547681841316844, -31.674696492316269 ], [ -62.5476437577694, -31.674718010455233 ], [ -62.547577216502063, -31.674734014386207 ], [ -62.54752657837539, -31.67473383481444 ], [ -62.547460194592183, -31.674717359507991 ], [ -62.547422321023049, -31.674695572012325 ], [ -62.547394020882784, -31.674657578599231 ], [ -62.547394160915857, -31.674628708220435 ], [ -62.54738485007497, -31.674590782166412 ], [ -62.547372295592638, -31.6745690844722 ], [ -62.547350220227948, -31.674552766288627 ], [ -62.547333340885643, -31.674552706403876 ], [ -62.547311226140344, -31.674544508007688 ], [ -62.547298619158077, -31.674533636698403 ], [ -62.547289216447616, -31.674514656823522 ], [ -62.547289286479995, -31.674500221634023 ], [ -62.547298873020118, -31.674481309136414 ], [ -62.547311585038713, -31.674470527661292 ], [ -62.547333778545187, -31.674462486468979 ], [ -62.547350657871164, -31.674462546353521 ], [ -62.547372930144128, -31.674438265565801 ], [ -62.547385747174154, -31.674405831298266 ], [ -62.547395517475756, -31.674349026419048 ], [ -62.547395727522058, -31.6743057208487 ], [ -62.547433981604037, -31.674249017004904 ], [ -62.547484776970109, -31.674216717432312 ], [ -62.547573511304542, -31.674192672309808 ], [ -62.547641028415747, -31.67419291170588 ], [ -62.547729683979838, -31.674185106064023 ], [ -62.547780374276797, -31.674174459158994 ], [ -62.547818444454258, -31.674155647573432 ], [ -62.547818514403794, -31.674141212382057 ], [ -62.547837595386248, -31.674122333490494 ], [ -62.547862966741626, -31.67411159682197 ], [ -62.547907314147864, -31.674103634033511 ], [ -62.547941072672714, -31.674103753647405 ], [ -62.54798530207281, -31.674120150217821 ], [ -62.54801051609153, -31.674141892701329 ] ] ], [ [ [ -62.541928969758253, -31.674281700018945 ], [ -62.541954341821892, -31.674270964532486 ], [ -62.541998689781757, -31.674263003803478 ], [ -62.542032448336521, -31.67426312498122 ], [ -62.542076796286338, -31.674255164224945 ], [ -62.542102168326089, -31.674244428708839 ], [ -62.542121250475418, -31.674225550683587 ], [ -62.542121321306432, -31.67421111550382 ], [ -62.542149898031511, -31.674192271547039 ], [ -62.542187929493124, -31.674181581441115 ], [ -62.542254431422585, -31.674173700113347 ], [ -62.542305069208155, -31.674173881774667 ], [ -62.54237161094359, -31.674157880596709 ], [ -62.542409695456229, -31.67413636403888 ], [ -62.542438365001779, -31.674098573841921 ], [ -62.54243850656497, -31.674069703480487 ], [ -62.5424576815075, -31.674031879228561 ], [ -62.542483106524244, -31.674010317249628 ], [ -62.542527494123988, -31.673994236545528 ], [ -62.542561252584008, -31.673994357582448 ], [ -62.542605600363068, -31.673986396640384 ], [ -62.542630972269862, -31.673975661017408 ], [ -62.542650054257564, -31.673956782910736 ], [ -62.542650125006041, -31.673942347729298 ], [ -62.542669206983, -31.67392346961957 ], [ -62.542694578865451, -31.673912733983581 ], [ -62.542738926594836, -31.673904772994618 ], [ -62.5427726850235, -31.673904893975291 ], [ -62.542817112305649, -31.673880693379395 ], [ -62.542842590237449, -31.673848304940606 ], [ -62.542861857784182, -31.673791534448029 ], [ -62.542862069929811, -31.673748228901186 ], [ -62.542862626809949, -31.673634551839328 ], [ -62.542774011190751, -31.673634234310892 ], [ -62.54274025286, -31.673634113331484 ], [ -62.542695905259635, -31.673642074322483 ], [ -62.542670533451336, -31.673652809959872 ], [ -62.542651451530702, -31.673671688071138 ], [ -62.54265138078317, -31.673686123253184 ], [ -62.542603815239168, -31.673704899253757 ], [ -62.542540465249168, -31.673715498711488 ], [ -62.542429655819447, -31.673723221300339 ], [ -62.54234525991653, -31.673722918606551 ], [ -62.542234450464044, -31.673730641025635 ], [ -62.54217110041693, -31.673741240299357 ], [ -62.542123534750374, -31.673760016119537 ], [ -62.542123463920937, -31.673774451300321 ], [ -62.542104381865485, -31.673793329328117 ], [ -62.542079009949312, -31.673804064846586 ], [ -62.542034662214554, -31.673812025606217 ], [ -62.542000903822981, -31.673811904430604 ], [ -62.541956556078183, -31.67381986516299 ], [ -62.541931184138114, -31.67383060065179 ], [ -62.541912102032519, -31.673849478650197 ], [ -62.541912031170128, -31.673863913830338 ], [ -62.541902443608464, -31.673882825915317 ], [ -62.541889731052791, -31.673893606847322 ], [ -62.541867537225336, -31.673901647090229 ], [ -62.541850658013701, -31.673901586481282 ], [ -62.541828464181073, -31.673909626717307 ], [ -62.541815751613257, -31.673920407641788 ], [ -62.541806164026212, -31.673939319719139 ], [ -62.541806093147194, -31.673953754898868 ], [ -62.541796505554693, -31.673972666975335 ], [ -62.541783792974535, -31.67398344789639 ], [ -62.541761599116725, -31.673991488120471 ], [ -62.541744719889103, -31.673991427497338 ], [ -62.541722526026106, -31.673999467714555 ], [ -62.541709813433812, -31.6740102486281 ], [ -62.541704472149512, -31.674020784586851 ], [ -62.541794290511504, -31.674423766323912 ], [ -62.541803878151981, -31.674404854249399 ], [ -62.541803949032605, -31.674390419070686 ], [ -62.541813536667618, -31.674371506995296 ], [ -62.541826249297827, -31.674360726072376 ], [ -62.541848443238443, -31.674352685838308 ], [ -62.541865322531663, -31.674352746448324 ], [ -62.541887516467092, -31.674344706207393 ], [ -62.541900229085158, -31.674333925276954 ], [ -62.541909816694798, -31.674315013193937 ], [ -62.541909887558781, -31.67430057801478 ], [ -62.541928969758253, -31.674281700018945 ] ] ], [ [ [ -62.551100034898063, -31.673806349435147 ], [ -62.551090722625318, -31.673768423633437 ], [ -62.551090861509863, -31.673739553235901 ], [ -62.551081549247165, -31.673701627433225 ], [ -62.551068994017626, -31.673679930092849 ], [ -62.551046918206687, -31.673663612542569 ], [ -62.551030039016617, -31.673663553148351 ], [ -62.55100261033288, -31.673663456627995 ], [ -62.550968851953087, -31.673663337825605 ], [ -62.550941423269634, -31.6736632412921 ], [ -62.550924544079884, -31.673663181883928 ], [ -62.550902351065879, -31.673671223706503 ], [ -62.550889639567671, -31.673682005545622 ], [ -62.55088005383606, -31.673700918322961 ], [ -62.550879984361309, -31.673715353521398 ], [ -62.550860904072863, -31.673734232875674 ], [ -62.550835533158008, -31.673744970145147 ], [ -62.550791186159522, -31.67375293395579 ], [ -62.55075742774833, -31.673752815097156 ], [ -62.550713158928062, -31.673744539282769 ], [ -62.550687892250622, -31.673733623725695 ], [ -62.550668994377013, -31.673714610656109 ], [ -62.550669063884392, -31.673700175458073 ], [ -62.550650166021356, -31.673681162385698 ], [ -62.550624899368501, -31.673670246816233 ], [ -62.550580630599654, -31.673661970956239 ], [ -62.550546872222334, -31.673661852042216 ], [ -62.550502486127762, -31.673677935551513 ], [ -62.550477063035167, -31.673699499147833 ], [ -62.550457891397883, -31.673737324637983 ], [ -62.550457752317527, -31.673766195033021 ], [ -62.550486053448168, -31.673804187780938 ], [ -62.5505239273851, -31.673825974373468 ], [ -62.550590311097416, -31.673842448087271 ], [ -62.550640948761753, -31.673842626438624 ], [ -62.550707371602101, -31.673850980293047 ], [ -62.550745297732419, -31.673861940422022 ], [ -62.550773690217341, -31.673880986909815 ], [ -62.550773620725657, -31.673895422107631 ], [ -62.550792518656927, -31.67391443516172 ], [ -62.550817785395566, -31.673925350698354 ], [ -62.550862054311139, -31.673933626477087 ], [ -62.55089581278822, -31.673933745308634 ], [ -62.550939964490944, -31.673966380457024 ], [ -62.55096507497089, -31.674009775160112 ], [ -62.550983699467082, -31.674085626777678 ], [ -62.550983421627748, -31.674143367568629 ], [ -62.55099255156329, -31.674219185769473 ], [ -62.551005002660617, -31.674262535912241 ], [ -62.551027000469226, -31.674295093066611 ], [ -62.551043879773502, -31.674295152462282 ], [ -62.551088187947492, -31.674295308365306 ], [ -62.551088370238183, -31.674257415971663 ], [ -62.551088439682161, -31.674242980774029 ], [ -62.551098025428821, -31.67422406798277 ], [ -62.55111073697784, -31.674213286124278 ], [ -62.551132930103869, -31.67420524426716 ], [ -62.55114980939215, -31.674205303648662 ], [ -62.55117211967756, -31.674172902388136 ], [ -62.55118498742582, -31.674129641326395 ], [ -62.551194846510207, -31.674053889934246 ], [ -62.551195124217742, -31.673996149140802 ], [ -62.551185994136951, -31.67392033095048 ], [ -62.55117354299896, -31.673876980822694 ], [ -62.551151545235619, -31.673844423691889 ], [ -62.551134666012608, -31.673844364311222 ], [ -62.551112590151511, -31.67382804677225 ], [ -62.551100034898063, -31.673806349435147 ] ] ], [ [ [ -62.542458299272027, -31.672575897583599 ], [ -62.542445770253451, -31.672588292883567 ], [ -62.542445699477092, -31.672602728067666 ], [ -62.542407628874784, -31.672621538050432 ], [ -62.542356938838196, -31.67263218282562 ], [ -62.542268284349895, -31.672639984745736 ], [ -62.542200768412698, -31.672639742517166 ], [ -62.542112113905546, -31.672647544328566 ], [ -62.542061423822609, -31.672658188985864 ], [ -62.542023353121557, -31.672676998852847 ], [ -62.542023282279608, -31.672691434035897 ], [ -62.542032683735059, -31.672710414292428 ], [ -62.54204528985354, -31.672721286117035 ], [ -62.542067403694404, -31.672729485419847 ], [ -62.542084282694546, -31.672729545998141 ], [ -62.542106396540866, -31.672737745294249 ], [ -62.542119002671676, -31.67274861711164 ], [ -62.542128404152287, -31.672767597361197 ], [ -62.542128333326346, -31.672782032544234 ], [ -62.542118745922316, -31.672800944650131 ], [ -62.542106033540342, -31.672811725607161 ], [ -62.542083839989573, -31.67281976589166 ], [ -62.542066960973116, -31.672819705313156 ], [ -62.542060745147445, -31.672821957181956 ], [ -62.542044767417153, -31.672827745590798 ], [ -62.542032055023036, -31.672838526540289 ], [ -62.542022467593632, -31.672857438638548 ], [ -62.542022396751051, -31.67287187382118 ], [ -62.54205078713192, -31.672890922233435 ], [ -62.54208871182361, -31.67290188492402 ], [ -62.542155133172471, -31.672910243218514 ], [ -62.54220577027175, -31.672910424912782 ], [ -62.542272191637956, -31.672918783146464 ], [ -62.54231011636778, -31.672929745771558 ], [ -62.542338506825672, -31.672948794120344 ], [ -62.542338436031727, -31.672963229303395 ], [ -62.542366826505578, -31.672982277645929 ], [ -62.542404751272592, -31.672993240243134 ], [ -62.542471172716809, -31.673001598373851 ], [ -62.542521809867893, -31.673001779943174 ], [ -62.542588350729226, -31.672985778640971 ], [ -62.54262350517444, -31.672965917135418 ], [ -62.542626434710868, -31.672964262009508 ], [ -62.542655103803014, -31.672926471752657 ], [ -62.542655245292693, -31.672897601385049 ], [ -62.542664925449166, -31.672859743059291 ], [ -62.542677690829777, -31.672838135658107 ], [ -62.54269992412506, -31.672821975478843 ], [ -62.542716803143421, -31.67282203597361 ], [ -62.542738917068547, -31.672830235160713 ], [ -62.542751523286221, -31.672841106916263 ], [ -62.54276092490516, -31.672860087120245 ], [ -62.542760854176798, -31.672874522304351 ], [ -62.54277975025613, -31.67289353653101 ], [ -62.542805015762177, -31.672904453644762 ], [ -62.542849283448227, -31.672912732193765 ], [ -62.542883041518543, -31.672912853141863 ], [ -62.542927388756411, -31.672904892081483 ], [ -62.542952760331353, -31.67289415638956 ], [ -62.542971842030589, -31.672875278228869 ], [ -62.542971912726316, -31.672860843044326 ], [ -62.542981499964583, -31.672841930872927 ], [ -62.542994212250697, -31.672831149827797 ], [ -62.543016405727812, -31.67282310938425 ], [ -62.543033284747118, -31.672823169837162 ], [ -62.543055398701036, -31.672831368969675 ], [ -62.543068004956126, -31.672842240694301 ], [ -62.543077406639867, -31.672861220875557 ], [ -62.543077335960461, -31.672875656060306 ], [ -62.543124715472381, -31.672894772236063 ], [ -62.543187958847845, -31.672905825258351 ], [ -62.543298687775881, -31.672914341583414 ], [ -62.543383082958798, -31.672914643639682 ], [ -62.54349389135929, -31.672906920211979 ], [ -62.543557240696998, -31.67289632027331 ], [ -62.54360480563949, -31.672877543909216 ], [ -62.54360487623731, -31.672863108723405 ], [ -62.543614463348163, -31.672844196503224 ], [ -62.543627175562271, -31.672833415394354 ], [ -62.543649368986799, -31.672825374840198 ], [ -62.543666248008023, -31.672825435209369 ], [ -62.543688282611562, -31.672849873817 ], [ -62.54370078306922, -31.672882398258796 ], [ -62.543709999609277, -31.672939270757592 ], [ -62.543709787863811, -31.672982576315043 ], [ -62.543719004418492, -31.673039448812425 ], [ -62.543731504911428, -31.6730719732506 ], [ -62.543753539589581, -31.673096411846728 ], [ -62.54377041866006, -31.673096472202584 ], [ -62.543792493049544, -31.673112791000126 ], [ -62.543805046503373, -31.67313448904185 ], [ -62.543814355748239, -31.673172415350692 ], [ -62.543814214615644, -31.673201285721728 ], [ -62.543747567937039, -31.673238940441173 ], [ -62.543658846796809, -31.673260276308454 ], [ -62.543503690627475, -31.673275961149674 ], [ -62.543385536912304, -31.673275538362649 ], [ -62.543230380675922, -31.673291222870798 ], [ -62.543141659372218, -31.67331255837669 ], [ -62.543075012346712, -31.673350212740857 ], [ -62.543074870984412, -31.673379083108113 ], [ -62.543055696428425, -31.673416907460282 ], [ -62.543030271705959, -31.6734384695581 ], [ -62.542985884456201, -31.673454550441839 ], [ -62.542952126189455, -31.673454429519097 ], [ -62.542907738918963, -31.673470510375399 ], [ -62.542882314147924, -31.673492072443111 ], [ -62.54286313949045, -31.67352989676472 ], [ -62.542862998061615, -31.673558767130306 ], [ -62.542862626809949, -31.673634551839328 ], [ -62.542951242430533, -31.67363486930623 ], [ -62.54298500076257, -31.673634990229804 ], [ -62.543029348336177, -31.673627029138054 ], [ -62.543054720097075, -31.673616293428807 ], [ -62.543073801925431, -31.673597415256211 ], [ -62.54307387260738, -31.673582980073089 ], [ -62.543121437996589, -31.673564203895449 ], [ -62.54318478782141, -31.67355360414739 ], [ -62.543295596995499, -31.673545880900004 ], [ -62.543379992749529, -31.673546182963683 ], [ -62.54349072245634, -31.67355469912858 ], [ -62.543553966323749, -31.673565751972941 ], [ -62.543601346284156, -31.67358486797389 ], [ -62.543601275683805, -31.673599303158053 ], [ -62.543563204900792, -31.67361811348103 ], [ -62.543512514447272, -31.673628758709803 ], [ -62.543423859097338, -31.673636561423628 ], [ -62.543356342428211, -31.673636319799744 ], [ -62.543267647317606, -31.673652242195487 ], [ -62.543216903818283, -31.673673713693706 ], [ -62.543178740179577, -31.673711470078551 ], [ -62.543178598847369, -31.673740340444596 ], [ -62.543225886077451, -31.673778402762213 ], [ -62.543289077076153, -31.673800282125903 ], [ -62.543399767344305, -31.673816918162725 ], [ -62.543484163344679, -31.673817220159801 ], [ -62.543594972810681, -31.673809496655444 ], [ -62.543658322751625, -31.673798896673759 ], [ -62.543705888136671, -31.673780120278781 ], [ -62.54370595872134, -31.673765685094796 ], [ -62.543725040450155, -31.673746806824287 ], [ -62.543750412165537, -31.673736070976435 ], [ -62.543794759725436, -31.673728109618605 ], [ -62.543828518095168, -31.673728230319323 ], [ -62.543872786266448, -31.673736508516711 ], [ -62.543898052130125, -31.673747425415939 ], [ -62.543916948617813, -31.673766439475429 ], [ -62.543916878065772, -31.673780874659816 ], [ -62.543935774564019, -31.673799888716523 ], [ -62.543961040452295, -31.673810805603413 ], [ -62.544005308675004, -31.67381908375517 ], [ -62.544039067078643, -31.673819204400484 ], [ -62.544083533668008, -31.673786883568432 ], [ -62.544109064029165, -31.673743668483258 ], [ -62.544128423341704, -31.673667951610653 ], [ -62.5441287054174, -31.673610210870127 ], [ -62.544157559207186, -31.673534527914065 ], [ -62.54419574882089, -31.673491358036358 ], [ -62.544262369066615, -31.673459116278977 ], [ -62.544313006478617, -31.673459297139761 ], [ -62.544379507727342, -31.673451414696885 ], [ -62.54441753863906, -31.67344072391986 ], [ -62.54442007069283, -31.673439054156081 ], [ -62.544446114669135, -31.6734218794399 ], [ -62.54444618513832, -31.673407444253627 ], [ -62.544455772136821, -31.673388531970762 ], [ -62.544468484329776, -31.673377750778759 ], [ -62.544490677813783, -31.673369710079491 ], [ -62.544507556935429, -31.673369770338297 ], [ -62.544529750414227, -31.673361729632152 ], [ -62.544542462595047, -31.673350948432631 ], [ -62.544552049568182, -31.673332036142146 ], [ -62.544552120020725, -31.673317600955446 ], [ -62.544561706988397, -31.673298688664076 ], [ -62.544574419156874, -31.673287907461138 ], [ -62.544596612610512, -31.673279866743023 ], [ -62.544613491716156, -31.673279926987657 ], [ -62.544635605920178, -31.673288125848028 ], [ -62.544648212422402, -31.673298997418076 ], [ -62.544657614473863, -31.673317977485006 ], [ -62.544657544037626, -31.673332412671904 ], [ -62.544676440598572, -31.673351426620808 ], [ -62.544701706454646, -31.673362343361465 ], [ -62.544745974534131, -31.67337062125543 ], [ -62.544779732779006, -31.673370741703266 ], [ -62.544824080081682, -31.673362779984735 ], [ -62.544849451568453, -31.673352043915521 ], [ -62.544868532982456, -31.673333165469781 ], [ -62.544868603386057, -31.673318730282457 ], [ -62.544859201291409, -31.673299750230687 ], [ -62.544846594764223, -31.673288878681245 ], [ -62.544824480541031, -31.673280679857278 ], [ -62.544807601434748, -31.673280619640554 ], [ -62.544785487217013, -31.673272420809873 ], [ -62.544772880702162, -31.673261549253223 ], [ -62.544763478632689, -31.673242569194461 ], [ -62.544763549052291, -31.67322813400715 ], [ -62.544716169028412, -31.6732090184362 ], [ -62.544652925257161, -31.673197966168289 ], [ -62.544542195854156, -31.673189451014558 ], [ -62.544457800409084, -31.673189149722642 ], [ -62.544346991742138, -31.673196873984722 ], [ -62.544283642284604, -31.673207474313969 ], [ -62.544236077306408, -31.673226250929865 ], [ -62.544236006805214, -31.673240686116113 ], [ -62.544226419777964, -31.673259598382625 ], [ -62.544213707573618, -31.673270379550591 ], [ -62.544191514090123, -31.673278420201811 ], [ -62.544174634985737, -31.673278359901357 ], [ -62.544152520825556, -31.673270160961486 ], [ -62.544139914385561, -31.673259289342997 ], [ -62.544130512445648, -31.6732403092388 ], [ -62.544130582963156, -31.67322587405274 ], [ -62.54412118102843, -31.67320689394781 ], [ -62.544108574600571, -31.67319602232622 ], [ -62.54408646046577, -31.673187823375045 ], [ -62.544069581378018, -31.673187763060838 ], [ -62.544047506921906, -31.6731714443108 ], [ -62.544034953406516, -31.673149746292484 ], [ -62.54402564407394, -31.673111819998784 ], [ -62.544025785140626, -31.673082949626487 ], [ -62.544016475818083, -31.673045023331817 ], [ -62.544003922326588, -31.673023325310247 ], [ -62.543981847920634, -31.673007006548911 ], [ -62.543964968865836, -31.673006946221168 ], [ -62.543942854788554, -31.672998747245401 ], [ -62.543930248409509, -31.672987875606296 ], [ -62.543920846539088, -31.672968895486513 ], [ -62.543920917088265, -31.672954460300264 ], [ -62.543911515223023, -31.672935480179738 ], [ -62.543898908856129, -31.672924608537549 ], [ -62.543876794804213, -31.672916409550453 ], [ -62.543859915766049, -31.672916349208968 ], [ -62.543837841410664, -31.67290003042292 ], [ -62.543825287980006, -31.672878332383863 ], [ -62.543815978758481, -31.672840406074315 ], [ -62.543816119888533, -31.67281153570163 ], [ -62.543825799565809, -31.672773677282752 ], [ -62.543838564667091, -31.672752069762485 ], [ -62.54386079774325, -31.672735909378613 ], [ -62.543877676748785, -31.672735969719675 ], [ -62.5438999098144, -31.67271980932885 ], [ -62.543912674891068, -31.672698201800763 ], [ -62.54392235451693, -31.672660343373408 ], [ -62.543922495613089, -31.672631472999484 ], [ -62.543913186375306, -31.672593546695424 ], [ -62.543900632967329, -31.672571848662948 ], [ -62.543878558685442, -31.672555529883773 ], [ -62.543861679712542, -31.672555469543134 ], [ -62.543839605441399, -31.67253915075727 ], [ -62.543827052057786, -31.672517452717607 ], [ -62.543817742869642, -31.672479526406374 ], [ -62.543817883997178, -31.672450656032055 ], [ -62.543827563634423, -31.672412797610544 ], [ -62.543840328684851, -31.672391190088405 ], [ -62.543862561673926, -31.672375029702504 ], [ -62.543879440614184, -31.672375090042721 ], [ -62.543901633908042, -31.672367049442858 ], [ -62.543914346023634, -31.672356268303659 ], [ -62.543923933018675, -31.672337356057657 ], [ -62.543924003565643, -31.672322920869963 ], [ -62.543914601761728, -31.672303940748389 ], [ -62.543901995478841, -31.672293069106225 ], [ -62.543879881575599, -31.672284870120279 ], [ -62.543863002651655, -31.672284809780276 ], [ -62.543840888753863, -31.672276610787588 ], [ -62.543828282483304, -31.672265739138243 ], [ -62.543818880704571, -31.672246759009671 ], [ -62.543818951267546, -31.672232323822001 ], [ -62.543809549493986, -31.672213343692697 ], [ -62.543796943235563, -31.67220247204023 ], [ -62.543774829363159, -31.672194273036244 ], [ -62.543757950455841, -31.672194212682502 ], [ -62.543735836588894, -31.672186013671787 ], [ -62.543723230342799, -31.672175142012126 ], [ -62.54371382859442, -31.672156161875847 ], [ -62.543713899173397, -31.672141726688174 ], [ -62.543704497430198, -31.672122746551146 ], [ -62.543691891196247, -31.67211187488838 ], [ -62.543669777354673, -31.672103675866353 ], [ -62.543652898463989, -31.672103615498873 ], [ -62.543630784627872, -31.672095416470121 ], [ -62.543618178406248, -31.67208454480016 ], [ -62.543608776688231, -31.672065564656155 ], [ -62.543608847283195, -31.672051129468485 ], [ -62.543599445570365, -31.672032149323744 ], [ -62.543586839360884, -31.672021277650664 ], [ -62.543564725550141, -31.672013078610618 ], [ -62.543547846676091, -31.672013018229379 ], [ -62.543525732870798, -31.6720048191826 ], [ -62.543513126673659, -31.67199394750234 ], [ -62.543503724985989, -31.671974967350607 ], [ -62.543503795596962, -31.671960532162952 ], [ -62.543494393914486, -31.671941552010473 ], [ -62.543481787729483, -31.671930680327108 ], [ -62.543459673949563, -31.671922481269021 ], [ -62.543442795092147, -31.671922420874054 ], [ -62.543420646004321, -31.671921439715085 ], [ -62.543407992744903, -31.671920191898955 ], [ -62.543398508684128, -31.671918053519796 ], [ -62.543398516528868, -31.671916450164808 ], [ -62.543398537121313, -31.671912241357976 ], [ -62.543338534005407, -31.671920353413082 ], [ -62.543327104839243, -31.671921898563237 ], [ -62.543319650137192, -31.671922906390687 ], [ -62.543317075225808, -31.671923254501927 ], [ -62.54331567567278, -31.671923443712362 ], [ -62.543255672542877, -31.671931555728364 ], [ -62.54265955629598, -31.672017939481197 ], [ -62.542658458784302, -31.672241890829209 ], [ -62.542658040681395, -31.672327205626388 ], [ -62.54263850310106, -31.67243911323105 ], [ -62.542612871067242, -31.672503008569091 ], [ -62.542568328564968, -31.672550839301877 ], [ -62.54253457062709, -31.672550718271747 ], [ -62.54249022352618, -31.672558679197291 ], [ -62.542466344434338, -31.672568783292373 ], [ -62.542464851990921, -31.672569414798186 ], [ -62.542458299272027, -31.672575897583599 ] ] ], [ [ [ -62.546202050241639, -31.672022485748471 ], [ -62.546185171359703, -31.672022425716111 ], [ -62.546162938852419, -31.672038586512183 ], [ -62.546150174386078, -31.672060194273413 ], [ -62.546140495727236, -31.672098052882419 ], [ -62.546140355320162, -31.672126923267665 ], [ -62.546159159806621, -31.672164883191332 ], [ -62.546184372872752, -31.672186626033408 ], [ -62.546228601052036, -31.672203023206318 ], [ -62.546262358881506, -31.672203143257949 ], [ -62.546306744983283, -31.672187061220288 ], [ -62.546332168612402, -31.672165498455005 ], [ -62.546351341583012, -31.672127673588122 ], [ -62.546351481924823, -31.672098803202033 ], [ -62.546361160498364, -31.672060944576216 ], [ -62.546373924916232, -31.672039336793436 ], [ -62.546396157387626, -31.672023175960241 ], [ -62.546413036270195, -31.672023235964708 ], [ -62.546435150339939, -31.672031434513467 ], [ -62.546447756886216, -31.672042305908235 ], [ -62.546457159182054, -31.672061285848525 ], [ -62.546457089027619, -31.672075721041868 ], [ -62.546466491328651, -31.67209470098144 ], [ -62.546479097887079, -31.672105572373091 ], [ -62.546501211982182, -31.672113770910538 ], [ -62.546518090881385, -31.672113830901246 ], [ -62.546540165527233, -31.672130149228249 ], [ -62.546552719494173, -31.672151847007726 ], [ -62.546562029765418, -31.672189773131496 ], [ -62.546561889488252, -31.672218643518008 ], [ -62.546571199769566, -31.672256569640808 ], [ -62.546583753760395, -31.672278267417031 ], [ -62.546605828456393, -31.672294585732725 ], [ -62.546622707388543, -31.672294645709908 ], [ -62.54664470320342, -31.672327203611221 ], [ -62.546657152034307, -31.672370554169884 ], [ -62.546666278295788, -31.672446372666862 ], [ -62.54666599780294, -31.672504113438272 ], [ -62.546675124083293, -31.672579931933203 ], [ -62.546687572960543, -31.672623282487624 ], [ -62.546709568874192, -31.672655840377033 ], [ -62.546726447871926, -31.672655900341098 ], [ -62.546748522681675, -31.672672218632215 ], [ -62.546761076768632, -31.672693916390493 ], [ -62.546770387176025, -31.672731842497143 ], [ -62.546770246960342, -31.672760712882038 ], [ -62.546760568476166, -31.672798571535616 ], [ -62.54674780404121, -31.67282017935435 ], [ -62.54672557143828, -31.672836340245606 ], [ -62.546708692407911, -31.672836280281103 ], [ -62.546702476690243, -31.672838532377078 ], [ -62.546686499237538, -31.672844321369869 ], [ -62.546673787371454, -31.672855102786837 ], [ -62.546664200876535, -31.67287401524268 ], [ -62.546664130751907, -31.672888450434602 ], [ -62.54667353317501, -31.672907430357661 ], [ -62.546686139866381, -31.672918301728735 ], [ -62.546708254171826, -31.672926500231227 ], [ -62.546725133218516, -31.672926560195918 ], [ -62.546747247529417, -31.672934758691703 ], [ -62.546759854233123, -31.672945630055565 ], [ -62.546769256681401, -31.672964609971636 ], [ -62.546769186572774, -31.672979045163551 ], [ -62.546788083497361, -31.672998058804129 ], [ -62.546813349510693, -31.673008975128653 ], [ -62.546857617619665, -31.673017252290609 ], [ -62.546891375746618, -31.673017372178556 ], [ -62.546935643866853, -31.673025649313537 ], [ -62.546960909905238, -31.673036565609021 ], [ -62.546979806880749, -31.673055579221501 ], [ -62.546979736804452, -31.673070014413643 ], [ -62.546998633790523, -31.673089028023334 ], [ -62.547023899853507, -31.673099944306465 ], [ -62.547068168025156, -31.673108221395829 ], [ -62.547101926185995, -31.673108341228385 ], [ -62.547146273175898, -31.673100378699328 ], [ -62.547171644329694, -31.673089642164722 ], [ -62.54719072522402, -31.673070763366013 ], [ -62.547190795267696, -31.673056328173431 ], [ -62.547228865102717, -31.673037516757347 ], [ -62.547279554829196, -31.673026870044076 ], [ -62.547368209311237, -31.673019064641878 ], [ -62.547435725571418, -31.673019304138691 ], [ -62.547524301293649, -31.673027738220277 ], [ -62.54757488600638, -31.673038744179394 ], [ -62.547612772065143, -31.67305782503071 ], [ -62.547612702086745, -31.67307226022411 ], [ -62.547631599203434, -31.673091273741267 ], [ -62.547656865342681, -31.673102189899726 ], [ -62.54770113357435, -31.673110466770027 ], [ -62.547734891738948, -31.673110586435115 ], [ -62.547779238678736, -31.673102623685562 ], [ -62.547804609761933, -31.673091887024423 ], [ -62.547823690529881, -31.673073008129858 ], [ -62.547823760475644, -31.673058572936025 ], [ -62.547833346756114, -31.673039660391591 ], [ -62.547846058515127, -31.673028878858371 ], [ -62.547868251632259, -31.673020837567631 ], [ -62.547885130698724, -31.673020897379036 ], [ -62.547907245136351, -31.673029095674789 ], [ -62.547919851989271, -31.673039966925273 ], [ -62.547929254683837, -31.67305894675787 ], [ -62.547929184754395, -31.673073381951898 ], [ -62.547938587454141, -31.673092361783759 ], [ -62.547951194319197, -31.673103233031132 ], [ -62.547973308782204, -31.673111431315576 ], [ -62.547990187865295, -31.673111491113229 ], [ -62.548012263005589, -31.673127809187612 ], [ -62.548024817447924, -31.673149506823325 ], [ -62.548034128413178, -31.673187432840276 ], [ -62.548033988585985, -31.673216303228163 ], [ -62.548005321566052, -31.673254094711542 ], [ -62.547967238684912, -31.673275612958108 ], [ -62.547900698502609, -31.673291617071555 ], [ -62.547850061156382, -31.673291437635445 ], [ -62.547783520943447, -31.673307441687452 ], [ -62.547745437990081, -31.673328959866957 ], [ -62.54771677081893, -31.673366751283432 ], [ -62.547716630892566, -31.673395621669226 ], [ -62.547706952722258, -31.673433480393818 ], [ -62.547694188416514, -31.673455088306337 ], [ -62.547671955822686, -31.673471249360993 ], [ -62.547655076675277, -31.67347118952064 ], [ -62.547632844070897, -31.673487350568344 ], [ -62.547620079740561, -31.673508958473047 ], [ -62.547610401518824, -31.673546817189159 ], [ -62.547610261558567, -31.673575687573727 ], [ -62.547638561465014, -31.673613680943038 ], [ -62.54767643464956, -31.673635468374549 ], [ -62.547742817705171, -31.673651943564455 ], [ -62.547793455246264, -31.673652123044931 ], [ -62.547859877677396, -31.673660478378384 ], [ -62.547897803385311, -31.673671439350294 ], [ -62.547926195223475, -31.673690486466342 ], [ -62.547926125291831, -31.673704921658931 ], [ -62.547935528052946, -31.67372390148973 ], [ -62.547948135002024, -31.673734772737134 ], [ -62.547970249613712, -31.673742971022683 ], [ -62.547987128811023, -31.673743030821807 ], [ -62.548009322086955, -31.673734989508894 ], [ -62.548022033921598, -31.673724207960035 ], [ -62.548031620232187, -31.673705295402929 ], [ -62.548031690147511, -31.673690860210122 ], [ -62.548050770993989, -31.67367198128407 ], [ -62.548076142202262, -31.673661244571022 ], [ -62.548120489376728, -31.673653281705743 ], [ -62.548154247739653, -31.67365340126171 ], [ -62.548198634216838, -31.673637318572951 ], [ -62.548224057813023, -31.673615755435197 ], [ -62.548243230325923, -31.673577930288193 ], [ -62.548243370090361, -31.673549059901113 ], [ -62.548281531632014, -31.673511301980536 ], [ -62.548332273903007, -31.673489828455718 ], [ -62.548420968039835, -31.673473902529235 ], [ -62.548488484638902, -31.673474141472031 ], [ -62.548665715715302, -31.673474768526916 ], [ -62.548665898983799, -31.673436876141025 ], [ -62.548665968800279, -31.673422440946339 ], [ -62.548656565919494, -31.673403461167378 ], [ -62.548643958931251, -31.673392589989049 ], [ -62.548621844341525, -31.673384391820047 ], [ -62.548604965207602, -31.673384332105492 ], [ -62.54858285062334, -31.673376133929761 ], [ -62.548570243647433, -31.673365262744223 ], [ -62.548560840791815, -31.673346282958278 ], [ -62.548560910624303, -31.673331847763592 ], [ -62.548551507773887, -31.673312867976904 ], [ -62.548538900810115, -31.673301996788275 ], [ -62.54851678625122, -31.673293798601222 ], [ -62.548499907133923, -31.673293738872921 ], [ -62.548477792580485, -31.673285540679156 ], [ -62.548465185629055, -31.673274669483323 ], [ -62.548455782803806, -31.673255689689647 ], [ -62.548455852652296, -31.673241254494958 ], [ -62.548446449832241, -31.673222274700546 ], [ -62.548433842892948, -31.673211403501604 ], [ -62.548411728364876, -31.673203205296531 ], [ -62.54839484926422, -31.673203145554474 ], [ -62.548372734741605, -31.673194947342662 ], [ -62.548360127814639, -31.673184076136533 ], [ -62.548350725019759, -31.673165096335119 ], [ -62.548350794884257, -31.673150661140447 ], [ -62.548341392094549, -31.673131681338312 ], [ -62.548328785179734, -31.673120810129056 ], [ -62.548306670682493, -31.673112611905935 ], [ -62.548289791598464, -31.673112552150151 ], [ -62.548267677106693, -31.673104353920298 ], [ -62.548255070204206, -31.673093482703852 ], [ -62.548245667439673, -31.673074502894728 ], [ -62.54824573732018, -31.67306006770005 ], [ -62.548236334560826, -31.67304108789018 ], [ -62.548223727670489, -31.673030216670629 ], [ -62.548201613204085, -31.67302201842946 ], [ -62.548184734136683, -31.673021958659923 ], [ -62.548162619675736, -31.673013760412051 ], [ -62.548150012797727, -31.673002889185284 ], [ -62.548140610063555, -31.672983909368433 ], [ -62.548140679960063, -31.672969474173769 ], [ -62.548131277231079, -31.672950494356172 ], [ -62.54811867036522, -31.672939623126311 ], [ -62.548096555929639, -31.672931424867109 ], [ -62.548079676878871, -31.672931365083826 ], [ -62.548057562448747, -31.672923166817906 ], [ -62.548044955595216, -31.672912295580851 ], [ -62.548035552891413, -31.672893315756262 ], [ -62.548035622803923, -31.672878880561601 ], [ -62.548026220105292, -31.672859900736281 ], [ -62.548013613263898, -31.672849029496117 ], [ -62.547991498859162, -31.672840831218881 ], [ -62.547974619825013, -31.672840771421857 ], [ -62.547952505425734, -31.672832573137892 ], [ -62.547939898596674, -31.67282170189052 ], [ -62.547930495923225, -31.672802722058215 ], [ -62.547930565851729, -31.672788286863554 ], [ -62.547921163183474, -31.67276930703051 ], [ -62.547908556366558, -31.672758435780029 ], [ -62.547886441992638, -31.672750237484763 ], [ -62.547869562975137, -31.672750177673983 ], [ -62.547847487948601, -31.672733859575022 ], [ -62.547834933602417, -31.672712161921371 ], [ -62.547825622763234, -31.672674235888259 ], [ -62.547825762651954, -31.672645365498749 ], [ -62.547816451822825, -31.67260743946467 ], [ -62.547803897500529, -31.672585741807762 ], [ -62.547781822524158, -31.672569423697478 ], [ -62.54776494353959, -31.672569363873166 ], [ -62.547742868573955, -31.672553045756207 ], [ -62.547730314276009, -31.672531348092097 ], [ -62.547721003496562, -31.672493422050845 ], [ -62.547721143416645, -31.672464551660944 ], [ -62.547711832647238, -31.672426625618719 ], [ -62.547699278373187, -31.672404927951348 ], [ -62.54767720345771, -31.672388609823084 ], [ -62.54766032450609, -31.672388549985229 ], [ -62.547638288960897, -31.672364112053078 ], [ -62.54762578719307, -31.672331587982185 ], [ -62.547616568318169, -31.672274715739036 ], [ -62.547616778244901, -31.672231410153259 ], [ -62.547607559384616, -31.672174537908699 ], [ -62.547595057652082, -31.672142013834158 ], [ -62.547573022181503, -31.6721175758905 ], [ -62.547556143279159, -31.672117516039325 ], [ -62.547534346419539, -31.672043867173151 ], [ -62.547522162863636, -31.671945728535935 ], [ -62.547513500829382, -31.671774030808564 ], [ -62.547514134981384, -31.671643239142398 ], [ -62.547515799610785, -31.671299911005914 ], [ -62.546877592947354, -31.671399456096005 ], [ -62.546861914107922, -31.671401901579827 ], [ -62.546354484855357, -31.671481045996043 ], [ -62.546353562554359, -31.671670782043005 ], [ -62.54635321119931, -31.671743062440349 ], [ -62.546343255691376, -31.671837896704076 ], [ -62.546330333023469, -31.671892061990743 ], [ -62.546307981862959, -31.671932640942302 ], [ -62.546291102997017, -31.671932580924103 ], [ -62.546284887330003, -31.671934833000506 ], [ -62.546268910007512, -31.671940621943037 ], [ -62.546256198218153, -31.67195140332063 ], [ -62.54624661173419, -31.671970315747849 ], [ -62.54624654154744, -31.671984750940979 ], [ -62.546236955058006, -31.67200366336732 ], [ -62.546224243256326, -31.6720144447415 ], [ -62.546202050241639, -31.672022485748471 ] ] ] ] } },
{ "type": "Feature", "properties": { "zona": "cabecera", "zona_id": "CABECERA" }, "geometry": { "type": "MultiPolygon", "coordinates": [ [ [ [ -62.551794925054367, -31.675193794650006 ], [ -62.551516383965804, -31.67519902930254 ], [ -62.552740483462046, -31.679455704834506 ], [ -62.552963042753362, -31.679418132589127 ], [ -62.551949037072468, -31.675217948879975 ], [ -62.551794925054367, -31.675193794650006 ] ] ], [ [ [ -62.542036910936218, -31.67625611650768 ], [ -62.542020333924505, -31.676434442396527 ], [ -62.543099489586467, -31.681082885349923 ], [ -62.543418630294369, -31.681029034257353 ], [ -62.541794290511504, -31.674423766323912 ], [ -62.541301528946413, -31.672212884982244 ], [ -62.541159197038461, -31.672233088658029 ], [ -62.541100152262736, -31.672358324671773 ], [ -62.542036910936218, -31.67625611650768 ] ] ] ] } },
{ "type": "Feature", "properties": { "zona": "erosionado", "zona_id": "EROSIONADO" }, "geometry": { "type": "Polygon", "coordinates": [ [ [ -62.551861013983618, -31.67485332443842 ], [ -62.551854224137564, -31.67482519824684 ], [ -62.551841811324948, -31.674773779489968 ], [ -62.551840930600832, -31.674770131181827 ], [ -62.551838813958874, -31.674761363211093 ], [ -62.551831166374548, -31.674729683869241 ], [ -62.55182938590854, -31.674722308466379 ], [ -62.551818241243687, -31.674676142777543 ], [ -62.551805162169295, -31.674621963927137 ], [ -62.551783609168766, -31.674532682487708 ], [ -62.551767950914737, -31.674467819418204 ], [ -62.551746897706415, -31.674380608038188 ], [ -62.551734485009121, -31.674329189268391 ], [ -62.551724506453361, -31.674287853726309 ], [ -62.55172361439805, -31.674284158441267 ], [ -62.551713136130331, -31.674240752830784 ], [ -62.551700057174919, -31.674186573967042 ], [ -62.55167783807736, -31.674094532415623 ], [ -62.551661291577155, -31.674025989209891 ], [ -62.551639572272286, -31.673936017717821 ], [ -62.551630132010537, -31.673896911695852 ], [ -62.551628437453239, -31.673889892035881 ], [ -62.551627159690291, -31.673884598935103 ], [ -62.55162560527485, -31.673878159807458 ], [ -62.551624713480038, -31.673874465569074 ], [ -62.551617847516845, -31.673846023473047 ], [ -62.55161784391418, -31.673846008549077 ], [ -62.551617843855887, -31.673846008307613 ], [ -62.551617779449955, -31.673845741507428 ], [ -62.551617168321073, -31.673843209919085 ], [ -62.551609993799872, -31.673813489608268 ], [ -62.551607832687516, -31.673804537239768 ], [ -62.551605003511447, -31.673792817426879 ], [ -62.551599530727778, -31.673770146506957 ], [ -62.551581223120088, -31.673694307451157 ], [ -62.55156727605506, -31.67363653181069 ], [ -62.551562755462378, -31.673617805264872 ], [ -62.551557395543561, -31.673595601802617 ], [ -62.551547506396275, -31.673554635984747 ], [ -62.551539262114495, -31.673520483998924 ], [ -62.55153813672333, -31.673515822057485 ], [ -62.551535093913195, -31.673503217190948 ], [ -62.551532975490282, -31.673494441604305 ], [ -62.551532049851829, -31.673490607137836 ], [ -62.551523832348266, -31.673456566034222 ], [ -62.551522319434113, -31.673450298767133 ], [ -62.551521812524726, -31.673448198888039 ], [ -62.551521229400301, -31.673445783286962 ], [ -62.551519877433783, -31.673440182746344 ], [ -62.551517616324993, -31.673430816069338 ], [ -62.551509468136352, -31.673397062060381 ], [ -62.551496389411497, -31.673342883170818 ], [ -62.551475453881473, -31.673256157171462 ], [ -62.551460618570012, -31.673194701394785 ], [ -62.551450170898669, -31.673151421516195 ], [ -62.551444707406048, -31.673128788772793 ], [ -62.551440182814339, -31.673110045456816 ], [ -62.551427770446544, -31.673058626650111 ], [ -62.551427136590199, -31.673056000869437 ], [ -62.551424552335277, -31.673045295466306 ], [ -62.551417175264255, -31.673014735573375 ], [ -62.551415460710892, -31.673007632945716 ], [ -62.5514043658319, -31.672961671798863 ], [ -62.551391287226018, -31.672907492895966 ], [ -62.5513696856111, -31.672818006783245 ], [ -62.551353962069541, -31.672752870868536 ], [ -62.551351461381287, -31.672742511577113 ], [ -62.551346795581409, -31.672723183139901 ], [ -62.551332860229309, -31.672665454817182 ], [ -62.551320447976821, -31.672614035997562 ], [ -62.551319484258165, -31.672610043708104 ], [ -62.551316612938649, -31.672598149011858 ], [ -62.551310519164822, -31.672572905002191 ], [ -62.551310111101586, -31.672571214562797 ], [ -62.55131004548489, -31.672570942739611 ], [ -62.551309692989712, -31.672569482495955 ], [ -62.551306798484745, -31.672557491741429 ], [ -62.55130468079912, -31.672548719031006 ], [ -62.551291417389592, -31.672493774080674 ], [ -62.551283575549157, -31.672461288471563 ], [ -62.551276840357197, -31.67243338724651 ], [ -62.551267876139789, -31.672396252028474 ], [ -62.551227298694933, -31.672228155304389 ], [ -62.551216951356921, -31.672185290171683 ], [ -62.551210319028023, -31.672157814904832 ], [ -62.551196736713685, -31.672101548387893 ], [ -62.551155197163339, -31.671929464935879 ], [ -62.551130373053397, -31.671826627252344 ], [ -62.551128290028899, -31.671817997993479 ], [ -62.551126371955505, -31.671810052069283 ], [ -62.551109852249866, -31.671741616504423 ], [ -62.551108041905074, -31.671734116850878 ], [ -62.551107603308964, -31.671732299893566 ], [ -62.551107315242248, -31.671731106529233 ], [ -62.551103533473366, -31.671715439919485 ], [ -62.551102515760597, -31.671711223873327 ], [ -62.551095603784894, -31.67168258984233 ], [ -62.5510825255285, -31.67162841090029 ], [ -62.551061541363254, -31.67154148022998 ], [ -62.551046640736494, -31.671479751611201 ], [ -62.551026156328028, -31.671394891004269 ], [ -62.551023575709849, -31.671384200285544 ], [ -62.551022378828463, -31.671379241967998 ], [ -62.551013744405005, -31.671343472147733 ], [ -62.551003198987239, -31.6712997856154 ], [ -62.551001550341788, -31.671292955763427 ], [ -62.550990505245068, -31.671247199158998 ], [ -62.550977427107625, -31.671193020203614 ], [ -62.550973228529784, -31.671175626691912 ], [ -62.550967963476495, -31.671153815067136 ], [ -62.550955776881779, -31.671103329417225 ], [ -62.550939988057337, -31.671037920656765 ], [ -62.550918837588611, -31.670950299933736 ], [ -62.55090642578088, -31.670898881064264 ], [ -62.550896546709062, -31.670857954616032 ], [ -62.550895786409441, -31.670854804889139 ], [ -62.550894334224992, -31.670848788859793 ], [ -62.550894202877942, -31.670848244722517 ], [ -62.550893254479369, -31.670844315748955 ], [ -62.550892730848162, -31.670842146478211 ], [ -62.550892471775867, -31.670841073207558 ], [ -62.550890638872708, -31.67083347995553 ], [ -62.550887467774878, -31.670820342900001 ], [ -62.550886656868499, -31.670816983519625 ], [ -62.550886631786724, -31.67081687961214 ], [ -62.550883904612114, -31.670805581614331 ], [ -62.550880318967955, -31.670790727189157 ], [ -62.550878265283437, -31.670782219286743 ], [ -62.550876716715678, -31.670775803955976 ], [ -62.550876705642857, -31.670775758084051 ], [ -62.550876676576721, -31.670775637670253 ], [ -62.550875922400287, -31.670775755327146 ], [ -62.550875735048081, -31.670775784555406 ], [ -62.550875657765388, -31.670775796612045 ], [ -62.550875635094982, -31.670775800148796 ], [ -62.550875315980576, -31.670775849932905 ], [ -62.550873717197796, -31.670776099354331 ], [ -62.55086749022189, -31.670777070806437 ], [ -62.550856917696095, -31.670778720194225 ], [ -62.550838631254088, -31.670781573004525 ], [ -62.550824821856978, -31.670783727363272 ], [ -62.55080248892483, -31.670787211447369 ], [ -62.55080047548239, -31.670787525557408 ], [ -62.550788572186612, -31.670789382547827 ], [ -62.550788235244738, -31.670859384672315 ], [ -62.550788106885619, -31.670886052148081 ], [ -62.550778444148968, -31.670921019784224 ], [ -62.550765688854547, -31.67094097582217 ], [ -62.550743463355381, -31.670955898278809 ], [ -62.550726584655756, -31.67095583884899 ], [ -62.550704314090616, -31.670980120251222 ], [ -62.55069149869545, -31.671012554884637 ], [ -62.550681730772169, -31.671069360067854 ], [ -62.550681522277138, -31.671112665679811 ], [ -62.550671754336541, -31.671169470861216 ], [ -62.550658938903247, -31.671201905490054 ], [ -62.550636668261127, -31.671226186878847 ], [ -62.550619789512872, -31.671226127434434 ], [ -62.550597401553588, -31.671274768221938 ], [ -62.550584429673137, -31.671339682049751 ], [ -62.550574387929501, -31.671453325832832 ], [ -62.550573970833135, -31.67153993704995 ], [ -62.550582917730736, -31.671653647712244 ], [ -62.550595264040048, -31.671718650711057 ], [ -62.550617182917541, -31.67176744754477 ], [ -62.550634061763688, -31.671767506990435 ], [ -62.550655824287958, -31.671848783022469 ], [ -62.550667962164042, -31.671957091619106 ], [ -62.550676544325029, -31.672146587077592 ], [ -62.550675849302628, -31.672290939091813 ], [ -62.550684431501729, -31.672480434540319 ], [ -62.550696569483883, -31.672588743124585 ], [ -62.550718332245147, -31.672670019137822 ], [ -62.550735211254775, -31.67267007857161 ], [ -62.550757286777696, -31.672686396175674 ], [ -62.550769841803643, -31.672708093548163 ], [ -62.55077915384534, -31.672746019377396 ], [ -62.550779014869747, -31.672774889778196 ], [ -62.550788326921506, -31.672812815606456 ], [ -62.550800881971348, -31.672834512975673 ], [ -62.550822957544419, -31.672850830568439 ], [ -62.550839836586995, -31.672850889988688 ], [ -62.550861716771415, -31.672907806575534 ], [ -62.550874011324822, -31.672983635938039 ], [ -62.55088286752148, -31.673116292758056 ], [ -62.550882381211323, -31.67321733915584 ], [ -62.550891237437845, -31.673349995970742 ], [ -62.550903532068972, -31.673425825325907 ], [ -62.550925412422735, -31.673482741898347 ], [ -62.550942291579844, -31.67348280130609 ], [ -62.55096436732989, -31.673499118874364 ], [ -62.55097692251119, -31.67352081622521 ], [ -62.550986234714145, -31.673558742036032 ], [ -62.550986095798216, -31.673587612433966 ], [ -62.550985731142966, -31.673663397227916 ], [ -62.55100261033288, -31.673663456627995 ], [ -62.551030039016617, -31.673663553148351 ], [ -62.551046918206687, -31.673663612542569 ], [ -62.551068994017626, -31.673679930092849 ], [ -62.551081549247165, -31.673701627433225 ], [ -62.551090861509863, -31.673739553235901 ], [ -62.551090722625318, -31.673768423633437 ], [ -62.551100034898063, -31.673806349435147 ], [ -62.551112590151511, -31.673828046772243 ], [ -62.551134666012608, -31.673844364311222 ], [ -62.551151545235619, -31.673844423691889 ], [ -62.55117354299896, -31.673876980822694 ], [ -62.551185994136951, -31.67392033095048 ], [ -62.551195124217742, -31.673996149140809 ], [ -62.551194846510207, -31.674053889934235 ], [ -62.55118498742582, -31.674129641326395 ], [ -62.55117211967756, -31.674172902388129 ], [ -62.55114980939215, -31.674205303648662 ], [ -62.551132930103869, -31.67420524426716 ], [ -62.55111073697784, -31.674213286124278 ], [ -62.551098025428821, -31.67422406798277 ], [ -62.551088439682161, -31.674242980774029 ], [ -62.551088370238183, -31.674257415971663 ], [ -62.551087710517862, -31.674394550347568 ], [ -62.55108736329484, -31.674466726333701 ], [ -62.551087181002252, -31.674504618726093 ], [ -62.551096311053804, -31.674580436916361 ], [ -62.551108762245534, -31.674623787047434 ], [ -62.551130760174139, -31.674656344183198 ], [ -62.551147639544013, -31.674656403565759 ], [ -62.551169754661245, -31.674664601300208 ], [ -62.551182362116897, -31.674675472231122 ], [ -62.551191765638684, -31.674694451826131 ], [ -62.551191696209457, -31.674708887022941 ], [ -62.551201099736424, -31.674727866617218 ], [ -62.551213707204226, -31.674738737545042 ], [ -62.55123582234684, -31.674746935268161 ], [ -62.55125270173334, -31.674746994636962 ], [ -62.551274816881417, -31.67475519235337 ], [ -62.55128742436154, -31.674766063273978 ], [ -62.551296827913689, -31.674785042861267 ], [ -62.551296758500477, -31.674799478058077 ], [ -62.551306162057813, -31.674818457644626 ], [ -62.551318769550086, -31.674829328562137 ], [ -62.55134088472353, -31.674837526267222 ], [ -62.551357764126656, -31.674837585622271 ], [ -62.551379879305571, -31.674845783320638 ], [ -62.551392486810172, -31.674856654230929 ], [ -62.551401890392675, -31.674875633810494 ], [ -62.55140182099548, -31.674890069007297 ], [ -62.551401708224908, -31.674913526202076 ], [ -62.551401638827571, -31.674927961398815 ], [ -62.551445947304209, -31.674928117180364 ], [ -62.551462826723963, -31.674928176521664 ], [ -62.551484941933701, -31.674936374201994 ], [ -62.551497549462788, -31.674947245101986 ], [ -62.551506953075652, -31.674966224673806 ], [ -62.551506883694465, -31.67498065987062 ], [ -62.551525781993504, -31.674999672816309 ], [ -62.551551049112014, -31.675010588209389 ], [ -62.551595318609493, -31.675018863737673 ], [ -62.55162907748258, -31.675018982378838 ], [ -62.551673346991294, -31.675027257880142 ], [ -62.551698614134864, -31.675038173244197 ], [ -62.551717512484835, -31.675057186161776 ], [ -62.551717443135971, -31.6750716213588 ], [ -62.551726846805984, -31.675090600914583 ], [ -62.551739454384162, -31.67510147179085 ], [ -62.551761569659689, -31.675109669423609 ], [ -62.551778449113023, -31.675109728723459 ], [ -62.551800564394014, -31.675117926349497 ], [ -62.55181317198452, -31.675128797218548 ], [ -62.551822575679715, -31.675147776767346 ], [ -62.551822506346852, -31.675162211964377 ], [ -62.551822368559783, -31.675190899390124 ], [ -62.551840901310761, -31.675188944201665 ], [ -62.551844517649897, -31.67519206237839 ], [ -62.551866632956262, -31.675200259993105 ], [ -62.551883512426215, -31.675200319279195 ], [ -62.551905696568134, -31.675194183736494 ], [ -62.551918395952036, -31.67518594372757 ], [ -62.55192796026985, -31.675171479250196 ], [ -62.551928013311603, -31.675160433290397 ], [ -62.551928152546061, -31.675131437645803 ], [ -62.551889381228513, -31.674970832451287 ], [ -62.551874611237011, -31.674909649516202 ], [ -62.551864218603107, -31.674866599216802 ], [ -62.551861013983618, -31.67485332443842 ] ] ] } }
]
}
