{
"type": "FeatureCollection",
"name": "La Petronila_13_zonas",
"crs": { "type": "name", "properties": { "name": "urn:ogc:def:crs:OGC:1.3:CRS84" } },
"features": [
{ "type": "Feature", "properties": { "zona": "6", "zona_id": "6" }, "geometry": { "type": "Polygon", "coordinates": [ [ [ -62.544712521278555, -31.664780103341307 ], [ -62.544699350574348, -31.664730738364693 ], [ -62.544677357198488, -31.664698180112563 ], [ -62.54466047964457, -31.664698119890911 ], [ -62.54463836746384, -31.664689921043013 ], [ -62.544625762112652, -31.664679049468312 ], [ -62.544616360915299, -31.664660069381664 ], [ -62.544616431334077, -31.664645634175198 ], [ -62.544607030141911, -31.664626654087812 ], [ -62.54459442480286, -31.66461578251003 ], [ -62.544572312647482, -31.66460758365081 ], [ -62.544555435110198, -31.664607523415423 ], [ -62.544533322960291, -31.664599324549489 ], [ -62.544520717633567, -31.664588452964484 ], [ -62.544511316466554, -31.66456947287012 ], [ -62.544511386901327, -31.664555037663664 ], [ -62.544520972954288, -31.664536125341016 ], [ -62.544533683920932, -31.664525344116157 ], [ -62.544555875284694, -31.664517303374531 ], [ -62.544572752805678, -31.664517363609701 ], [ -62.54459494416426, -31.664509322861193 ], [ -62.544607655118774, -31.664498541628816 ], [ -62.544617241146362, -31.664479629298548 ], [ -62.544617311564508, -31.664465194091662 ], [ -62.544626897586653, -31.664446281760512 ], [ -62.544639608528833, -31.664435500524725 ], [ -62.544661799862247, -31.664427459764262 ], [ -62.544678677367237, -31.664427519985274 ], [ -62.544700749886843, -31.664443838629971 ], [ -62.544713302413015, -31.664465536602766 ], [ -62.544722611208577, -31.664503462892093 ], [ -62.544722470404594, -31.664532333306052 ], [ -62.544731779210203, -31.664570259594413 ], [ -62.544744331760256, -31.664591957563925 ], [ -62.544766404329977, -31.664608276197345 ], [ -62.544783281867915, -31.664608336404836 ], [ -62.544805473230568, -31.664600295619859 ], [ -62.54481818417355, -31.664589514366547 ], [ -62.544827770168283, -31.664570602020415 ], [ -62.54482784055412, -31.66455616681332 ], [ -62.544837426543381, -31.66453725446631 ], [ -62.54485013747405, -31.664526473209591 ], [ -62.544872328811536, -31.664518432412667 ], [ -62.544889206333458, -31.664518492605993 ], [ -62.544911397665764, -31.664510451802201 ], [ -62.544924108584283, -31.664499670537953 ], [ -62.544933694548192, -31.664480758183309 ], [ -62.544933764917403, -31.664466322975802 ], [ -62.544924363678, -31.664447342910826 ], [ -62.54491175832554, -31.664436471363967 ], [ -62.544889646183861, -31.664428272559643 ], [ -62.544872768678239, -31.664428212366527 ], [ -62.544850656542025, -31.664420013555493 ], [ -62.544838051201879, -31.664409142001404 ], [ -62.544828649987643, -31.664390161929433 ], [ -62.544828720372848, -31.66437572672195 ], [ -62.544819319163786, -31.664356746649233 ], [ -62.544806713835776, -31.664345875092085 ], [ -62.544784601724928, -31.664337676269728 ], [ -62.544767724235939, -31.664337616062877 ], [ -62.544745612130534, -31.664329417233809 ], [ -62.544733006814852, -31.664318545669431 ], [ -62.544723605630956, -31.664299565589747 ], [ -62.544723676032163, -31.664285130382254 ], [ -62.544714274853447, -31.664266150301831 ], [ -62.544701669549902, -31.66425527873438 ], [ -62.54467955746987, -31.664247079893997 ], [ -62.544662679997501, -31.664247019673411 ], [ -62.544640607530731, -31.664230701022099 ], [ -62.544628055052435, -31.66420900304183 ], [ -62.544618746323195, -31.664171076744502 ], [ -62.544618887157263, -31.664142206329313 ], [ -62.544628565565311, -31.664104347786658 ], [ -62.544641329270263, -31.664082740143858 ], [ -62.54466356012486, -31.664066579577415 ], [ -62.544680437564601, -31.664066639797586 ], [ -62.544702628806498, -31.664058599028689 ], [ -62.544715339686668, -31.664047817784123 ], [ -62.544724925645092, -31.664028905443786 ], [ -62.544724996045346, -31.664014470235674 ], [ -62.544734581998306, -31.663995557894459 ], [ -62.544747292866155, -31.663984776646487 ], [ -62.544769484082885, -31.663976735865635 ], [ -62.544786361506638, -31.663976796071648 ], [ -62.54480843393975, -31.663993114698044 ], [ -62.544820986431823, -31.664014812661442 ], [ -62.544830295228657, -31.664052738945568 ], [ -62.544830154460449, -31.664081609362 ], [ -62.544858450398287, -31.664119603366622 ], [ -62.544896319099315, -31.664141391613391 ], [ -62.54496269491468, -31.664157868206026 ], [ -62.545013327285723, -31.664158048741626 ], [ -62.545079821842862, -31.664150165859329 ], [ -62.545117848873453, -31.66413947482155 ], [ -62.545146421892291, -31.664120630129187 ], [ -62.545146492227609, -31.664106194920432 ], [ -62.545156078105258, -31.664087282547111 ], [ -62.545168788937588, -31.664076501256964 ], [ -62.545190980140866, -31.664068460402795 ], [ -62.545207857582191, -31.664068520553212 ], [ -62.54523004878029, -31.664060479692179 ], [ -62.54524275960047, -31.6640496983945 ], [ -62.545252345452745, -31.664030786013548 ], [ -62.545252415771451, -31.664016350804371 ], [ -62.545262001618276, -31.663997438422548 ], [ -62.545274712426135, -31.663986657121477 ], [ -62.545296903599073, -31.663978616248475 ], [ -62.545313781024404, -31.663978676384755 ], [ -62.545335972192163, -31.663970635504882 ], [ -62.545348682987893, -31.663959854196275 ], [ -62.545358268809345, -31.663940941806803 ], [ -62.545358339111424, -31.663926506597221 ], [ -62.545363781000368, -31.663907579443567 ], [ -62.545370966548802, -31.66389677844791 ], [ -62.545383488530987, -31.663888703111745 ], [ -62.545392998960281, -31.663888736992288 ], [ -62.545417963837288, -31.663888825925365 ], [ -62.54539340519888, -31.663854230748541 ], [ -62.545121317330121, -31.663470944938346 ], [ -62.545008309831502, -31.663311751999384 ], [ -62.544711666970883, -31.662893870056902 ], [ -62.544675257618877, -31.662893740153951 ], [ -62.544661387389432, -31.662893690664387 ], [ -62.544655344842759, -31.662896358448624 ], [ -62.54464314310799, -31.662901745512936 ], [ -62.544632687626553, -31.662912534801105 ], [ -62.544624793204335, -31.662931453174441 ], [ -62.544624722791568, -31.662945888384797 ], [ -62.544615136926986, -31.662964800721674 ], [ -62.544602426184447, -31.662975581959358 ], [ -62.54458023519279, -31.662983622714545 ], [ -62.54456335794908, -31.662983562482957 ], [ -62.544562229593389, -31.662983971334668 ], [ -62.544541166952243, -31.662991603231287 ], [ -62.544528456197575, -31.663002384461464 ], [ -62.544518870307627, -31.663021296790681 ], [ -62.544518799878226, -31.663035732000619 ], [ -62.544509213982813, -31.663054644328984 ], [ -62.544496503215818, -31.663065425555747 ], [ -62.544474312193827, -31.663073466292101 ], [ -62.544457434934117, -31.663073406046358 ], [ -62.544456306576897, -31.663073814897107 ], [ -62.544435243906939, -31.663081446775866 ], [ -62.544422533127801, -31.663092227995083 ], [ -62.544412947207036, -31.663111140315806 ], [ -62.544412876761008, -31.663125575525338 ], [ -62.544403290834786, -31.663144487845191 ], [ -62.544390580043327, -31.663155269061011 ], [ -62.544368388990996, -31.663163309778554 ], [ -62.544351511715291, -31.663163249518654 ], [ -62.544329399924223, -31.663155050618919 ], [ -62.544316794814364, -31.663144179013383 ], [ -62.544307393830664, -31.663125198901469 ], [ -62.544307464293006, -31.663110763692149 ], [ -62.5442980633145, -31.663091783579489 ], [ -62.544285458216777, -31.663080911970876 ], [ -62.544263346451068, -31.663072713059833 ], [ -62.544246469191975, -31.663072652786191 ], [ -62.544245340833868, -31.663073061635064 ], [ -62.54422427814729, -31.663080693478836 ], [ -62.544211567344163, -31.663091474676833 ], [ -62.544201981380944, -31.663110386981298 ], [ -62.544201910902295, -31.663124822190408 ], [ -62.544182831468248, -31.66314370058501 ], [ -62.544157462696489, -31.663154436564245 ], [ -62.544113120201359, -31.663162398109016 ], [ -62.544079365651527, -31.663162277519451 ], [ -62.544035102464001, -31.663153999427227 ], [ -62.544009839435489, -31.663143082563938 ], [ -62.543990945051483, -31.663124068506733 ], [ -62.543991015562753, -31.663109633298042 ], [ -62.543972121189306, -31.663090619238051 ], [ -62.543946858185379, -31.663079702362428 ], [ -62.543902595049246, -31.663071424224601 ], [ -62.543868840533307, -31.663071303579667 ], [ -62.543824696439259, -31.663038666000549 ], [ -62.543799592183227, -31.662995269876738 ], [ -62.543780975636182, -31.662919417154612 ], [ -62.543781257808526, -31.662861676319519 ], [ -62.543762641301655, -31.662785823593527 ], [ -62.543737537141105, -31.662742427456713 ], [ -62.543693393247587, -31.66270978983238 ], [ -62.543659638863382, -31.662709669133335 ], [ -62.543615296539777, -31.66271763050727 ], [ -62.543589927820619, -31.662728366374889 ], [ -62.54357084834605, -31.662747244678741 ], [ -62.543570777770832, -31.662761679887403 ], [ -62.543561191713138, -31.662780592143811 ], [ -62.543548480875593, -31.66279137327593 ], [ -62.543526289839519, -31.662799413847612 ], [ -62.543509412631586, -31.662799353476956 ], [ -62.543508284273642, -31.662799762319331 ], [ -62.54348722159034, -31.662807394041788 ], [ -62.543474510740658, -31.662818175166379 ], [ -62.543464924657613, -31.662837087415145 ], [ -62.543464854065761, -31.662851522623381 ], [ -62.543445774540643, -31.662870400907703 ], [ -62.543420405760692, -31.662881136740786 ], [ -62.543376063336119, -31.662889098030416 ], [ -62.543342308888576, -31.662888977246833 ], [ -62.543297926731448, -31.66290505831358 ], [ -62.543272504959035, -31.662926620522722 ], [ -62.543253332684728, -31.662964444987487 ], [ -62.543253191434829, -31.662993315402492 ], [ -62.543234019138687, -31.663031139863758 ], [ -62.543208597316962, -31.663052702059275 ], [ -62.543164215059193, -31.663068783078163 ], [ -62.54313046054768, -31.663068662237929 ], [ -62.543086237234, -31.663052264013711 ], [ -62.54306102733738, -31.663030520558472 ], [ -62.543042225909119, -31.662992560153256 ], [ -62.543042367224245, -31.662963689739097 ], [ -62.543023565816704, -31.662925729330929 ], [ -62.542998355968635, -31.662903985863341 ], [ -62.542954132756392, -31.66288758759389 ], [ -62.542920378311393, -31.662887466698702 ], [ -62.542876035843413, -31.662895427814139 ], [ -62.542850666992557, -31.662906163533222 ], [ -62.542831587333126, -31.662925041724282 ], [ -62.542831516643098, -31.662939476931047 ], [ -62.542774463194284, -31.662958219068891 ], [ -62.542698462604726, -31.662968773339518 ], [ -62.542565514581511, -31.6629764167992 ], [ -62.542464251156254, -31.662976053777591 ], [ -62.542331382720057, -31.662967457386618 ], [ -62.542255488245104, -31.662956358584513 ], [ -62.542198620492051, -31.662937208049318 ], [ -62.542198691279928, -31.662922772843825 ], [ -62.542208277627289, -31.662903860692929 ], [ -62.542220988633368, -31.662893079696122 ], [ -62.542243179801289, -31.662885039352823 ], [ -62.542260057021728, -31.662885099891088 ], [ -62.542282248184478, -31.662877059540918 ], [ -62.542294959178413, -31.662866278536566 ], [ -62.542304545500407, -31.662847366378042 ], [ -62.542304616271672, -31.662832931172129 ], [ -62.542285722300221, -31.662813916865414 ], [ -62.542260459572269, -31.66280299965803 ], [ -62.542216196724141, -31.662794720937566 ], [ -62.542182442316182, -31.662794599847512 ], [ -62.542138099832826, -31.662802560706467 ], [ -62.542112730924373, -31.662813296278451 ], [ -62.542093651136369, -31.662832174358215 ], [ -62.542093580332505, -31.662846609563694 ], [ -62.542083993968042, -31.662865521705967 ], [ -62.542071282950118, -31.662876302689071 ], [ -62.542049091769854, -31.662884343002386 ], [ -62.542032214550048, -31.66288428243622 ], [ -62.542029130893958, -31.662887644270469 ], [ -62.542009943695518, -31.662908562348505 ], [ -62.541997126434651, -31.662940996131635 ], [ -62.541987354136559, -31.662997800679115 ], [ -62.541987141674106, -31.663041106293704 ], [ -62.542015343189895, -31.663098047127235 ], [ -62.542053157696927, -31.663130662614563 ], [ -62.542119492449608, -31.663155260479854 ], [ -62.542170124256764, -31.663155442138393 ], [ -62.542236498873848, -31.663171920140421 ], [ -62.54227436657127, -31.663193709159074 ], [ -62.542302661197098, -31.663231703723319 ], [ -62.542302519651741, -31.663260574133279 ], [ -62.542311827351753, -31.663298500595207 ], [ -62.542324379169045, -31.663320198800164 ], [ -62.542346451012506, -31.663336517848556 ], [ -62.542363328314799, -31.663336578373933 ], [ -62.542385519576719, -31.66332853800732 ], [ -62.542398230621011, -31.663317756993912 ], [ -62.542407816969735, -31.663298844829193 ], [ -62.542407887726263, -31.663284409624101 ], [ -62.542417474069531, -31.663265497458514 ], [ -62.542430185101509, -31.663254716441717 ], [ -62.542452376338261, -31.663246676063132 ], [ -62.54246925362456, -31.663246736574347 ], [ -62.542491325476469, -31.66326305559793 ], [ -62.54250387733105, -31.663284753785714 ], [ -62.542513185115347, -31.663322680233609 ], [ -62.542513043634578, -31.66335155064402 ], [ -62.542522351428914, -31.663389477090945 ], [ -62.542534903307363, -31.663411175275463 ], [ -62.542556975209393, -31.663427494287763 ], [ -62.542573852528648, -31.663427554785446 ], [ -62.542595964225832, -31.663435753988182 ], [ -62.542608569172025, -31.663446625761676 ], [ -62.542617969840222, -31.66346560599483 ], [ -62.542617899115676, -31.663480041199936 ], [ -62.542627299789054, -31.663499021432354 ], [ -62.542639904747382, -31.663509893202757 ], [ -62.542662016469926, -31.663518092394185 ], [ -62.542678893805807, -31.663518152878133 ], [ -62.542701005533807, -31.663526352062838 ], [ -62.542713610504464, -31.663537223826033 ], [ -62.542723011203002, -31.663556204051467 ], [ -62.54272294049445, -31.663570639256577 ], [ -62.542732341198167, -31.663589619481286 ], [ -62.54274494618096, -31.663600491241386 ], [ -62.542767057934327, -31.66360869041478 ], [ -62.542783935286828, -31.663608750884986 ], [ -62.542806007279225, -31.663625069854572 ], [ -62.542818559254933, -31.663646768011304 ], [ -62.542827867201567, -31.663684694435659 ], [ -62.54282772581611, -31.6637135648457 ], [ -62.542818046722054, -31.663751423247568 ], [ -62.54280528264372, -31.66377303070557 ], [ -62.542783051542173, -31.663789190946634 ], [ -62.542766174157045, -31.663789130475987 ], [ -62.542744062361237, -31.663780931302281 ], [ -62.542731457354449, -31.663770059542163 ], [ -62.542722056633217, -31.663751079317759 ], [ -62.542722127342401, -31.663736644113051 ], [ -62.542712726626355, -31.663717663887915 ], [ -62.542700121631704, -31.663706792124707 ], [ -62.542678009861255, -31.663698592939692 ], [ -62.542661132492753, -31.66369853245531 ], [ -62.542657195316728, -31.663704250071135 ], [ -62.542638821822237, -31.663730932276554 ], [ -62.542625951619357, -31.663774192523011 ], [ -62.54261608678182, -31.663849943319661 ], [ -62.542615803877908, -31.663907684136401 ], [ -62.542596445467979, -31.663983400902641 ], [ -62.542570917138498, -31.66402661576976 ], [ -62.542526454725724, -31.66405893616307 ], [ -62.542492699859224, -31.664058815150771 ], [ -62.542448436395432, -31.664050536506657 ], [ -62.542423173315257, -31.664039619330239 ], [ -62.542404279078383, -31.664020605042108 ], [ -62.542404349837462, -31.664006169838654 ], [ -62.542385455611132, -31.663987155547741 ], [ -62.542360192555549, -31.663976238358991 ], [ -62.542315929143172, -31.663967959669293 ], [ -62.542282174310536, -31.663967838601618 ], [ -62.542237831276637, -31.663975799488551 ], [ -62.542212462058821, -31.663986535075491 ], [ -62.54219338204792, -31.664005413164617 ], [ -62.542193311256227, -31.664019848367648 ], [ -62.542183724788323, -31.664038760512984 ], [ -62.542171013620269, -31.664049541502635 ], [ -62.542148822168166, -31.664057581829258 ], [ -62.542131944736013, -31.664057521274287 ], [ -62.542128861044183, -31.66406088310999 ], [ -62.542109673623351, -31.664081801197106 ], [ -62.542096856230636, -31.664114234983117 ], [ -62.542087083861048, -31.664171039527215 ], [ -62.542086871435131, -31.664214345134429 ], [ -62.542077099048207, -31.664271149676726 ], [ -62.542064281617378, -31.664303583458157 ], [ -62.542042010427714, -31.664327863367514 ], [ -62.542025132946954, -31.66432780279796 ], [ -62.542003021090906, -31.664319603495933 ], [ -62.541990416099445, -31.664308731663649 ], [ -62.541981015476772, -31.66428975138718 ], [ -62.541981086302037, -31.664275316185179 ], [ -62.541971685684537, -31.664256335907965 ], [ -62.541959080705212, -31.664245464072611 ], [ -62.541936968874523, -31.664237264759276 ], [ -62.54192009141039, -31.66423720417599 ], [ -62.5418980194315, -31.664220885054831 ], [ -62.541885467595471, -31.664199186810787 ], [ -62.541876159984014, -31.66416126032389 ], [ -62.541876301666214, -31.664132389919725 ], [ -62.541866994064797, -31.664094463431848 ], [ -62.541854442252635, -31.66407276518456 ], [ -62.541832370323874, -31.664056446052125 ], [ -62.541815492892688, -31.664056385455293 ], [ -62.541793381119497, -31.664048186117387 ], [ -62.541780776188972, -31.664037314264519 ], [ -62.541771375635733, -31.664018333972457 ], [ -62.54177144649266, -31.664003898770261 ], [ -62.541762045944601, -31.663984918477468 ], [ -62.541749441026205, -31.663974046621515 ], [ -62.541727329278373, -31.663965847272301 ], [ -62.541710451863814, -31.663965786661741 ], [ -62.541688340121439, -31.663957587305802 ], [ -62.541675735215378, -31.663946715442631 ], [ -62.541666334692479, -31.663927735142845 ], [ -62.541666405565401, -31.663913299940667 ], [ -62.541657005047682, -31.663894319640146 ], [ -62.541644400153757, -31.663883447773902 ], [ -62.541622288436749, -31.663875248406658 ], [ -62.541605411038823, -31.663875187782359 ], [ -62.541604282659698, -31.663875596607632 ], [ -62.541583219580914, -31.663883228010764 ], [ -62.541570508365702, -31.663894008940407 ], [ -62.541560921785482, -31.663912921038264 ], [ -62.541560850896253, -31.663927356240226 ], [ -62.541551264310563, -31.663946268337202 ], [ -62.541538553083015, -31.663957049263441 ], [ -62.54151636159996, -31.663965089479873 ], [ -62.541499484186033, -31.663965028841421 ], [ -62.541477412345358, -31.663948709648132 ], [ -62.541464860643394, -31.663927011363068 ], [ -62.541455553228928, -31.66388908484576 ], [ -62.541455695039701, -31.663860214442053 ], [ -62.541446387635276, -31.663822287923772 ], [ -62.541433835957193, -31.663800589635461 ], [ -62.541411764166639, -31.663784270430881 ], [ -62.541394886785646, -31.663784209778893 ], [ -62.541372775114517, -31.663776010368725 ], [ -62.541360170269847, -31.663765138474652 ], [ -62.541350769829229, -31.663746158151866 ], [ -62.541350840750439, -31.663731722949912 ], [ -62.541312959756702, -31.663712640259384 ], [ -62.541262380854533, -31.663701631856519 ], [ -62.541173814593691, -31.663693193504781 ], [ -62.541106305138143, -31.6636929507582 ], [ -62.541017659056877, -31.663700751899878 ], [ -62.540966973726796, -31.66371139618224 ], [ -62.540928906482009, -31.663730205781537 ], [ -62.540928835495556, -31.663744640982635 ], [ -62.540938235849843, -31.663763621335686 ], [ -62.540950840644626, -31.663774493270957 ], [ -62.540972952277386, -31.663782692753902 ], [ -62.540989829657114, -31.663782753461682 ], [ -62.54101182152705, -31.6638153123398 ], [ -62.541024266650446, -31.663858663470204 ], [ -62.541033387588122, -31.663934482419833 ], [ -62.541033103704365, -31.663992223223005 ], [ -62.54104222466087, -31.664068042170612 ], [ -62.541054669830586, -31.664111393296807 ], [ -62.541076661799231, -31.664143952163016 ], [ -62.541093539244507, -31.664144012857701 ], [ -62.54111565097724, -31.664152212316395 ], [ -62.541128255844797, -31.664163084234179 ], [ -62.541137656280853, -31.664182064572078 ], [ -62.541137585325423, -31.664196499772576 ], [ -62.541156479336991, -31.664215514245626 ], [ -62.541181742313107, -31.664226431671551 ], [ -62.541226005742061, -31.664234710754549 ], [ -62.541259760666186, -31.664234832102501 ], [ -62.541304024106381, -31.664243111158534 ], [ -62.541329287107558, -31.66425402855543 ], [ -62.541348181170029, -31.664273043000396 ], [ -62.541348110246908, -31.664287478201103 ], [ -62.54135751074007, -31.664306458522997 ], [ -62.541370115656711, -31.664317330417095 ], [ -62.541392227455205, -31.664325529828254 ], [ -62.541409104934061, -31.664325590481521 ], [ -62.541431216738019, -31.664333789885976 ], [ -62.541443821666974, -31.664344661772844 ], [ -62.541453222185304, -31.664363642087761 ], [ -62.541453151278169, -31.664378077288468 ], [ -62.541472045390904, -31.664397091715216 ], [ -62.541497308453593, -31.664408009079175 ], [ -62.541541571997854, -31.664416288053566 ], [ -62.541575326989118, -31.664416409318655 ], [ -62.541619510802853, -31.664440927867112 ], [ -62.541644667578304, -31.664473498003428 ], [ -62.541663375702591, -31.66453040480426 ], [ -62.541663163077139, -31.664573710406462 ], [ -62.541653390392334, -31.664630514910311 ], [ -62.541640572763882, -31.664662948645496 ], [ -62.54161830137803, -31.664687228477671 ], [ -62.541601423833299, -31.664687167851461 ], [ -62.54160029544429, -31.664687576676563 ], [ -62.541579232181114, -31.664695208076321 ], [ -62.541566520853664, -31.664705989003142 ], [ -62.541556934187113, -31.6647249010975 ], [ -62.541556863295028, -31.664739336297604 ], [ -62.541537782996969, -31.664758214283772 ], [ -62.541512413486636, -31.664768949727438 ], [ -62.541468070009117, -31.664776910341644 ], [ -62.541434314887994, -31.664776789046954 ], [ -62.541389971400427, -31.664784749633942 ], [ -62.541364601866235, -31.664795485047936 ], [ -62.541345521518046, -31.664814363004705 ], [ -62.541345450593013, -31.664828798204187 ], [ -62.541373838408553, -31.664847846766499 ], [ -62.541411759762262, -31.664858809640339 ], [ -62.541478175331491, -31.664867168242854 ], [ -62.541528808062587, -31.664867350164617 ], [ -62.541595223649161, -31.664875708706361 ], [ -62.541633145040997, -31.664886671514711 ], [ -62.541661532933531, -31.664905720013582 ], [ -62.541661462057107, -31.66492015521349 ], [ -62.541670862676341, -31.664939135511624 ], [ -62.54168346771435, -31.664950007374838 ], [ -62.541705579690223, -31.664958206732589 ], [ -62.541722457284202, -31.664958267345483 ], [ -62.541744569265539, -31.664966466696505 ], [ -62.541757174315862, -31.664977338552522 ], [ -62.541766574960256, -31.664996318843674 ], [ -62.541766504099826, -31.665010754043585 ], [ -62.5417759047494, -31.665029734334006 ], [ -62.541788509811859, -31.665040606186924 ], [ -62.541810621818563, -31.665048805526638 ], [ -62.541827499429168, -31.665048866125801 ], [ -62.541849611441329, -31.665057065458797 ], [ -62.541862216516122, -31.66506793730451 ], [ -62.541871617190857, -31.665086917587946 ], [ -62.541871546346421, -31.665101352787875 ], [ -62.541880947026335, -31.665120333070568 ], [ -62.541893552113272, -31.665131204913195 ], [ -62.541915664150785, -31.665139404234885 ], [ -62.541932541778024, -31.6651394648203 ], [ -62.541954813192284, -31.665115184935239 ], [ -62.541967630776107, -31.665082751170349 ], [ -62.541977403320907, -31.665025946645081 ], [ -62.541977615804328, -31.664982641044027 ], [ -62.541987388331783, -31.664925836516968 ], [ -62.542000205877478, -31.664893402747467 ], [ -62.542022477214744, -31.664869122848948 ], [ -62.542039354793367, -31.664869183419782 ], [ -62.542061387115943, -31.664893622316963 ], [ -62.542073885974872, -31.664926146943156 ], [ -62.542083100799154, -31.664983019613409 ], [ -62.542082888364661, -31.665026325215091 ], [ -62.542092103203522, -31.665083197883941 ], [ -62.54210460209773, -31.665115722506524 ], [ -62.542126634494885, -31.665140161392198 ], [ -62.542143512122756, -31.665140221949724 ], [ -62.542165624184911, -31.665148421228327 ], [ -62.542178229309116, -31.665159293043118 ], [ -62.54218763005737, -31.665178273303695 ], [ -62.542187559261549, -31.665192708504048 ], [ -62.542206453688017, -31.665211722822605 ], [ -62.542231717057724, -31.665222640042682 ], [ -62.542275981055759, -31.665230918765555 ], [ -62.542309736345082, -31.665231039839163 ], [ -62.542354000354365, -31.665239318535065 ], [ -62.542379263749133, -31.665250235726116 ], [ -62.542398158226511, -31.665269250016589 ], [ -62.542398087462999, -31.665283685217162 ], [ -62.542407488268367, -31.665302665461724 ], [ -62.542420093441635, -31.665313537252846 ], [ -62.542442205569579, -31.665321736483893 ], [ -62.542459083231023, -31.665321797 ], [ -62.542481195364417, -31.665329996224333 ], [ -62.542493800550027, -31.665340868008247 ], [ -62.542503201380548, -31.665359848245814 ], [ -62.54250313063303, -31.665374283446393 ], [ -62.542484050393057, -31.665393161572766 ], [ -62.542458680815606, -31.665403897202879 ], [ -62.542414337112184, -31.665411858143059 ], [ -62.542380581757001, -31.665411737096498 ], [ -62.542336317663676, -31.665403458409248 ], [ -62.542311054232805, -31.665392541209602 ], [ -62.542292159748698, -31.665373526906528 ], [ -62.542292230528851, -31.665359091706353 ], [ -62.542273336055288, -31.665340077400494 ], [ -62.542248072649009, -31.665329160188502 ], [ -62.542203808607098, -31.665320881455671 ], [ -62.542170053285801, -31.66532076035373 ], [ -62.542125789255124, -31.665312481593929 ], [ -62.542100525873899, -31.665301564352927 ], [ -62.542081631451268, -31.665282550018976 ], [ -62.542081702263715, -31.665268114819028 ], [ -62.542072301528293, -31.665249134551026 ], [ -62.542059696404557, -31.665238262725918 ], [ -62.542037584330757, -31.665230063428982 ], [ -62.542020706686898, -31.665230002857299 ], [ -62.542019578293093, -31.665230411686014 ], [ -62.541998514940239, -31.665238043153508 ], [ -62.541985803585945, -31.665248824120937 ], [ -62.541976216946743, -31.665267736245461 ], [ -62.541976146117996, -31.665282171445195 ], [ -62.541957065791536, -31.665301049492193 ], [ -62.541931696180001, -31.665311785017366 ], [ -62.541887352477886, -31.6653197457745 ], [ -62.541853597158479, -31.665319624588861 ], [ -62.541809253446324, -31.66532758531876 ], [ -62.541783883810908, -31.665338320814271 ], [ -62.541764803434326, -31.665357198831881 ], [ -62.541764732572624, -31.665371634030979 ], [ -62.541755145875932, -31.665390546137992 ], [ -62.541742434472837, -31.66540132708046 ], [ -62.541720242661917, -31.665409367327442 ], [ -62.541703364986375, -31.665409306713492 ], [ -62.541702236589046, -31.665409715539351 ], [ -62.541681173170268, -31.665417346953618 ], [ -62.541668461755052, -31.665428127888553 ], [ -62.541658875032986, -31.665447039987924 ], [ -62.541658804154658, -31.665461475186603 ], [ -62.541677698526094, -31.665480489582151 ], [ -62.541702961904939, -31.665491406906543 ], [ -62.541747225980842, -31.665499685813252 ], [ -62.541780981364845, -31.665499807027643 ], [ -62.541825325161305, -31.665491846308594 ], [ -62.541850694834004, -31.665481110805452 ], [ -62.541869775219048, -31.665462232775443 ], [ -62.541869846064749, -31.665447797576324 ], [ -62.541879432744352, -31.665428885460706 ], [ -62.541892144135595, -31.665418104504518 ], [ -62.54191433593418, -31.665410064227537 ], [ -62.541931213610347, -31.665410124813601 ], [ -62.541953285873625, -31.665426443928695 ], [ -62.541965837886842, -31.665448142163619 ], [ -62.541975145656338, -31.665486068637907 ], [ -62.54197500399723, -31.665514939036328 ], [ -62.541965324361932, -31.665552797357812 ], [ -62.5419525598356, -31.665574404720214 ], [ -62.54193032815531, -31.665590564802709 ], [ -62.541913450446515, -31.665590504216222 ], [ -62.541891218755673, -31.665606664291765 ], [ -62.541878454204749, -31.665628271646352 ], [ -62.541868774518022, -31.665666129959344 ], [ -62.541868632825029, -31.665695000356536 ], [ -62.541858953127061, -31.665732858668282 ], [ -62.541846188551077, -31.665754466018974 ], [ -62.541823956809317, -31.665770626081905 ], [ -62.541807079068228, -31.665770565481047 ], [ -62.541784966891697, -31.66576236614004 ], [ -62.541772361733258, -31.665751494287047 ], [ -62.541762961013639, -31.665732513997849 ], [ -62.541763031876606, -31.66571807879955 ], [ -62.541744137440155, -31.665699064416735 ], [ -62.541718874000502, -31.665688147100258 ], [ -62.541674609838083, -31.665679868183151 ], [ -62.541640854389478, -31.66567974694 ], [ -62.54159647061379, -31.665695827392614 ], [ -62.541571047684371, -31.665717389242452 ], [ -62.541551874136111, -31.665755213423118 ], [ -62.541551732344601, -31.665784083818608 ], [ -62.54154205250871, -31.665821942104479 ], [ -62.541529287847339, -31.665843549422362 ], [ -62.541507056030021, -31.665859709429135 ], [ -62.54149017827357, -31.665859648786213 ], [ -62.5414679464457, -31.665875808786026 ], [ -62.541455181759723, -31.665897416096072 ], [ -62.541445501872424, -31.665935274373478 ], [ -62.541445360047028, -31.665964144767742 ], [ -62.541464161405735, -31.666002105390099 ], [ -62.541489371719877, -31.666023849154776 ], [ -62.541533596146891, -31.666040247935484 ], [ -62.541567351725355, -31.666040369208226 ], [ -62.541611616048328, -31.66604864816361 ], [ -62.541636879572174, -31.66605956550152 ], [ -62.541655774058597, -31.666078579899636 ], [ -62.541655703178044, -31.66609301509687 ], [ -62.541665103911107, -31.666111995393074 ], [ -62.541677709105052, -31.666122867256352 ], [ -62.541699821356914, -31.666131066616224 ], [ -62.541716699162933, -31.666131127231878 ], [ -62.541738771557078, -31.666147446383498 ], [ -62.541751323614932, -31.666169144637525 ], [ -62.541760631365186, -31.666207071123047 ], [ -62.541760489635749, -31.666235941517339 ], [ -62.541750809835086, -31.666273799816729 ], [ -62.541738045158603, -31.666295407153843 ], [ -62.541715813268318, -31.666311567195169 ], [ -62.541698935429665, -31.666311506579088 ], [ -62.541697807021357, -31.666311915404759 ], [ -62.541676743397687, -31.66631954681527 ], [ -62.541664031857735, -31.666330327747076 ], [ -62.541654445039754, -31.666349239842557 ], [ -62.541654374158256, -31.666363675039179 ], [ -62.54164478733481, -31.666382587133793 ], [ -62.541632075782537, -31.666393368062181 ], [ -62.541609883725378, -31.666401408286408 ], [ -62.541593005870752, -31.666401347656162 ], [ -62.541589068513588, -31.666407065234907 ], [ -62.541570694173743, -31.666433747267316 ], [ -62.541557823088347, -31.666477007379527 ], [ -62.541547957070989, -31.666552758050649 ], [ -62.541547673476536, -31.666610498834267 ], [ -62.541528313613327, -31.666686215392936 ], [ -62.541502784036702, -31.6667294300164 ], [ -62.541458319959354, -31.666761750008138 ], [ -62.541424564120526, -31.666761628704091 ], [ -62.541380179791709, -31.666777709073514 ], [ -62.541354756514984, -31.666799270873337 ], [ -62.541335582651563, -31.666837095012145 ], [ -62.541335440787186, -31.666865965401875 ], [ -62.541363736121902, -31.666903960159416 ], [ -62.541401605114949, -31.666925749436771 ], [ -62.541467982263541, -31.666942227852982 ], [ -62.541518616120122, -31.66694240978941 ], [ -62.541585033179771, -31.666950768347743 ], [ -62.541622955410233, -31.666961731163557 ], [ -62.541651343926254, -31.66698077966447 ], [ -62.541651273042518, -31.666995214859657 ], [ -62.54162269844074, -31.66701405874592 ], [ -62.541584669847978, -31.667024748722433 ], [ -62.541518172968324, -31.667032629757699 ], [ -62.541467539062815, -31.667032447820631 ], [ -62.541401002274611, -31.667048448591657 ], [ -62.541362920446844, -31.667069964897479 ], [ -62.541334252664967, -31.66710775491071 ], [ -62.54133411079868, -31.667136625299193 ], [ -62.541343418470369, -31.66717455180871 ], [ -62.541355970570848, -31.667196250098581 ], [ -62.541378043150566, -31.667212569311687 ], [ -62.541394921151387, -31.667212629971743 ], [ -62.541416993741848, -31.667228949178138 ], [ -62.541429545866656, -31.66725064746084 ], [ -62.541438853588005, -31.66728857396318 ], [ -62.541438711753067, -31.667317444351283 ], [ -62.541429031704361, -31.667355302617565 ], [ -62.541416266802649, -31.667376909916715 ], [ -62.541394034597353, -31.667393069896264 ], [ -62.541377156563925, -31.667393009235784 ], [ -62.541345510251368, -31.667392895491343 ], [ -62.541332851726388, -31.667392849991362 ], [ -62.54132019320145, -31.667392804490131 ], [ -62.54128854688922, -31.667392690731582 ], [ -62.541271668856098, -31.667392630057147 ], [ -62.54124947653002, -31.667400670214867 ], [ -62.541236764792416, -31.667411451100431 ], [ -62.541227177774388, -31.667430363158736 ], [ -62.541227106823818, -31.667444798352058 ], [ -62.541217519800334, -31.667463710409478 ], [ -62.541204808050402, -31.667474491291625 ], [ -62.541182615699164, -31.667482531437386 ], [ -62.541165737650047, -31.667482470748784 ], [ -62.541124597405549, -31.667482322810951 ], [ -62.541121432771369, -31.667482311430579 ], [ -62.5411056096005, -31.667482254527478 ], [ -62.541086621795507, -31.667482186241177 ], [ -62.541032823015072, -31.667481992748012 ], [ -62.540999066917799, -31.667481871328945 ], [ -62.540954881840754, -31.66745735256519 ], [ -62.540929724517071, -31.667424782302742 ], [ -62.540911016284255, -31.667367875418851 ], [ -62.540911229281839, -31.667324569840194 ], [ -62.540892521079627, -31.667267662952987 ], [ -62.540867363828134, -31.667235092677959 ], [ -62.540823178902258, -31.667210573869109 ], [ -62.54078942290414, -31.667210452395523 ], [ -62.540745078205624, -31.66721841274385 ], [ -62.540719707933839, -31.66722914801856 ], [ -62.540700626952599, -31.667248025865739 ], [ -62.540700555921099, -31.667262461058407 ], [ -62.540652993284681, -31.667281236377942 ], [ -62.540589647455405, -31.667291834917037 ], [ -62.540478845519978, -31.667299555890335 ], [ -62.540394455448698, -31.667299251961122 ], [ -62.540283653490505, -31.667306972764688 ], [ -62.540220307604187, -31.667317571119824 ], [ -62.540172744845258, -31.667336346258995 ], [ -62.540172673731867, -31.667350781450399 ], [ -62.540163086505665, -31.667369693426942 ], [ -62.540150374648256, -31.667380474203156 ], [ -62.540128182231022, -31.667388514165008 ], [ -62.54011130420141, -31.66738845333709 ], [ -62.540110175773243, -31.667388862148453 ], [ -62.540089111779004, -31.667396493292063 ], [ -62.540076399909459, -31.667407274060761 ], [ -62.540066812657891, -31.667426186029672 ], [ -62.540066741527873, -31.667440621220649 ], [ -62.540058331876764, -31.667459537433302 ], [ -62.54004719013642, -31.667470323858364 ], [ -62.540027745436745, -31.667478373706686 ], [ -62.540012960913153, -31.667478320412112 ], [ -62.539974151538914, -31.667478180505686 ], [ -62.540014897605985, -31.667631270943311 ], [ -62.540030419951592, -31.667689591105972 ], [ -62.540071166198963, -31.667842681522298 ], [ -62.540080096286474, -31.66787923540037 ], [ -62.540083498226373, -31.667893160687026 ], [ -62.540092428323298, -31.667929714564018 ], [ -62.540124932938845, -31.667929831713604 ], [ -62.540137315649581, -31.667929876339841 ], [ -62.540138505314097, -31.667929287709395 ], [ -62.540153607961308, -31.667921815115555 ], [ -62.540161356919164, -31.667912861088993 ], [ -62.540162948330959, -31.667911022190683 ], [ -62.540170006943278, -31.667892101103963 ], [ -62.540170078058573, -31.667877665913792 ], [ -62.540179665336886, -31.667858753938706 ], [ -62.540192377256808, -31.667847973160956 ], [ -62.540214569778414, -31.667839933189526 ], [ -62.540231447889909, -31.667839994004552 ], [ -62.540253640406327, -31.667831954026262 ], [ -62.540266352314113, -31.667821173240984 ], [ -62.54027593956706, -31.667802261258249 ], [ -62.540276010665721, -31.667787826067674 ], [ -62.540285597913197, -31.667768914084053 ], [ -62.540298309808655, -31.667758133295372 ], [ -62.540320502299906, -31.66775009330512 ], [ -62.540337380395421, -31.667750154105978 ], [ -62.540359572881492, -31.667742114108862 ], [ -62.540372284764807, -31.667731333312638 ], [ -62.540381871986924, -31.667712421321394 ], [ -62.540381943068951, -31.667697986130385 ], [ -62.540391530285611, -31.667679074138263 ], [ -62.54040424215659, -31.667668293338643 ], [ -62.540426434617501, -31.667660253329558 ], [ -62.540443312697008, -31.667660314116262 ], [ -62.540465505152739, -31.667652274100309 ], [ -62.540478217011582, -31.667641493293154 ], [ -62.540487804202876, -31.667622581293383 ], [ -62.540487875268276, -31.667608146101962 ], [ -62.540497462454113, -31.667589234101321 ], [ -62.540510174300628, -31.667578453290769 ], [ -62.540532366731192, -31.667570413262851 ], [ -62.540549244794697, -31.667570474035376 ], [ -62.540571277352228, -31.667594913181865 ], [ -62.540583776039533, -31.667627437938801 ], [ -62.540592990199791, -31.667684310686528 ], [ -62.540592777051572, -31.667727616260798 ], [ -62.54063047302423, -31.667784591544571 ], [ -62.540680947500718, -31.667817252998262 ], [ -62.540769437720556, -31.667841931313841 ], [ -62.540836950173563, -31.667842174266994 ], [ -62.540925520332792, -31.667850612884184 ], [ -62.540976101435348, -31.667861621434405 ], [ -62.541013984031721, -31.667880704227887 ], [ -62.541013913046932, -31.667895139419766 ], [ -62.541004325933017, -31.667914051458986 ], [ -62.540991614096718, -31.667924832318324 ], [ -62.540969421620019, -31.667932872425244 ], [ -62.540952543489979, -31.667932811707672 ], [ -62.540951415058785, -31.667933220526422 ], [ -62.540930351008079, -31.667940851807739 ], [ -62.540917639159652, -31.667951632659538 ], [ -62.54090805202037, -31.66797054469113 ], [ -62.540907981018954, -31.667984979882572 ], [ -62.540898393874208, -31.66800389191328 ], [ -62.540885682013453, -31.668014672761682 ], [ -62.540863489506393, -31.668022712849776 ], [ -62.540846611360358, -31.668022652118044 ], [ -62.540845482927622, -31.668023060935823 ], [ -62.540824418848125, -31.668030692199292 ], [ -62.540811706975227, -31.668041473040148 ], [ -62.540802119805115, -31.668060385063217 ], [ -62.540802048787057, -31.668074820254251 ], [ -62.540792461611488, -31.66809373227645 ], [ -62.540779749726269, -31.668104513113903 ], [ -62.540757557188861, -31.668112553183175 ], [ -62.54074067902684, -31.66811249243727 ], [ -62.540739550592548, -31.668112901254098 ], [ -62.540718486484238, -31.668120532499685 ], [ -62.540705774586868, -31.668131313329621 ], [ -62.540696187385947, -31.668150225344167 ], [ -62.540696116351263, -31.668164660534778 ], [ -62.540658047225087, -31.668183470022395 ], [ -62.540607359415006, -31.668194114130909 ], [ -62.540518709016858, -31.668201914879468 ], [ -62.540451196306677, -31.668201671755476 ], [ -62.5403625458897, -31.668209472395308 ], [ -62.540311858033299, -31.668220116385946 ], [ -62.540273788808413, -31.668238925757812 ], [ -62.540273717708153, -31.668253360947357 ], [ -62.540265266959722, -31.668272277023014 ], [ -62.540254070393182, -31.668283063266799 ], [ -62.54023452972536, -31.668291112798951 ], [ -62.540219672070428, -31.668291059264071 ], [ -62.540180670726429, -31.668290918726765 ], [ -62.540340296603375, -31.668944310991392 ], [ -62.540486435802315, -31.669542490571022 ], [ -62.540513126089216, -31.669651738900964 ], [ -62.540582676799076, -31.669936421744829 ], [ -62.540602919838214, -31.670019279608344 ], [ -62.540738718379352, -31.670575120053158 ], [ -62.540908695951167, -31.671270850210043 ], [ -62.540945913884968, -31.671270984115861 ], [ -62.540960092145525, -31.671271035124757 ], [ -62.540961210176228, -31.671270552344374 ], [ -62.540978741049841, -31.671262982280453 ], [ -62.540988043684493, -31.671253591562461 ], [ -62.540989427992827, -31.671252194146373 ], [ -62.540997496445911, -31.671233276657016 ], [ -62.540997567442481, -31.671218841472751 ], [ -62.541045132028259, -31.671200066054727 ], [ -62.54110848046718, -31.671189467320708 ], [ -62.541219286980009, -31.671181745848713 ], [ -62.541303680571559, -31.671182049265585 ], [ -62.541414526960835, -31.671166207832126 ], [ -62.541477928528693, -31.671144782524955 ], [ -62.541525586057624, -31.671107060745296 ], [ -62.541525727886658, -31.671078190373997 ], [ -62.541535408301968, -31.671040332125713 ], [ -62.541548173688298, -31.671018724831523 ], [ -62.541570406739083, -31.671002564842219 ], [ -62.54158728542572, -31.671002625483318 ], [ -62.541609478583986, -31.670994585279217 ], [ -62.541622190772408, -31.670983804366792 ], [ -62.541631778085133, -31.670964892292019 ], [ -62.541631848982867, -31.67095045710585 ], [ -62.541650930544222, -31.670931579135733 ], [ -62.541676301723292, -31.670920843690613 ], [ -62.541720648109859, -31.670912883039211 ], [ -62.541754405451456, -31.670913004279104 ], [ -62.541798672097208, -31.670921283185361 ], [ -62.541823936954998, -31.670932200490626 ], [ -62.541842832453455, -31.670951214856274 ], [ -62.54184276158837, -31.670965650042849 ], [ -62.541852162837614, -31.670984630315814 ], [ -62.541864768704315, -31.670995502158789 ], [ -62.541886882121936, -31.671003701491077 ], [ -62.541903760809518, -31.671003762090301 ], [ -62.541925874232582, -31.671011961415893 ], [ -62.541938480111618, -31.671022833251648 ], [ -62.541947881386044, -31.671041813517622 ], [ -62.541947810536946, -31.671056248704229 ], [ -62.541957211816538, -31.671075228969453 ], [ -62.541969817707724, -31.671086100802125 ], [ -62.541991931156161, -31.671094300116405 ], [ -62.542008809860377, -31.671094360701879 ], [ -62.542031003005199, -31.671086320424436 ], [ -62.542043715158115, -31.671075539469825 ], [ -62.542053302395487, -31.67105662736294 ], [ -62.542053373228271, -31.671042192176124 ], [ -62.542096900643209, -31.671023401874063 ], [ -62.542154866352455, -31.671012783301659 ], [ -62.54225625321174, -31.671005027126743 ], [ -62.542333469993721, -31.671005304114868 ], [ -62.542536164051505, -31.67100603098638 ], [ -62.542514169340436, -31.670694782110282 ], [ -62.542512058230294, -31.670664907525346 ], [ -62.542505790437957, -31.670576211105242 ], [ -62.542483795910996, -31.670264962204897 ], [ -62.54292531985822, -31.670182903222496 ], [ -62.543009419571796, -31.670167272765941 ], [ -62.543535042158872, -31.670069581149797 ], [ -62.54353514981527, -31.670047569509762 ], [ -62.543535190827214, -31.670039184123059 ], [ -62.543525750490652, -31.67002814433852 ], [ -62.543513122364821, -31.670021810011455 ], [ -62.5434909923869, -31.670017013976107 ], [ -62.543474113874012, -31.670016953588519 ], [ -62.543452000546075, -31.670008754530926 ], [ -62.543439394624244, -31.669997882842583 ], [ -62.543429993147484, -31.669978902681549 ], [ -62.543430063764362, -31.669964467489525 ], [ -62.543420662292796, -31.66994548732773 ], [ -62.5434080563831, -31.669934615636322 ], [ -62.543385943080537, -31.669926416567421 ], [ -62.543369064584283, -31.669926356166091 ], [ -62.543347229390754, -31.669861318521789 ], [ -62.543334994314563, -31.669774662064139 ], [ -62.543326241814391, -31.669623058564444 ], [ -62.543326806868528, -31.669507577022515 ], [ -62.543337042593215, -31.669356041474135 ], [ -62.543350125152706, -31.669269475617639 ], [ -62.54337259583, -31.669204596524668 ], [ -62.543389474195735, -31.669204656924304 ], [ -62.543411666773231, -31.66919661639897 ], [ -62.543424378508227, -31.669185835299686 ], [ -62.543433965268079, -31.669166923078976 ], [ -62.543434035882107, -31.6691524878851 ], [ -62.543443622636524, -31.669133575663505 ], [ -62.543456334359171, -31.669122794560813 ], [ -62.543478526911514, -31.669114754023518 ], [ -62.543495405261247, -31.669114814408992 ], [ -62.543517677234441, -31.669090534271362 ], [ -62.543530494840994, -31.669058100369671 ], [ -62.543540266883717, -31.669001295754981 ], [ -62.543540478674963, -31.668957990171474 ], [ -62.543550250700335, -31.668901185554962 ], [ -62.543563068268767, -31.668868751648684 ], [ -62.54358534016496, -31.668844471497611 ], [ -62.543602218466077, -31.668844531868505 ], [ -62.543624410939692, -31.668836491304727 ], [ -62.543637122600799, -31.668825710182936 ], [ -62.543646709279834, -31.668806797944416 ], [ -62.543646779859955, -31.668792362749294 ], [ -62.543656366533526, -31.668773450509914 ], [ -62.543669078182305, -31.668762669384723 ], [ -62.543691270630745, -31.668754628808966 ], [ -62.543708148915869, -31.668754689165691 ], [ -62.543730182583133, -31.668779127772673 ], [ -62.543742682528489, -31.668811652226076 ], [ -62.543751898724146, -31.66886852475448 ], [ -62.54375168703173, -31.668911830339855 ], [ -62.543779891356479, -31.668968770758088 ], [ -62.543817708838731, -31.669001385720854 ], [ -62.543884048220519, -31.669025982690091 ], [ -62.543934683224592, -31.669026163678435 ], [ -62.544001062326402, -31.669042640789883 ], [ -62.544038932806551, -31.669064429291261 ], [ -62.544067229904492, -31.669102423452951 ], [ -62.544067088872509, -31.669131293843432 ], [ -62.544047915611721, -31.669169118381884 ], [ -62.544022492285876, -31.669190680704837 ], [ -62.543978107232419, -31.669206761965135 ], [ -62.543944350497469, -31.669206641319334 ], [ -62.543899965423293, -31.669222722552202 ], [ -62.543874542048869, -31.669244284845043 ], [ -62.543855368686607, -31.669282109352942 ], [ -62.543855227588118, -31.669310979741756 ], [ -62.543864536492087, -31.669348906066215 ], [ -62.543877089467756, -31.669370604108988 ], [ -62.543899163003225, -31.669386922889444 ], [ -62.543916041403179, -31.669386983219752 ], [ -62.543938154626304, -31.669395182196716 ], [ -62.543950760526371, -31.669406053836557 ], [ -62.543960162053331, -31.669425033961403 ], [ -62.543960091519928, -31.669439469155719 ], [ -62.543950504837461, -31.669458381415886 ], [ -62.543937793125046, -31.669469162567349 ], [ -62.543915600526574, -31.669477203183675 ], [ -62.54389872211032, -31.669477142853165 ], [ -62.543893334502641, -31.669488683446446 ], [ -62.543876334436369, -31.669525098633155 ], [ -62.54386336260459, -31.669589100003719 ], [ -62.543853320697337, -31.669701147651235 ], [ -62.543852903333921, -31.669786543144884 ], [ -62.543851807746528, -31.670010706310222 ], [ -62.544162237644045, -31.669953008200292 ], [ -62.544221367105898, -31.669942017998004 ], [ -62.54422207873526, -31.669941885729568 ], [ -62.54428049655413, -31.669931027768179 ], [ -62.544587039449738, -31.669874050991201 ], [ -62.544590925934415, -31.669873328609555 ], [ -62.544591547899337, -31.669745864266606 ], [ -62.544591784837316, -31.669697306421 ], [ -62.544601589943518, -31.669633608132813 ], [ -62.544614426472066, -31.669597234926449 ], [ -62.544636712687868, -31.66957000019687 ], [ -62.544653591122653, -31.66957006042993 ], [ -62.544675823294355, -31.669553899887525 ], [ -62.544688587749903, -31.66953229226532 ], [ -62.544698266716843, -31.669494433754288 ], [ -62.544698407555572, -31.669465563362902 ], [ -62.544708086511257, -31.669427704850637 ], [ -62.544720850941744, -31.669406097224552 ], [ -62.544743083062528, -31.669389936669539 ], [ -62.544759961465004, -31.669389996888203 ], [ -62.544782153971781, -31.669381956124052 ], [ -62.544794865575732, -31.669371174887274 ], [ -62.544804452078743, -31.669352262561706 ], [ -62.544804522481314, -31.669337827365482 ], [ -62.544804654486008, -31.669310761372511 ], [ -62.544804760089633, -31.669289108578027 ], [ -62.544804892094007, -31.669262042584844 ], [ -62.544804962496265, -31.669247607388417 ], [ -62.544786066729074, -31.669228593453926 ], [ -62.544760801975826, -31.669217676733361 ], [ -62.544716535860132, -31.669209398857713 ], [ -62.544682779120755, -31.669209278407262 ], [ -62.544638631863222, -31.66917664111098 ], [ -62.544613525612654, -31.669133245169821 ], [ -62.544594907242725, -31.669057392621493 ], [ -62.544595188979123, -31.668999651835446 ], [ -62.544586064703154, -31.66892383316846 ], [ -62.544573617276065, -31.668880482397764 ], [ -62.544551622985175, -31.668847924136298 ], [ -62.544534744681208, -31.668847863890988 ], [ -62.544512631533415, -31.668839665017455 ], [ -62.544500025642826, -31.668828793432237 ], [ -62.544490624064061, -31.668809813344946 ], [ -62.544490694513676, -31.668795378148133 ], [ -62.544490826606591, -31.668768312154036 ], [ -62.544490932280787, -31.668746659358661 ], [ -62.544491064373368, -31.668719593364344 ], [ -62.544491134822671, -31.668705158167327 ], [ -62.544491266914989, -31.66867809217284 ], [ -62.544491372588709, -31.668656439377148 ], [ -62.5444915046807, -31.668629373382458 ], [ -62.54449157512969, -31.668614938185236 ], [ -62.544491786476364, -31.668571632593377 ], [ -62.544491997822568, -31.668528327001233 ], [ -62.544492314841037, -31.668463368612439 ], [ -62.544492526186112, -31.66842006301955 ], [ -62.544511791569086, -31.668363292209566 ], [ -62.544537267386168, -31.668330903384657 ], [ -62.54458169154654, -31.668306702123903 ], [ -62.544615447959011, -31.668306822598041 ], [ -62.544659792863129, -31.668298860907754 ], [ -62.544685162984209, -31.668288124849919 ], [ -62.544704243382597, -31.66826924640436 ], [ -62.544704313797688, -31.668254811205884 ], [ -62.544694912233503, -31.668235831132101 ], [ -62.544682306402102, -31.668224959564444 ], [ -62.544660193387884, -31.668216760716948 ], [ -62.54464331519781, -31.668216700487076 ], [ -62.544621241804677, -31.668200381833742 ], [ -62.544608688808943, -31.668178683860035 ], [ -62.544599379712473, -31.668140757581188 ], [ -62.544599520574359, -31.668111887184072 ], [ -62.544590211487943, -31.668073960904241 ], [ -62.544577658516069, -31.668052262927294 ], [ -62.544555585173093, -31.668035944262673 ], [ -62.544538707015953, -31.66803588401925 ], [ -62.544516673308131, -31.668011445548707 ], [ -62.544504173195655, -31.667978921165538 ], [ -62.544494956621755, -31.667922048680055 ], [ -62.544495167961138, -31.667878743083456 ], [ -62.544514433226539, -31.667821972267188 ], [ -62.544539908892531, -31.667789583437617 ], [ -62.54458433279278, -31.667765382171456 ], [ -62.544618089009496, -31.667765502643061 ], [ -62.544662512878276, -31.667741301349281 ], [ -62.544687988470884, -31.667708912489051 ], [ -62.544707253582992, -31.667652141640733 ], [ -62.544707464821656, -31.667608836041033 ], [ -62.544726729900511, -31.66755206518857 ], [ -62.544752205418504, -31.667519676313866 ], [ -62.544796629135291, -31.667495474971041 ], [ -62.544830385255388, -31.667495595385571 ], [ -62.544874769348276, -31.667479513815461 ], [ -62.544900192008221, -31.667457951310663 ], [ -62.544919364564819, -31.667420126627459 ], [ -62.544919505323769, -31.667391256225795 ], [ -62.544891208386282, -31.667353262244571 ], [ -62.544856251468829, -31.667333150014574 ], [ -62.544853338393061, -31.667331473994974 ], [ -62.544786960348155, -31.667314997332547 ], [ -62.544736326266339, -31.667314816691082 ], [ -62.544669829424635, -31.667322699368992 ], [ -62.544631801042918, -31.667333390255216 ], [ -62.544603226929851, -31.667352234812626 ], [ -62.544603156501594, -31.667366670012939 ], [ -62.544574582372547, -31.667385514563691 ], [ -62.5445365539546, -31.667396205421078 ], [ -62.544470057039298, -31.667404087994075 ], [ -62.544419422911403, -31.667403907226412 ], [ -62.544352925981485, -31.667411789738203 ], [ -62.544314897528267, -31.667422480529147 ], [ -62.54428632332462, -31.667441325014469 ], [ -62.544286252847115, -31.667455760213937 ], [ -62.544257678627488, -31.667474604692604 ], [ -62.544219650138039, -31.667485295454728 ], [ -62.544153153134523, -31.667493177861598 ], [ -62.544102518960536, -31.667492996967734 ], [ -62.544036180604088, -31.667468400115933 ], [ -62.543998363658879, -31.667435785215236 ], [ -62.543970159651415, -31.667378844834765 ], [ -62.543970371229804, -31.667335539237651 ], [ -62.543980142811357, -31.667278734569727 ], [ -62.543992960000878, -31.667246300608515 ], [ -62.544015231393601, -31.66722202037154 ], [ -62.544032109402345, -31.667222080682809 ], [ -62.544054420442485, -31.66718968063898 ], [ -62.54406729047659, -31.667146420269731 ], [ -62.544077154520828, -31.667070669392114 ], [ -62.544077436555661, -31.667012928592239 ], [ -62.544106288278265, -31.666937245550809 ], [ -62.544144475176601, -31.666894075618689 ], [ -62.544211090701083, -31.66686183381054 ], [ -62.54426172453347, -31.666862014658108 ], [ -62.544328221078182, -31.666854132189545 ], [ -62.544366249297539, -31.666843441391475 ], [ -62.544394823300685, -31.666824596884602 ], [ -62.544394893759666, -31.666810161683486 ], [ -62.544404480073609, -31.666791249378683 ], [ -62.544417191364012, -31.666780468172259 ], [ -62.544439383276185, -31.666772427458852 ], [ -62.54445626120463, -31.666772487713256 ], [ -62.54447845311163, -31.666764446992996 ], [ -62.544491164389896, -31.666753665779041 ], [ -62.544500750678473, -31.666734753466585 ], [ -62.54450082112082, -31.666720318265071 ], [ -62.544491419748745, -31.666701338173556 ], [ -62.544478814146252, -31.666690466585379 ], [ -62.544456701512161, -31.666682267704246 ], [ -62.54443982360003, -31.666682207450052 ], [ -62.544417710971409, -31.666674008562211 ], [ -62.54440510538123, -31.666663136966797 ], [ -62.544395704034329, -31.666644156868315 ], [ -62.544395774492678, -31.666629721666787 ], [ -62.544462323697239, -31.666611012725145 ], [ -62.544550985494901, -31.666600502617083 ], [ -62.544706090786974, -31.666592936180948 ], [ -62.54482423606435, -31.666593357665864 ], [ -62.544979420490598, -31.666569551294064 ], [ -62.545068187726393, -31.666537388021098 ], [ -62.545134921386776, -31.666480786317901 ], [ -62.545135132417386, -31.666437480707657 ], [ -62.545125915598554, -31.666380608251842 ], [ -62.545113415484096, -31.666348083920113 ], [ -62.545091382017269, -31.666323645544683 ], [ -62.545074504168475, -31.66632358537505 ], [ -62.545052510292791, -31.666291027190923 ], [ -62.54504006298383, -31.666247676449125 ], [ -62.545030938586308, -31.666171857780455 ], [ -62.545031220021279, -31.666114116964778 ], [ -62.545022095642601, -31.666038298294069 ], [ -62.545009648380002, -31.665994947548047 ], [ -62.544987654603027, -31.665962389352018 ], [ -62.54497077681981, -31.665962329169268 ], [ -62.544948822647648, -31.665921651164169 ], [ -62.544936428213497, -31.665867474007424 ], [ -62.544927396299038, -31.665772709122042 ], [ -62.544927748167204, -31.665700533098878 ], [ -62.544918716275525, -31.665605768210629 ], [ -62.544912519085266, -31.665578679629931 ], [ -62.544906321898495, -31.665551591048832 ], [ -62.544884367848844, -31.66551091303123 ], [ -62.54486749014751, -31.665510852835578 ], [ -62.544845536124235, -31.665470174811265 ], [ -62.544833141806741, -31.665415997641777 ], [ -62.544824110035009, -31.665321232743793 ], [ -62.544824461976845, -31.665249056716554 ], [ -62.544817138563999, -31.66517221640893 ], [ -62.544792881552311, -31.665081299690083 ], [ -62.544781082066763, -31.665059436604352 ], [ -62.54476420444729, -31.665059376395803 ], [ -62.544742210972707, -31.665026818155603 ], [ -62.544729763969272, -31.664983467377922 ], [ -62.544720639934425, -31.664907648675594 ], [ -62.544720921547437, -31.664849907850954 ], [ -62.544712521278555, -31.664780103341307 ] ], [ [ -62.544165516666979, -31.666041556827249 ], [ -62.544143324906393, -31.666049597495359 ], [ -62.544126447109392, -31.666049537200795 ], [ -62.544120264862634, -31.666051777192166 ], [ -62.544104255343626, -31.666057577862045 ], [ -62.544091544117002, -31.666068359039105 ], [ -62.544081957816097, -31.666087271322649 ], [ -62.54408188731071, -31.666101706524771 ], [ -62.544053313468474, -31.666120550965189 ], [ -62.544015285510064, -31.666131241673643 ], [ -62.543948789456792, -31.666139123984621 ], [ -62.543898156018749, -31.666138943016566 ], [ -62.543831739313106, -31.666130585664664 ], [ -62.543793817151141, -31.666119623504592 ], [ -62.54376542845138, -31.666100575476097 ], [ -62.543765499005701, -31.666086140274601 ], [ -62.543746604083964, -31.666067126184814 ], [ -62.543721340305922, -31.666056209262258 ], [ -62.543677075782796, -31.666047931036942 ], [ -62.543643320191634, -31.66604781032224 ], [ -62.543598976277337, -31.666055771671342 ], [ -62.543573606644159, -31.666066507521517 ], [ -62.543554526475319, -31.66608538580661 ], [ -62.543554455888376, -31.666099821007677 ], [ -62.543544869475859, -31.666118733249721 ], [ -62.543532158176923, -31.666129514370258 ], [ -62.543509966342185, -31.666137554927399 ], [ -62.543493088530774, -31.666137494548913 ], [ -62.543470976115856, -31.666129295498315 ], [ -62.543458370709907, -31.666118423810193 ], [ -62.543448969609841, -31.666099443642675 ], [ -62.543449040213105, -31.666085008441822 ], [ -62.543439639118226, -31.666066028273566 ], [ -62.543427033724406, -31.66605515658236 ], [ -62.543404921334854, -31.66604695752045 ], [ -62.543388043540062, -31.666046897128222 ], [ -62.543365970877431, -31.666030578259132 ], [ -62.543353418460391, -31.666008880160089 ], [ -62.543344110080184, -31.665970953783646 ], [ -62.543344251318381, -31.66594208338174 ], [ -62.543306461713399, -31.665904055075945 ], [ -62.543255934356253, -31.665882221052854 ], [ -62.543167405569378, -31.665865664265901 ], [ -62.543099894523898, -31.665865422559165 ], [ -62.543011206773777, -31.665881344865408 ], [ -62.542960467464816, -31.665902816327126 ], [ -62.54292230694152, -31.665940572710241 ], [ -62.542922165572847, -31.665969443110423 ], [ -62.542902992516353, -31.666007267497303 ], [ -62.542877569799607, -31.666028829608436 ], [ -62.542833186064648, -31.666044910490786 ], [ -62.54279943047856, -31.666044789552867 ], [ -62.542755166046739, -31.666036511008546 ], [ -62.542729902395429, -31.666025593890812 ], [ -62.54271100769872, -31.666006579649615 ], [ -62.542711078415849, -31.665992144450037 ], [ -62.542720664983158, -31.665973232271735 ], [ -62.542733376353262, -31.665962451232453 ], [ -62.542755568211319, -31.6659544108104 ], [ -62.542772445987886, -31.665954471286117 ], [ -62.542794836695691, -31.665905831857454 ], [ -62.542807813179842, -31.665840918810243 ], [ -62.54281786368059, -31.66572727562194 ], [ -62.542818287878788, -31.665640664418898 ], [ -62.542809350930234, -31.66552695319967 ], [ -62.54279701081677, -31.665461949443273 ], [ -62.542775097483499, -31.665413151270513 ], [ -62.542758219804796, -31.665413090796065 ], [ -62.542736147402124, -31.665396771818866 ], [ -62.542723595215627, -31.665375073657895 ], [ -62.542714287151796, -31.665337147234769 ], [ -62.542714428581277, -31.665308276832551 ], [ -62.542686133168168, -31.665270282364396 ], [ -62.542651177507942, -31.665250169535636 ], [ -62.542648264536936, -31.665248493466127 ], [ -62.542581888372602, -31.665232015668963 ], [ -62.542531255436245, -31.66523183416318 ], [ -62.542464879305165, -31.66521535630541 ], [ -62.54242701074854, -31.665193567341998 ], [ -62.542398715487423, -31.665155572810875 ], [ -62.542398857013495, -31.665126702409086 ], [ -62.542408536426976, -31.665088844050118 ], [ -62.542421300780511, -31.665067236638833 ], [ -62.542443532251085, -31.665051076467496 ], [ -62.542460409863601, -31.665051136982946 ], [ -62.542482521933309, -31.665059336206806 ], [ -62.542495127082937, -31.665070207990698 ], [ -62.542504527887189, -31.665089188228723 ], [ -62.542504457140609, -31.665103623429921 ], [ -62.542523351614449, -31.665122637702257 ], [ -62.542548614998047, -31.665133554859874 ], [ -62.542592878983484, -31.665141833472802 ], [ -62.542626634242076, -31.665141954462285 ], [ -62.542670977799823, -31.665133993446617 ], [ -62.542696347279652, -31.665123257772901 ], [ -62.542715427421221, -31.665104379613069 ], [ -62.542715498135166, -31.665089944411438 ], [ -62.542763059244407, -31.665071168302184 ], [ -62.542826403330572, -31.665060568663844 ], [ -62.542937202438047, -31.665052845622352 ], [ -62.543021590508538, -31.665053147850866 ], [ -62.543132469073711, -31.665029185036722 ], [ -62.543195919050866, -31.66499693241008 ], [ -62.5432436654269, -31.664940263712232 ], [ -62.543243877322183, -31.664896958102943 ], [ -62.543263142707346, -31.664840187450505 ], [ -62.543288617977133, -31.664807798852046 ], [ -62.543333040767102, -31.664783597999879 ], [ -62.543366795899658, -31.664783718792361 ], [ -62.543411059795829, -31.66479199712105 ], [ -62.543436323196545, -31.664802914103607 ], [ -62.543455217801906, -31.664821928240077 ], [ -62.543455147203083, -31.664836363443804 ], [ -62.543464548180502, -31.664855343613421 ], [ -62.543477153418522, -31.66486621530148 ], [ -62.543499265536227, -31.664874414349807 ], [ -62.543516143119284, -31.664874474725337 ], [ -62.543538255242439, -31.664882673766961 ], [ -62.543550860492779, -31.6648935454478 ], [ -62.543560261495365, -31.664912525610429 ], [ -62.543560190912551, -31.66492696081416 ], [ -62.543579085568147, -31.664945974932394 ], [ -62.543604349030389, -31.66495689188201 ], [ -62.543648613030605, -31.664965170129051 ], [ -62.5436823682303, -31.664965290838669 ], [ -62.543726632241771, -31.664973569058727 ], [ -62.543751895729059, -31.664984485979325 ], [ -62.543770790435573, -31.665003500069474 ], [ -62.543770719885053, -31.665017935273426 ], [ -62.543780120944753, -31.665036915420039 ], [ -62.543792726244178, -31.665047787077178 ], [ -62.5438148384331, -31.66505598607127 ], [ -62.543831716049738, -31.665056046405361 ], [ -62.543853788566587, -31.66507236519498 ], [ -62.543866340977445, -31.665094063247885 ], [ -62.543875649487475, -31.665131989592609 ], [ -62.543875508418097, -31.665160860000306 ], [ -62.543884816938181, -31.665198786344071 ], [ -62.543897369372921, -31.665220484393721 ], [ -62.543919441939906, -31.665236803172039 ], [ -62.54393631958947, -31.665236863492602 ], [ -62.543958431835911, -31.665245062462116 ], [ -62.543971037184114, -31.665255934101747 ], [ -62.543980438308097, -31.665274914233507 ], [ -62.543980367789231, -31.665289349437252 ], [ -62.543989768918394, -31.665308329568273 ], [ -62.544002374278747, -31.665319201204827 ], [ -62.544024486550541, -31.665327400163012 ], [ -62.544041364216731, -31.665327460469847 ], [ -62.544063476493989, -31.665335659421334 ], [ -62.544076081866663, -31.66534653105068 ], [ -62.544085483020979, -31.665365511174706 ], [ -62.544085412518115, -31.665379946378458 ], [ -62.544094813677624, -31.665398926501755 ], [ -62.544107419062435, -31.665409798128 ], [ -62.544129531365058, -31.665417997068179 ], [ -62.544146409047876, -31.665418057361261 ], [ -62.544168521355957, -31.665426256294708 ], [ -62.544181126753088, -31.665437127913748 ], [ -62.544190527937758, -31.665456108030064 ], [ -62.544190457450888, -31.66547054323383 ], [ -62.544209352344701, -31.665489557259377 ], [ -62.544234616028547, -31.66550047408537 ], [ -62.544278880344585, -31.665508752116022 ], [ -62.544312635743857, -31.665508872660773 ], [ -62.544356900071172, -31.665517150664456 ], [ -62.544382163780085, -31.665528067461427 ], [ -62.544401058724794, -31.6655470814589 ], [ -62.544400988270226, -31.665561516662876 ], [ -62.544410389512024, -31.66558049676317 ], [ -62.544422994958232, -31.66559136835852 ], [ -62.544445107332052, -31.665599567244421 ], [ -62.544461985048464, -31.665599627496089 ], [ -62.544484057804226, -31.665615946177542 ], [ -62.544496610433853, -31.665637644168676 ], [ -62.544505919251932, -31.66567557046713 ], [ -62.544505778374493, -31.665704440874901 ], [ -62.544496099742496, -31.66574229939674 ], [ -62.544483335772235, -31.665763907016949 ], [ -62.544461104478842, -31.665780067543604 ], [ -62.544444226729816, -31.66578000729152 ], [ -62.54444309833967, -31.665780416141672 ], [ -62.544422035055099, -31.665788048009258 ], [ -62.544409323901867, -31.665798829219117 ], [ -62.544399737693432, -31.665817741528183 ], [ -62.544399667237926, -31.665832176731552 ], [ -62.544390081024027, -31.665851089039759 ], [ -62.544377369858466, -31.665861870246214 ], [ -62.54435517815859, -31.665869910951983 ], [ -62.544338300393576, -31.665869850685731 ], [ -62.544337172001882, -31.66587025953493 ], [ -62.544316108688506, -31.665877891384635 ], [ -62.544303397510809, -31.665888672583563 ], [ -62.544293811271544, -31.66590758488412 ], [ -62.544293740799411, -31.665922020087081 ], [ -62.544284154554688, -31.665940932386778 ], [ -62.544271443364671, -31.665951713582292 ], [ -62.54424925163444, -31.665959754269231 ], [ -62.544232373853433, -31.665959693988828 ], [ -62.544231245460203, -31.665960102837058 ], [ -62.544210182118007, -31.665967734668904 ], [ -62.544197470915861, -31.665978515856896 ], [ -62.544187884645773, -31.665997428148945 ], [ -62.544187814157006, -31.666011863351486 ], [ -62.544178227881474, -31.666030775642657 ], [ -62.544165516666979, -31.666041556827249 ] ] ] } },
{ "type": "Feature", "properties": { "zona": "7", "zona_id": "7" }, "geometry": { "type": "MultiPolygon", "coordinates": [ [ [ [ -62.541096738128623, -31.672040507965995 ], [ -62.541725845598414, -31.671953403711516 ], [ -62.541965505288296, -31.671920220319208 ], [ -62.542594611190317, -31.671833111764091 ], [ -62.542570063277338, -31.671485737852564 ], [ -62.542560711735135, -31.67135340492813 ], [ -62.542536164051505, -31.67100603098638 ], [ -62.542333469993721, -31.671005304114868 ], [ -62.54225625321174, -31.671005027126743 ], [ -62.542154866352455, -31.671012783301666 ], [ -62.542096900643209, -31.671023401874077 ], [ -62.542053373228271, -31.671042192176131 ], [ -62.542053302395487, -31.67105662736294 ], [ -62.542043715158115, -31.671075539469825 ], [ -62.542031003005199, -31.671086320424429 ], [ -62.542008809860377, -31.671094360701879 ], [ -62.541991931156161, -31.671094300116405 ], [ -62.541969817707724, -31.671086100802128 ], [ -62.541957211816538, -31.671075228969453 ], [ -62.541947810536946, -31.671056248704229 ], [ -62.541947881386044, -31.671041813517615 ], [ -62.541938480111618, -31.671022833251641 ], [ -62.541925874232582, -31.671011961415886 ], [ -62.541903760809518, -31.671003762090301 ], [ -62.541886882121922, -31.671003701491077 ], [ -62.541864768704315, -31.670995502158789 ], [ -62.541852162837614, -31.670984630315814 ], [ -62.54184276158837, -31.670965650042849 ], [ -62.541842832453455, -31.670951214856267 ], [ -62.541823936954998, -31.670932200490611 ], [ -62.541798672097208, -31.670921283185347 ], [ -62.541754405451456, -31.670913004279104 ], [ -62.541720648109859, -31.670912883039211 ], [ -62.541676301723292, -31.670920843690627 ], [ -62.541650930544222, -31.67093157913574 ], [ -62.541631848982867, -31.67095045710585 ], [ -62.541631778085133, -31.670964892292019 ], [ -62.541622190772408, -31.670983804366792 ], [ -62.541609478583986, -31.670994585279217 ], [ -62.54158728542572, -31.671002625483318 ], [ -62.541570406739083, -31.671002564842219 ], [ -62.541548173688298, -31.671018724831523 ], [ -62.541535408301968, -31.67104033212572 ], [ -62.541525727886658, -31.671078190374004 ], [ -62.541525586057624, -31.671107060745296 ], [ -62.541477928528693, -31.671144782524955 ], [ -62.541414526960835, -31.671166207832105 ], [ -62.541303680571559, -31.671182049265585 ], [ -62.541219286980009, -31.671181745848713 ], [ -62.54110848046718, -31.671189467320715 ], [ -62.541045132028259, -31.671200066054748 ], [ -62.540997567442481, -31.671218841472758 ], [ -62.540997496445911, -31.671233276657016 ], [ -62.540989427992827, -31.671252194146373 ], [ -62.540978741049841, -31.671262982280446 ], [ -62.540960092145525, -31.671271035124757 ], [ -62.540945913884968, -31.671270984115861 ], [ -62.540908695951167, -31.671270850210043 ], [ -62.540987673297522, -31.671594106508998 ], [ -62.541017760045911, -31.671717251749946 ], [ -62.541096738128623, -31.672040507965995 ] ] ], [ [ [ -62.54384810487106, -31.67001139454085 ], [ -62.543851807746528, -31.670010706310222 ], [ -62.543852903333921, -31.669786543144884 ], [ -62.543853320697337, -31.669701147651235 ], [ -62.54386336260459, -31.669589100003719 ], [ -62.543876334436369, -31.669525098633148 ], [ -62.54389872211032, -31.669477142853165 ], [ -62.543915600526574, -31.669477203183675 ], [ -62.543937793125046, -31.669469162567363 ], [ -62.543950504837461, -31.669458381415886 ], [ -62.543960091519928, -31.669439469155719 ], [ -62.543960162053331, -31.669425033961389 ], [ -62.543950760526371, -31.669406053836557 ], [ -62.543938154626304, -31.669395182196709 ], [ -62.543916041403179, -31.669386983219752 ], [ -62.543899163003239, -31.669386922889458 ], [ -62.543877089467756, -31.669370604108988 ], [ -62.543864536492087, -31.669348906066215 ], [ -62.543855227588118, -31.669310979741756 ], [ -62.543855368686607, -31.669282109352935 ], [ -62.543874542048869, -31.669244284845043 ], [ -62.543899965423293, -31.669222722552202 ], [ -62.543944350497469, -31.669206641319334 ], [ -62.543978107232419, -31.669206761965135 ], [ -62.544022492285876, -31.669190680704851 ], [ -62.544047915611721, -31.669169118381884 ], [ -62.544067088872509, -31.669131293843432 ], [ -62.544067229904492, -31.669102423452944 ], [ -62.544038932806551, -31.669064429291261 ], [ -62.544001062326402, -31.669042640789883 ], [ -62.543934683224592, -31.669026163678435 ], [ -62.543884048220519, -31.669025982690091 ], [ -62.543817708838731, -31.669001385720854 ], [ -62.543779891356479, -31.668968770758088 ], [ -62.54375168703173, -31.668911830339869 ], [ -62.543751898724146, -31.66886852475448 ], [ -62.543742682528489, -31.668811652226076 ], [ -62.543730182583133, -31.668779127772673 ], [ -62.543708148915869, -31.668754689165691 ], [ -62.543691270630745, -31.668754628808966 ], [ -62.543669078182305, -31.668762669384726 ], [ -62.543656366533526, -31.668773450509921 ], [ -62.543646779859955, -31.668792362749294 ], [ -62.543646709279834, -31.668806797944416 ], [ -62.543637122600799, -31.668825710182936 ], [ -62.543624410939692, -31.66883649130472 ], [ -62.543602218466077, -31.668844531868505 ], [ -62.54358534016496, -31.668844471497611 ], [ -62.543563068268767, -31.668868751648699 ], [ -62.543550250700335, -31.668901185554962 ], [ -62.543540478674963, -31.668957990171474 ], [ -62.543540266883717, -31.669001295754974 ], [ -62.543530494840994, -31.669058100369664 ], [ -62.543517677234441, -31.669090534271362 ], [ -62.543495405261247, -31.669114814408992 ], [ -62.543478526911507, -31.669114754023518 ], [ -62.543456334359171, -31.669122794560817 ], [ -62.543443622636524, -31.669133575663519 ], [ -62.543434035882107, -31.669152487885103 ], [ -62.543433965268079, -31.669166923078976 ], [ -62.543424378508227, -31.669185835299686 ], [ -62.543411666773231, -31.669196616398956 ], [ -62.543389474195735, -31.669204656924304 ], [ -62.543372595829993, -31.669204596524668 ], [ -62.543350125152706, -31.669269475617646 ], [ -62.543337042593215, -31.669356041474135 ], [ -62.543326806868528, -31.669507577022515 ], [ -62.543326241814391, -31.669623058564429 ], [ -62.543334994314563, -31.669774662064135 ], [ -62.543347229390754, -31.669861318521789 ], [ -62.543369064584283, -31.669926356166091 ], [ -62.543385943080537, -31.669926416567421 ], [ -62.5434080563831, -31.669934615636329 ], [ -62.543420662292796, -31.669945487327738 ], [ -62.543430063764362, -31.669964467489528 ], [ -62.543429993147484, -31.669978902681549 ], [ -62.543439394624244, -31.669997882842583 ], [ -62.543452000546075, -31.670008754530922 ], [ -62.543474113874012, -31.670016953588519 ], [ -62.5434909923869, -31.670017013976107 ], [ -62.543513122364821, -31.670021810011455 ], [ -62.543525750490652, -31.67002814433852 ], [ -62.543535190827214, -31.670039184123059 ], [ -62.54353514981527, -31.670047569509762 ], [ -62.543535042158872, -31.670069581149797 ], [ -62.54366808375319, -31.670044853813497 ], [ -62.543705888537794, -31.670037827324332 ], [ -62.54371876624721, -31.670035433839153 ], [ -62.54384810487106, -31.67001139454085 ] ] ], [ [ [ -62.540180670726429, -31.668290918726765 ], [ -62.540219672070421, -31.668291059264064 ], [ -62.54023452972536, -31.668291112798951 ], [ -62.540254070393182, -31.668283063266806 ], [ -62.540265266959722, -31.668272277023014 ], [ -62.540273717708153, -31.668253360947357 ], [ -62.540273788808413, -31.668238925757798 ], [ -62.540311858033299, -31.668220116385942 ], [ -62.5403625458897, -31.668209472395301 ], [ -62.540451196306677, -31.668201671755476 ], [ -62.540518709016858, -31.668201914879468 ], [ -62.540518719684876, -31.668201913940734 ], [ -62.540518750553979, -31.668201911224433 ], [ -62.540607359415006, -31.66819411413092 ], [ -62.540658047225087, -31.668183470022395 ], [ -62.540696116351263, -31.668164660534778 ], [ -62.540696187385947, -31.66815022534416 ], [ -62.540705774586868, -31.668131313329614 ], [ -62.540718486484238, -31.668120532499678 ], [ -62.54074067902684, -31.66811249243727 ], [ -62.540757557188861, -31.668112553183175 ], [ -62.540779749726269, -31.668104513113917 ], [ -62.540792461611488, -31.66809373227645 ], [ -62.540802048787057, -31.668074820254251 ], [ -62.540802119805115, -31.668060385063214 ], [ -62.540811706975227, -31.668041473040137 ], [ -62.540824418848125, -31.668030692199274 ], [ -62.540846611360358, -31.668022652118044 ], [ -62.540863489506393, -31.668022712849776 ], [ -62.540885682013453, -31.668014672761689 ], [ -62.540898393874208, -31.66800389191328 ], [ -62.540907981018954, -31.667984979882572 ], [ -62.54090805202037, -31.667970544691119 ], [ -62.540917639159652, -31.667951632659531 ], [ -62.540930351008079, -31.667940851807732 ], [ -62.540952543489979, -31.667932811707672 ], [ -62.540969421620019, -31.667932872425244 ], [ -62.540991614096718, -31.667924832318324 ], [ -62.541004325933017, -31.667914051458986 ], [ -62.541013913046932, -31.667895139419766 ], [ -62.541013984031721, -31.66788070422788 ], [ -62.540976101435348, -31.667861621434398 ], [ -62.540925520332792, -31.667850612884173 ], [ -62.540836950173563, -31.667842174266994 ], [ -62.540769437720556, -31.667841931313841 ], [ -62.540680947500718, -31.667817252998262 ], [ -62.54063047302423, -31.667784591544578 ], [ -62.540592777051572, -31.667727616260816 ], [ -62.540592990199791, -31.667684310686528 ], [ -62.540583776039533, -31.667627437938801 ], [ -62.540571277352228, -31.667594913181858 ], [ -62.540549244794697, -31.667570474035376 ], [ -62.540532366731178, -31.667570413262851 ], [ -62.540526184299225, -31.667572653077784 ], [ -62.540510174300628, -31.667578453290769 ], [ -62.540497462454113, -31.667589234101321 ], [ -62.540487875268276, -31.667608146101962 ], [ -62.540487804202876, -31.667622581293383 ], [ -62.540478217011582, -31.667641493293154 ], [ -62.540465505152739, -31.667652274100302 ], [ -62.540443312697008, -31.667660314116262 ], [ -62.540426434617501, -31.667660253329558 ], [ -62.540420252177078, -31.667662493139261 ], [ -62.54040424215659, -31.667668293338643 ], [ -62.540391530285611, -31.667679074138263 ], [ -62.540381943068951, -31.667697986130385 ], [ -62.540381871986924, -31.667712421321394 ], [ -62.540372284764807, -31.667731333312638 ], [ -62.540359572881492, -31.667742114108847 ], [ -62.540337380395421, -31.667750154105978 ], [ -62.540320502299906, -31.66775009330512 ], [ -62.540314319851042, -31.667752333109561 ], [ -62.540298309808655, -31.667758133295372 ], [ -62.540285597913197, -31.667768914084053 ], [ -62.540276010665721, -31.667787826067674 ], [ -62.54027593956706, -31.667802261258249 ], [ -62.540266352314113, -31.667821173240984 ], [ -62.540253640406327, -31.667831954026259 ], [ -62.540231447889909, -31.667839994004552 ], [ -62.540214569778414, -31.667839933189526 ], [ -62.54020838732108, -31.667842172988721 ], [ -62.540192377256808, -31.667847973160956 ], [ -62.540179665336886, -31.667858753938706 ], [ -62.540170078058573, -31.667877665913792 ], [ -62.540170006943278, -31.667892101103963 ], [ -62.540162948330959, -31.667911022190683 ], [ -62.540153607961308, -31.667921815115552 ], [ -62.540137315649602, -31.667929876339826 ], [ -62.540124932938845, -31.667929831713604 ], [ -62.540092428323298, -31.667929714564018 ], [ -62.540129490051548, -31.668081420321506 ], [ -62.540143608836047, -31.668139212987541 ], [ -62.540175480673582, -31.668269674270732 ], [ -62.540180670726429, -31.668290918726765 ] ] ], [ [ [ -62.544053313468474, -31.666120550965189 ], [ -62.54408188731071, -31.666101706524771 ], [ -62.544081957816097, -31.666087271322649 ], [ -62.544091544117002, -31.666068359039105 ], [ -62.544104255343626, -31.666057577862045 ], [ -62.544126447109392, -31.666049537200795 ], [ -62.544143324906393, -31.666049597495359 ], [ -62.544165516666979, -31.666041556827256 ], [ -62.544178227881474, -31.666030775642657 ], [ -62.544187814157006, -31.666011863351486 ], [ -62.544187884645773, -31.665997428148945 ], [ -62.544197470915861, -31.665978515856896 ], [ -62.544210182118007, -31.6659677346689 ], [ -62.544232373853433, -31.665959693988828 ], [ -62.54424925163444, -31.665959754269231 ], [ -62.544271443364671, -31.665951713582299 ], [ -62.544284154554688, -31.665940932386778 ], [ -62.544293740799411, -31.665922020087081 ], [ -62.544293811271544, -31.66590758488412 ], [ -62.544303397510809, -31.665888672583563 ], [ -62.544316108688506, -31.665877891384635 ], [ -62.544338300393576, -31.665869850685731 ], [ -62.54435517815859, -31.665869910951983 ], [ -62.544377369858466, -31.665861870246225 ], [ -62.544390081024027, -31.665851089039759 ], [ -62.544399667237926, -31.665832176731552 ], [ -62.544399737693432, -31.665817741528183 ], [ -62.544409323901867, -31.665798829219106 ], [ -62.544422035055099, -31.665788048009247 ], [ -62.54444422672983, -31.66578000729152 ], [ -62.544461104478842, -31.665780067543604 ], [ -62.544483335772235, -31.665763907016974 ], [ -62.544496099742496, -31.66574229939674 ], [ -62.544505778374493, -31.665704440874901 ], [ -62.544505919251932, -31.665675570467123 ], [ -62.544496610433853, -31.665637644168665 ], [ -62.544484057804226, -31.665615946177542 ], [ -62.544461985048464, -31.665599627496089 ], [ -62.544445107332074, -31.665599567244424 ], [ -62.544422994958232, -31.665591368358527 ], [ -62.544410389512024, -31.66558049676317 ], [ -62.544400988270226, -31.665561516662876 ], [ -62.544401058724794, -31.665547081458893 ], [ -62.544382163780085, -31.66552806746142 ], [ -62.544356900071172, -31.665517150664453 ], [ -62.544312635743857, -31.665508872660773 ], [ -62.544278880344635, -31.665508752116022 ], [ -62.544234616028547, -31.66550047408537 ], [ -62.544209352344701, -31.665489557259377 ], [ -62.544190457450888, -31.66547054323383 ], [ -62.544190527937758, -31.665456108030046 ], [ -62.544181126753088, -31.665437127913741 ], [ -62.544168521355957, -31.665426256294701 ], [ -62.544146409047876, -31.665418057361261 ], [ -62.544129531365051, -31.665417997068179 ], [ -62.544107419062435, -31.665409798128014 ], [ -62.544094813677624, -31.665398926501755 ], [ -62.544085412518115, -31.665379946378458 ], [ -62.544085483020979, -31.665365511174691 ], [ -62.544076081866663, -31.665346531050666 ], [ -62.544063476493989, -31.66533565942132 ], [ -62.544041364216731, -31.665327460469847 ], [ -62.544024486550541, -31.665327400163012 ], [ -62.544002374278747, -31.665319201204838 ], [ -62.543989768918394, -31.665308329568273 ], [ -62.543980367789231, -31.665289349437252 ], [ -62.543980438308097, -31.665274914233503 ], [ -62.543971037184114, -31.665255934101733 ], [ -62.543958431835911, -31.665245062462109 ], [ -62.54393631958947, -31.665236863492602 ], [ -62.543919441939906, -31.665236803172039 ], [ -62.543897369372921, -31.665220484393732 ], [ -62.543884816938181, -31.665198786344071 ], [ -62.543875508418097, -31.665160860000306 ], [ -62.543875649487475, -31.665131989592606 ], [ -62.543866340977445, -31.665094063247878 ], [ -62.543853788566587, -31.66507236519498 ], [ -62.543831716049738, -31.665056046405361 ], [ -62.5438148384331, -31.66505598607127 ], [ -62.543792726244178, -31.665047787077182 ], [ -62.543780120944753, -31.665036915420039 ], [ -62.543770719885053, -31.665017935273426 ], [ -62.543770790435573, -31.665003500069467 ], [ -62.543751895729059, -31.664984485979307 ], [ -62.543726632241771, -31.664973569058727 ], [ -62.5436823682303, -31.664965290838669 ], [ -62.543648613030605, -31.664965170129051 ], [ -62.543604349030389, -31.664956891882021 ], [ -62.543579085568147, -31.664945974932394 ], [ -62.543560190912551, -31.66492696081416 ], [ -62.543560261495365, -31.664912525610418 ], [ -62.543550860492779, -31.664893545447793 ], [ -62.543538255242439, -31.664882673766947 ], [ -62.543516143119284, -31.664874474725337 ], [ -62.543499265536227, -31.664874414349807 ], [ -62.543477153418522, -31.664866215301487 ], [ -62.543464548180502, -31.664855343613421 ], [ -62.543455147203083, -31.664836363443804 ], [ -62.543455217801906, -31.66482192824007 ], [ -62.543436323196545, -31.6648029141036 ], [ -62.543411059795829, -31.664791997121046 ], [ -62.543366795899658, -31.664783718792361 ], [ -62.543333040767102, -31.664783597999879 ], [ -62.543288617977133, -31.664807798852046 ], [ -62.543263142707346, -31.664840187450505 ], [ -62.543243877322183, -31.664896958102943 ], [ -62.5432436654269, -31.664940263712218 ], [ -62.543195919050866, -31.664996932410073 ], [ -62.543132469073711, -31.665029185036722 ], [ -62.543021590508538, -31.665053147850866 ], [ -62.542937202438047, -31.665052845622352 ], [ -62.542826403330572, -31.665060568663844 ], [ -62.542763059244407, -31.665071168302184 ], [ -62.542715498135166, -31.665089944411438 ], [ -62.542715427421221, -31.665104379613069 ], [ -62.542696347279652, -31.665123257772901 ], [ -62.542670977799823, -31.665133993446613 ], [ -62.542626634242076, -31.665141954462285 ], [ -62.542592878983484, -31.665141833472802 ], [ -62.542548614998047, -31.665133554859882 ], [ -62.542523351614449, -31.665122637702257 ], [ -62.542504457140609, -31.665103623429921 ], [ -62.542504527887189, -31.665089188228716 ], [ -62.542495127082937, -31.665070207990695 ], [ -62.542482521933309, -31.665059336206799 ], [ -62.542460409863601, -31.665051136982946 ], [ -62.542443532251085, -31.665051076467496 ], [ -62.542421300780511, -31.665067236638833 ], [ -62.542408536426976, -31.665088844050118 ], [ -62.542398857013495, -31.665126702409086 ], [ -62.542398715487423, -31.665155572810875 ], [ -62.54242701074854, -31.665193567341998 ], [ -62.542464879305165, -31.66521535630541 ], [ -62.542531255436209, -31.665231834163173 ], [ -62.542581888372602, -31.665232015668963 ], [ -62.542648264536936, -31.665248493466127 ], [ -62.542686133168168, -31.665270282364403 ], [ -62.542714428581277, -31.665308276832558 ], [ -62.542714287151796, -31.665337147234769 ], [ -62.542723595215627, -31.665375073657895 ], [ -62.542736147402124, -31.665396771818866 ], [ -62.542758219804796, -31.665413090796047 ], [ -62.542775097483499, -31.665413151270513 ], [ -62.54279701081677, -31.665461949443287 ], [ -62.542809350930234, -31.665526953199688 ], [ -62.542818287878788, -31.665640664418905 ], [ -62.54281786368059, -31.66572727562194 ], [ -62.542807813179842, -31.665840918810243 ], [ -62.542794836695691, -31.665905831857447 ], [ -62.542772445987886, -31.665954471286117 ], [ -62.542755568211319, -31.6659544108104 ], [ -62.542749385938841, -31.665956650735129 ], [ -62.542733376353262, -31.665962451232453 ], [ -62.542720664983158, -31.665973232271735 ], [ -62.542711078415849, -31.665992144450055 ], [ -62.54271100769872, -31.666006579649615 ], [ -62.542729902395429, -31.666025593890812 ], [ -62.542755166046739, -31.666036511008546 ], [ -62.54279943047851, -31.666044789552856 ], [ -62.542833186064648, -31.666044910490786 ], [ -62.542877569799607, -31.66602882960845 ], [ -62.542902992516353, -31.666007267497303 ], [ -62.542922165572847, -31.665969443110423 ], [ -62.54292230694152, -31.665940572710227 ], [ -62.542960467464816, -31.665902816327126 ], [ -62.543011206773777, -31.665881344865408 ], [ -62.543099894523898, -31.665865422559165 ], [ -62.543167405569378, -31.665865664265901 ], [ -62.543255934356253, -31.665882221052854 ], [ -62.543306461713399, -31.665904055075949 ], [ -62.543344251318381, -31.665942083381751 ], [ -62.543344110080184, -31.665970953783646 ], [ -62.543353418460391, -31.666008880160089 ], [ -62.543365970877431, -31.666030578259118 ], [ -62.543388043540055, -31.666046897128211 ], [ -62.543404921334854, -31.66604695752045 ], [ -62.543427033724406, -31.66605515658237 ], [ -62.543439639118226, -31.66606602827358 ], [ -62.543449040213105, -31.666085008441826 ], [ -62.543448969609841, -31.666099443642675 ], [ -62.543458370709907, -31.666118423810193 ], [ -62.543470976115856, -31.666129295498308 ], [ -62.543493088530752, -31.666137494548906 ], [ -62.543509966342185, -31.666137554927399 ], [ -62.543532158176923, -31.666129514370269 ], [ -62.543544869475859, -31.666118733249721 ], [ -62.543554455888376, -31.666099821007677 ], [ -62.543554526475319, -31.66608538580661 ], [ -62.543573606644159, -31.666066507521517 ], [ -62.543598976277337, -31.666055771671342 ], [ -62.543643320191634, -31.66604781032224 ], [ -62.543677075782796, -31.666047931036942 ], [ -62.543721340305922, -31.666056209262273 ], [ -62.543746604083964, -31.666067126184835 ], [ -62.543765499005701, -31.666086140274608 ], [ -62.54376542845138, -31.666100575476097 ], [ -62.543793817151141, -31.666119623504592 ], [ -62.543831739313106, -31.666130585664664 ], [ -62.54389815601867, -31.666138943016563 ], [ -62.543948789456792, -31.666139123984621 ], [ -62.544015285510064, -31.666131241673654 ], [ -62.544053313468474, -31.666120550965189 ] ] ], [ [ [ -62.538925076277415, -31.663061582949936 ], [ -62.53903236450639, -31.663508819997407 ], [ -62.539073236476035, -31.663679195986099 ], [ -62.539180526087691, -31.664126432879332 ], [ -62.539206997133924, -31.664244695864223 ], [ -62.539217081359162, -31.664289748428047 ], [ -62.539243552495428, -31.664408011403207 ], [ -62.539285437471669, -31.664408162628284 ], [ -62.539301393653183, -31.664408220234222 ], [ -62.539322376212134, -31.664400176041063 ], [ -62.539334396773427, -31.664389392844949 ], [ -62.539343465617598, -31.664370479049769 ], [ -62.539343536850943, -31.66435604385331 ], [ -62.539353123924897, -31.664337131928036 ], [ -62.539365835454326, -31.664326351223046 ], [ -62.539388027204033, -31.664318311383635 ], [ -62.539404904676836, -31.664318372301942 ], [ -62.539427096421356, -31.664310332455681 ], [ -62.539439807938649, -31.664299551743138 ], [ -62.539449394987244, -31.664280639810251 ], [ -62.539449466203948, -31.664266204613359 ], [ -62.539459053247093, -31.664247292679587 ], [ -62.539471764752058, -31.664236511963647 ], [ -62.539493956471425, -31.664228472105421 ], [ -62.539510833928233, -31.66422853300957 ], [ -62.539533025642406, -31.664220493144473 ], [ -62.539545737135235, -31.664209712420991 ], [ -62.539555324153021, -31.664190800479592 ], [ -62.539555395353098, -31.664176365282284 ], [ -62.539564982365413, -31.66415745334 ], [ -62.539577693845914, -31.664146672613121 ], [ -62.53959988553494, -31.664138632736059 ], [ -62.539616762975754, -31.664138693626036 ], [ -62.539638954659587, -31.664130653742127 ], [ -62.539651666127952, -31.664119873007717 ], [ -62.539661253114915, -31.664100961057787 ], [ -62.539661324298358, -31.664086525860068 ], [ -62.539680404833184, -31.664067648154802 ], [ -62.53970577435782, -31.664056913074372 ], [ -62.539750117634846, -31.664048953069837 ], [ -62.539783872484811, -31.664049074807526 ], [ -62.539828095673464, -31.664065474172602 ], [ -62.539853305085124, -31.664087218258508 ], [ -62.539872105425239, -31.664125179116834 ], [ -62.539871963123268, -31.664154049512913 ], [ -62.539890763484095, -31.664192010368296 ], [ -62.539915972944307, -31.664213754441839 ], [ -62.539960196234411, -31.664230153761682 ], [ -62.539993951150883, -31.664230275444432 ], [ -62.540038294487175, -31.66422231534052 ], [ -62.54006366401385, -31.664211580189207 ], [ -62.540082744493994, -31.66419270242362 ], [ -62.540082815612521, -31.664178267225246 ], [ -62.540073415392321, -31.66415928681166 ], [ -62.540060810649486, -31.664148414790848 ], [ -62.540038699012676, -31.664140215150272 ], [ -62.540021821570576, -31.66414015431609 ], [ -62.539999749950546, -31.664123834869727 ], [ -62.539987198570927, -31.664102136442953 ], [ -62.539977891741685, -31.664064209824453 ], [ -62.539978034010403, -31.664035339427514 ], [ -62.539997207830986, -31.663997515475888 ], [ -62.540022630646298, -31.663975953932805 ], [ -62.54006701386438, -31.663959874018094 ], [ -62.540100768683651, -31.663959995671664 ], [ -62.540145031885814, -31.663968275127846 ], [ -62.540170294674496, -31.663979192752681 ], [ -62.540189188443769, -31.663998207367289 ], [ -62.540189117342187, -31.664012642566274 ], [ -62.540208011122019, -31.664031657178118 ], [ -62.540233273935279, -31.664042574790585 ], [ -62.540277537188871, -31.664050854201207 ], [ -62.540311292042027, -31.664050975799398 ], [ -62.540355515326603, -31.664067374982579 ], [ -62.540380724862985, -31.664089118965457 ], [ -62.540399525418962, -31.66412707974812 ], [ -62.540399383280082, -31.664155950146323 ], [ -62.540389703155391, -31.664193808351591 ], [ -62.540376938456298, -31.664215415559287 ], [ -62.540354706833526, -31.664231575371186 ], [ -62.54033782937416, -31.664231514578642 ], [ -62.540315597740829, -31.664247674383585 ], [ -62.540302833017158, -31.664269281583461 ], [ -62.540293152841052, -31.664307139780234 ], [ -62.540293010668286, -31.664336010177202 ], [ -62.540302317651516, -31.664373936772591 ], [ -62.540314869140509, -31.664395635168489 ], [ -62.540336940879989, -31.664411954560794 ], [ -62.540353818371976, -31.664412015353772 ], [ -62.540375890122192, -31.664428334739377 ], [ -62.540388441635521, -31.664450033128109 ], [ -62.540397748668383, -31.664487959716329 ], [ -62.540397606526966, -31.664516830112891 ], [ -62.540406913569875, -31.664554756700166 ], [ -62.540419465107071, -31.664576455085619 ], [ -62.540441536907416, -31.664592774459944 ], [ -62.540458414432337, -31.664592835239397 ], [ -62.540480526213656, -31.664601034808051 ], [ -62.540493131066349, -31.664611906787677 ], [ -62.540502531416671, -31.664630887170237 ], [ -62.540502460361786, -31.664645322368433 ], [ -62.540483379872008, -31.664664200195361 ], [ -62.540458010268836, -31.664674935428643 ], [ -62.540413666750922, -31.664682895676155 ], [ -62.540379911668786, -31.664682774102875 ], [ -62.540335568140833, -31.664690734323141 ], [ -62.540310198513779, -31.664701469526754 ], [ -62.540291117973865, -31.664720347324288 ], [ -62.540291046886054, -31.664734782521847 ], [ -62.54028145995931, -31.66475369451782 ], [ -62.540268748475604, -31.664764475313763 ], [ -62.540246556693184, -31.66477251530549 ], [ -62.540229679136289, -31.664772454497712 ], [ -62.540207447354426, -31.664788614281044 ], [ -62.540194682530263, -31.664810221467324 ], [ -62.540185002251448, -31.664848079651762 ], [ -62.540184860042231, -31.664876950045826 ], [ -62.540194167032496, -31.664914876645994 ], [ -62.540206718567305, -31.664936575051147 ], [ -62.540228790414311, -31.664952894461813 ], [ -62.540245668003841, -31.664952955270017 ], [ -62.540267779850879, -31.664961154875705 ], [ -62.5402803847266, -31.664972026875962 ], [ -62.540289785068779, -31.66499100727307 ], [ -62.540289713980002, -31.665005442470004 ], [ -62.540280127024474, -31.665024354464801 ], [ -62.540267415503351, -31.665035135259799 ], [ -62.540245223656179, -31.665043175250343 ], [ -62.540228346050341, -31.665043114441929 ], [ -62.540206154197989, -31.665051154425626 ], [ -62.54019344266473, -31.6650619352131 ], [ -62.540183855683836, -31.665080847200247 ], [ -62.540183784578431, -31.665095282396784 ], [ -62.54013622295053, -31.665114057539569 ], [ -62.540072878539846, -31.665124655839161 ], [ -62.539962079142384, -31.665132376390439 ], [ -62.539877691036466, -31.665132072138029 ], [ -62.53976689161626, -31.665139792519572 ], [ -62.539703547148534, -31.665150390635201 ], [ -62.539655985398142, -31.665169165597657 ], [ -62.539655914210861, -31.665183600792908 ], [ -62.539646327108777, -31.665202512738155 ], [ -62.53963361549075, -31.665213293468799 ], [ -62.539611423547868, -31.665221333347979 ], [ -62.539594545911321, -31.665221272455426 ], [ -62.539572353963258, -31.665229312327753 ], [ -62.539559642333096, -31.665240093050858 ], [ -62.539550055205645, -31.665259004988474 ], [ -62.539549984001738, -31.665273440183299 ], [ -62.539540518526444, -31.665292352559028 ], [ -62.539527969094152, -31.665303133864082 ], [ -62.539506060988771, -31.665311174748844 ], [ -62.539489399616514, -31.665311114622725 ], [ -62.539445663514527, -31.66531095678128 ], [ -62.539553034929149, -31.665790639153496 ], [ -62.539593938607332, -31.66597337526483 ], [ -62.539701311503187, -31.666453057477106 ], [ -62.53981590360516, -31.666883609233238 ], [ -62.539859558010868, -31.667047628917803 ], [ -62.539974151538914, -31.667478180505686 ], [ -62.540012960913153, -31.667478320412112 ], [ -62.540027745436745, -31.667478373706686 ], [ -62.54004719013642, -31.667470323858382 ], [ -62.540058331876764, -31.667459537433302 ], [ -62.540066741527873, -31.667440621220649 ], [ -62.540066812657891, -31.667426186029658 ], [ -62.540076399909459, -31.667407274060761 ], [ -62.540089111779004, -31.667396493292056 ], [ -62.54011130420141, -31.667388453337097 ], [ -62.540128182231022, -31.667388514165008 ], [ -62.540150374648256, -31.667380474203171 ], [ -62.540163086505665, -31.667369693426942 ], [ -62.540172673731867, -31.667350781450399 ], [ -62.540172744845258, -31.667336346258995 ], [ -62.540220307604187, -31.667317571119817 ], [ -62.540283653490505, -31.667306972764678 ], [ -62.540394455448698, -31.667299251961122 ], [ -62.540478845519978, -31.667299555890335 ], [ -62.540589647455405, -31.667291834917044 ], [ -62.540652993284681, -31.667281236377942 ], [ -62.540700555921099, -31.667262461058407 ], [ -62.540700626952599, -31.667248025865739 ], [ -62.540719707933839, -31.667229148018549 ], [ -62.540745078205624, -31.667218412743839 ], [ -62.54078942290414, -31.667210452395523 ], [ -62.540823178902258, -31.667210573869109 ], [ -62.540867363828134, -31.66723509267797 ], [ -62.540892521079627, -31.667267662952987 ], [ -62.540911229281839, -31.667324569840194 ], [ -62.540911016284255, -31.667367875418844 ], [ -62.540929724517071, -31.667424782302728 ], [ -62.540954881840754, -31.66745735256519 ], [ -62.540999066917799, -31.667481871328945 ], [ -62.541032823015072, -31.667481992748012 ], [ -62.541086621795507, -31.667482186241184 ], [ -62.541121432771369, -31.667482311430579 ], [ -62.541124597405549, -31.667482322810951 ], [ -62.541165737650047, -31.667482470748784 ], [ -62.541182615699164, -31.667482531437386 ], [ -62.541204808050402, -31.667474491291639 ], [ -62.541217519800334, -31.667463710409478 ], [ -62.541227106823818, -31.667444798352058 ], [ -62.541227177774388, -31.667430363158729 ], [ -62.541236764792416, -31.667411451100424 ], [ -62.54124947653002, -31.667400670214867 ], [ -62.541270540432826, -31.667393038878824 ], [ -62.541271668856098, -31.667392630057147 ], [ -62.54128854688922, -31.667392690731582 ], [ -62.54132019320145, -31.667392804490145 ], [ -62.541345510251368, -31.667392895491329 ], [ -62.541377156563925, -31.667393009235784 ], [ -62.541394034597353, -31.667393069896264 ], [ -62.541416266802649, -31.667376909916722 ], [ -62.541429031704361, -31.667355302617565 ], [ -62.541438711753067, -31.667317444351283 ], [ -62.541438853588005, -31.66728857396317 ], [ -62.541429545866656, -31.667250647460829 ], [ -62.541416993741848, -31.667228949178138 ], [ -62.541394921151387, -31.667212629971743 ], [ -62.541378043150566, -31.667212569311687 ], [ -62.541355970570848, -31.667196250098588 ], [ -62.541343418470369, -31.66717455180871 ], [ -62.54133411079868, -31.667136625299193 ], [ -62.541334252664967, -31.66710775491071 ], [ -62.541362920446844, -31.667069964897479 ], [ -62.541401002274611, -31.667048448591657 ], [ -62.541467539062815, -31.667032447820631 ], [ -62.541518172968324, -31.667032629757699 ], [ -62.541584669847978, -31.66702474872244 ], [ -62.54162269844074, -31.66701405874592 ], [ -62.541651273042518, -31.666995214859657 ], [ -62.541651343926254, -31.666980779664463 ], [ -62.541622955410233, -31.666961731163546 ], [ -62.541585033179771, -31.666950768347743 ], [ -62.541518616120122, -31.66694240978941 ], [ -62.541467982263541, -31.666942227852982 ], [ -62.541401605114949, -31.666925749436782 ], [ -62.541363736121902, -31.666903960159416 ], [ -62.541335440787186, -31.666865965401875 ], [ -62.541335582651563, -31.666837095012138 ], [ -62.541354756514984, -31.666799270873323 ], [ -62.541380179791709, -31.666777709073514 ], [ -62.541424564120526, -31.666761628704091 ], [ -62.541458319959354, -31.666761750008138 ], [ -62.541502784036702, -31.666729430016414 ], [ -62.541528313613327, -31.666686215392943 ], [ -62.541547673476536, -31.666610498834274 ], [ -62.541547957070989, -31.666552758050649 ], [ -62.541557823088347, -31.666477007379527 ], [ -62.541570694173743, -31.666433747267309 ], [ -62.541593005870752, -31.666401347656162 ], [ -62.541609883725378, -31.666401408286408 ], [ -62.541632075782537, -31.666393368062192 ], [ -62.54164478733481, -31.666382587133793 ], [ -62.541654374158256, -31.666363675039179 ], [ -62.541654445039754, -31.66634923984255 ], [ -62.541664031857735, -31.666330327747069 ], [ -62.541676743397687, -31.666319546815249 ], [ -62.541698935429665, -31.666311506579088 ], [ -62.541715813268318, -31.666311567195169 ], [ -62.541738045158603, -31.66629540715385 ], [ -62.541750809835086, -31.666273799816729 ], [ -62.541760489635749, -31.666235941517339 ], [ -62.541760631365186, -31.66620707112304 ], [ -62.541751323614932, -31.666169144637525 ], [ -62.541738771557078, -31.666147446383498 ], [ -62.541716699162933, -31.666131127231878 ], [ -62.541699821356914, -31.666131066616224 ], [ -62.541677709105052, -31.666122867256366 ], [ -62.541665103911107, -31.666111995393074 ], [ -62.541655703178044, -31.66609301509687 ], [ -62.541655774058597, -31.666078579899636 ], [ -62.541636879572174, -31.666059565501506 ], [ -62.541611616048328, -31.666048648163596 ], [ -62.541567351725355, -31.666040369208226 ], [ -62.541533596146891, -31.666040247935484 ], [ -62.541489371719877, -31.666023849154797 ], [ -62.541464161405735, -31.666002105390099 ], [ -62.541445360047028, -31.665964144767742 ], [ -62.541445501872424, -31.665935274373474 ], [ -62.541455181759723, -31.665897416096072 ], [ -62.5414679464457, -31.665875808786026 ], [ -62.54149017827357, -31.665859648786213 ], [ -62.541507056030021, -31.665859709429135 ], [ -62.541529287847339, -31.665843549422377 ], [ -62.54154205250871, -31.665821942104479 ], [ -62.541551732344601, -31.665784083818608 ], [ -62.541551874136111, -31.665755213423097 ], [ -62.541571047684371, -31.665717389242445 ], [ -62.54159647061379, -31.665695827392614 ], [ -62.541640854389478, -31.66567974694 ], [ -62.541674609838083, -31.665679868183151 ], [ -62.541718874000502, -31.665688147100266 ], [ -62.541744137440155, -31.665699064416739 ], [ -62.541763031876606, -31.665718078799564 ], [ -62.541762961013639, -31.665732513997849 ], [ -62.541772361733258, -31.665751494287047 ], [ -62.541784966891697, -31.665762366140029 ], [ -62.541807079068228, -31.665770565481047 ], [ -62.541823956809317, -31.665770626081905 ], [ -62.541846188551077, -31.665754466018996 ], [ -62.541858953127061, -31.665732858668282 ], [ -62.541868632825029, -31.665695000356536 ], [ -62.541868774518022, -31.665666129959337 ], [ -62.541878454204749, -31.665628271646344 ], [ -62.541891218755673, -31.665606664291765 ], [ -62.541913450446515, -31.665590504216222 ], [ -62.54193032815531, -31.665590564802709 ], [ -62.5419525598356, -31.665574404720221 ], [ -62.541965324361932, -31.665552797357812 ], [ -62.54197500399723, -31.665514939036328 ], [ -62.541975145656338, -31.665486068637886 ], [ -62.541965837886842, -31.665448142163605 ], [ -62.541953285873625, -31.665426443928695 ], [ -62.541931213610347, -31.665410124813601 ], [ -62.54191433593418, -31.665410064227537 ], [ -62.541892144135595, -31.665418104504525 ], [ -62.541879432744352, -31.665428885460713 ], [ -62.541869846064749, -31.665447797576345 ], [ -62.541869775219048, -31.665462232775443 ], [ -62.541850694834004, -31.665481110805452 ], [ -62.541825325161305, -31.665491846308576 ], [ -62.541780981364845, -31.665499807027643 ], [ -62.541747225980842, -31.665499685813252 ], [ -62.541702961904939, -31.665491406906565 ], [ -62.541677698526094, -31.665480489582151 ], [ -62.541658804154658, -31.665461475186603 ], [ -62.541658875032986, -31.665447039987914 ], [ -62.541668461755052, -31.665428127888546 ], [ -62.541681173170268, -31.66541734695361 ], [ -62.541703364986375, -31.665409306713492 ], [ -62.541720242661917, -31.665409367327442 ], [ -62.541742434472837, -31.665401327080467 ], [ -62.541755145875932, -31.665390546137992 ], [ -62.541764732572624, -31.665371634030979 ], [ -62.541764803434326, -31.665357198831874 ], [ -62.541783883810908, -31.665338320814264 ], [ -62.54180925344631, -31.665327585318753 ], [ -62.541853597158479, -31.665319624588861 ], [ -62.541887352477886, -31.6653197457745 ], [ -62.541931696180001, -31.665311785017366 ], [ -62.541957065791536, -31.665301049492193 ], [ -62.541976146117996, -31.665282171445195 ], [ -62.541976216946743, -31.665267736245461 ], [ -62.541985803585945, -31.665248824120926 ], [ -62.541998514940239, -31.665238043153508 ], [ -62.542020706686898, -31.665230002857299 ], [ -62.542037584330757, -31.665230063428982 ], [ -62.542059696404557, -31.665238262725929 ], [ -62.542072301528293, -31.66524913455104 ], [ -62.542081702263715, -31.665268114819035 ], [ -62.542081631451268, -31.665282550018976 ], [ -62.542100525873899, -31.665301564352927 ], [ -62.542125789255124, -31.665312481593926 ], [ -62.542170053285801, -31.66532076035373 ], [ -62.542203808607098, -31.665320881455671 ], [ -62.542248072649009, -31.665329160188509 ], [ -62.542273336055288, -31.665340077400501 ], [ -62.542292230528851, -31.66535909170636 ], [ -62.542292159748698, -31.665373526906528 ], [ -62.542311054232805, -31.665392541209602 ], [ -62.542336317663676, -31.665403458409241 ], [ -62.542380581757001, -31.665411737096498 ], [ -62.542414337112184, -31.665411858143059 ], [ -62.542458680815606, -31.665403897202886 ], [ -62.542484050393057, -31.665393161572766 ], [ -62.54250313063303, -31.665374283446393 ], [ -62.542503201380548, -31.665359848245807 ], [ -62.542493800550027, -31.665340868008244 ], [ -62.542481195364417, -31.66532999622433 ], [ -62.542459083231023, -31.665321797 ], [ -62.542442205569571, -31.665321736483893 ], [ -62.542420093441635, -31.665313537252853 ], [ -62.542407488268367, -31.665302665461724 ], [ -62.542398087462999, -31.665283685217162 ], [ -62.542398158226511, -31.665269250016582 ], [ -62.542379263749133, -31.665250235726109 ], [ -62.542354000354365, -31.66523931853505 ], [ -62.542309736345082, -31.665231039839163 ], [ -62.542275981055759, -31.665230918765555 ], [ -62.542231717057724, -31.665222640042696 ], [ -62.542206453688017, -31.665211722822605 ], [ -62.542187559261549, -31.665192708504048 ], [ -62.54218763005737, -31.665178273303678 ], [ -62.542178229309116, -31.665159293043104 ], [ -62.542165624184911, -31.665148421228302 ], [ -62.542143512122756, -31.665140221949724 ], [ -62.542126634494885, -31.665140161392198 ], [ -62.54210460209773, -31.665115722506524 ], [ -62.542092103203522, -31.665083197883948 ], [ -62.542082888364661, -31.665026325215099 ], [ -62.542083100799154, -31.664983019613409 ], [ -62.542073885974872, -31.664926146943156 ], [ -62.542061387115943, -31.664893622316946 ], [ -62.542039354793367, -31.664869183419782 ], [ -62.542022477214744, -31.664869122848948 ], [ -62.542000205877478, -31.664893402747488 ], [ -62.541987388331783, -31.664925836516968 ], [ -62.541977615804328, -31.664982641044027 ], [ -62.541977403320907, -31.665025946645081 ], [ -62.541967630776107, -31.665082751170342 ], [ -62.541954813192284, -31.665115184935239 ], [ -62.541932541778024, -31.6651394648203 ], [ -62.541915664150785, -31.665139404234885 ], [ -62.541893552113272, -31.665131204913202 ], [ -62.541880947026335, -31.665120333070568 ], [ -62.541871546346421, -31.665101352787875 ], [ -62.541871617190857, -31.665086917587939 ], [ -62.541862216516122, -31.665067937304503 ], [ -62.541849611441329, -31.66505706545879 ], [ -62.541827499429168, -31.665048866125801 ], [ -62.541810621818563, -31.665048805526638 ], [ -62.541788509811859, -31.665040606186931 ], [ -62.5417759047494, -31.665029734334006 ], [ -62.541766504099826, -31.665010754043585 ], [ -62.541766574960256, -31.664996318843667 ], [ -62.541757174315862, -31.664977338552507 ], [ -62.541744569265539, -31.664966466696505 ], [ -62.541722457284202, -31.664958267345483 ], [ -62.541705579690216, -31.664958206732589 ], [ -62.54168346771435, -31.664950007374848 ], [ -62.541670862676341, -31.664939135511624 ], [ -62.541661462057107, -31.66492015521349 ], [ -62.541661532933531, -31.664905720013575 ], [ -62.541633145040997, -31.664886671514704 ], [ -62.541595223649161, -31.664875708706351 ], [ -62.541528808062587, -31.664867350164617 ], [ -62.541478175331491, -31.664867168242854 ], [ -62.541411759762262, -31.664858809640339 ], [ -62.541373838408553, -31.664847846766499 ], [ -62.541345450593013, -31.664828798204187 ], [ -62.541345521518046, -31.664814363004702 ], [ -62.541364601866235, -31.664795485047929 ], [ -62.541389971400427, -31.664784749633942 ], [ -62.541434314887994, -31.664776789046954 ], [ -62.541468070009117, -31.664776910341644 ], [ -62.541512413486636, -31.664768949727438 ], [ -62.541537782996969, -31.664758214283772 ], [ -62.541556863295028, -31.664739336297604 ], [ -62.541556934187113, -31.664724901097493 ], [ -62.541566520853664, -31.664705989003135 ], [ -62.541579232181114, -31.664695208076314 ], [ -62.541601423833299, -31.664687167851461 ], [ -62.54161830137803, -31.664687228477671 ], [ -62.541640572763882, -31.664662948645496 ], [ -62.541653390392334, -31.664630514910325 ], [ -62.541663163077139, -31.664573710406469 ], [ -62.541663375702591, -31.66453040480426 ], [ -62.541644667578304, -31.664473498003428 ], [ -62.541619510802853, -31.664440927867105 ], [ -62.541575326989118, -31.664416409318655 ], [ -62.541541571997854, -31.664416288053566 ], [ -62.541497308453593, -31.664408009079189 ], [ -62.541472045390904, -31.664397091715216 ], [ -62.541453151278169, -31.664378077288468 ], [ -62.541453222185304, -31.664363642087753 ], [ -62.541443821666974, -31.664344661772834 ], [ -62.541431216738019, -31.664333789885962 ], [ -62.541409104934061, -31.664325590481521 ], [ -62.541392227455205, -31.664325529828254 ], [ -62.541370115656711, -31.664317330417099 ], [ -62.54135751074007, -31.664306458522997 ], [ -62.541348110246908, -31.664287478201103 ], [ -62.541348181170029, -31.664273043000385 ], [ -62.541329287107558, -31.66425402855543 ], [ -62.541304024106381, -31.664243111158527 ], [ -62.541259760666186, -31.664234832102501 ], [ -62.541226005742061, -31.664234710754549 ], [ -62.541181742313107, -31.664226431671562 ], [ -62.541156479336991, -31.664215514245626 ], [ -62.541137585325423, -31.664196499772576 ], [ -62.541137656280853, -31.664182064572071 ], [ -62.541128255844797, -31.664163084234168 ], [ -62.54111565097724, -31.664152212316392 ], [ -62.541093539244507, -31.664144012857701 ], [ -62.541076661799231, -31.664143952163016 ], [ -62.541054669830586, -31.66411139329681 ], [ -62.54104222466087, -31.66406804217063 ], [ -62.541033103704365, -31.663992223223012 ], [ -62.541033387588122, -31.663934482419833 ], [ -62.541024266650446, -31.663858663470204 ], [ -62.54101182152705, -31.663815312339782 ], [ -62.540989829657114, -31.663782753461682 ], [ -62.540972952277386, -31.663782692753902 ], [ -62.540950840644626, -31.663774493270967 ], [ -62.540938235849843, -31.663763621335686 ], [ -62.540928835495556, -31.663744640982635 ], [ -62.540928906482009, -31.663730205781526 ], [ -62.540966973726796, -31.663711396182226 ], [ -62.541017659056877, -31.663700751899871 ], [ -62.541106305138143, -31.6636929507582 ], [ -62.541173814593691, -31.663693193504781 ], [ -62.541262380854533, -31.663701631856522 ], [ -62.541312959756702, -31.663712640259394 ], [ -62.541350840750432, -31.663731722949922 ], [ -62.541350769829229, -31.663746158151866 ], [ -62.541360170269847, -31.663765138474652 ], [ -62.541372775114517, -31.663776010368707 ], [ -62.541394886785646, -31.663784209778893 ], [ -62.541411764166639, -31.663784270430881 ], [ -62.541433835957193, -31.663800589635461 ], [ -62.541446387635276, -31.663822287923786 ], [ -62.541455695039701, -31.663860214442067 ], [ -62.541455553228928, -31.66388908484576 ], [ -62.541464860643394, -31.663927011363068 ], [ -62.541477412345358, -31.663948709648132 ], [ -62.541499484186033, -31.663965028841421 ], [ -62.54151636159996, -31.663965089479873 ], [ -62.541538553083015, -31.663957049263445 ], [ -62.541551264310563, -31.663946268337202 ], [ -62.541560850896253, -31.663927356240226 ], [ -62.541560921785482, -31.663912921038257 ], [ -62.541570508365702, -31.6638940089404 ], [ -62.541583219580914, -31.663883228010761 ], [ -62.541605411038823, -31.663875187782359 ], [ -62.541622288436749, -31.663875248406658 ], [ -62.541644400153757, -31.663883447773912 ], [ -62.541657005047682, -31.663894319640161 ], [ -62.541666405565401, -31.663913299940681 ], [ -62.541666334692479, -31.663927735142845 ], [ -62.541675735215378, -31.663946715442631 ], [ -62.541688340121439, -31.663957587305795 ], [ -62.541710451863814, -31.663965786661741 ], [ -62.541727329278373, -31.663965847272301 ], [ -62.541749441026205, -31.663974046621515 ], [ -62.541762045944601, -31.663984918477468 ], [ -62.54177144649266, -31.664003898770279 ], [ -62.541771375635733, -31.664018333972457 ], [ -62.541780776188972, -31.664037314264519 ], [ -62.541793381119497, -31.664048186117373 ], [ -62.541815492892688, -31.664056385455293 ], [ -62.541832370323874, -31.664056446052125 ], [ -62.541854442252635, -31.66407276518456 ], [ -62.541866994064797, -31.664094463431855 ], [ -62.541876301666214, -31.664132389919732 ], [ -62.541876159984014, -31.66416126032389 ], [ -62.541885467595471, -31.664199186810787 ], [ -62.5418980194315, -31.664220885054824 ], [ -62.54192009141039, -31.66423720417599 ], [ -62.541936968874523, -31.664237264759276 ], [ -62.541959080705212, -31.664245464072614 ], [ -62.541971685684537, -31.664256335907972 ], [ -62.541981086302037, -31.664275316185194 ], [ -62.541981015476772, -31.66428975138718 ], [ -62.541990416099445, -31.664308731663649 ], [ -62.542003021090906, -31.664319603495926 ], [ -62.542025132946954, -31.66432780279796 ], [ -62.542042010427714, -31.664327863367514 ], [ -62.542064281617378, -31.664303583458157 ], [ -62.542077099048207, -31.664271149676747 ], [ -62.542086871435131, -31.664214345134436 ], [ -62.542087083861048, -31.664171039527215 ], [ -62.542096856230636, -31.664114234983117 ], [ -62.542109673623351, -31.664081801197099 ], [ -62.542131944736013, -31.664057521274287 ], [ -62.542148822168166, -31.664057581829258 ], [ -62.542171013620269, -31.664049541502649 ], [ -62.542183724788323, -31.664038760512984 ], [ -62.542193311256227, -31.664019848367648 ], [ -62.54219338204792, -31.664005413164606 ], [ -62.542212462058821, -31.663986535075484 ], [ -62.542237831276637, -31.66397579948854 ], [ -62.542282174310536, -31.663967838601618 ], [ -62.542315929143172, -31.663967959669293 ], [ -62.542360192555549, -31.663976238358991 ], [ -62.542385455611132, -31.663987155547755 ], [ -62.542404349837462, -31.664006169838665 ], [ -62.542404279078383, -31.664020605042108 ], [ -62.542423173315257, -31.664039619330239 ], [ -62.542448436395425, -31.664050536506643 ], [ -62.542492699859224, -31.664058815150771 ], [ -62.542526454725724, -31.66405893616307 ], [ -62.542570917138498, -31.664026615769782 ], [ -62.542596445467979, -31.663983400902648 ], [ -62.542615803877908, -31.663907684136401 ], [ -62.54261608678182, -31.663849943319661 ], [ -62.542625951619357, -31.663774192523011 ], [ -62.542638821822237, -31.663730932276543 ], [ -62.542661132492753, -31.66369853245531 ], [ -62.542678009861255, -31.663698592939692 ], [ -62.542700121631704, -31.663706792124714 ], [ -62.542712726626355, -31.66371766388793 ], [ -62.542722127342401, -31.663736644113065 ], [ -62.542722056633217, -31.663751079317759 ], [ -62.542731457354449, -31.663770059542163 ], [ -62.542744062361237, -31.663780931302274 ], [ -62.542766174157059, -31.663789130475987 ], [ -62.542783051542173, -31.663789190946634 ], [ -62.54280528264372, -31.66377303070557 ], [ -62.542818046722054, -31.663751423247568 ], [ -62.54282772581611, -31.6637135648457 ], [ -62.542827867201567, -31.663684694435659 ], [ -62.542818559254933, -31.663646768011297 ], [ -62.542806007279225, -31.663625069854572 ], [ -62.542783935286828, -31.663608750884986 ], [ -62.542767057934327, -31.66360869041478 ], [ -62.54274494618096, -31.663600491241393 ], [ -62.542732341198167, -31.663589619481286 ], [ -62.54272294049445, -31.663570639256577 ], [ -62.542723011203002, -31.66355620405146 ], [ -62.542713610504464, -31.663537223826026 ], [ -62.542701005533807, -31.663526352062824 ], [ -62.542678893805807, -31.663518152878133 ], [ -62.542662016469926, -31.663518092394185 ], [ -62.542639904747382, -31.663509893202765 ], [ -62.542627299789054, -31.663499021432354 ], [ -62.542617899115676, -31.663480041199936 ], [ -62.542617969840222, -31.663465605994826 ], [ -62.542608569172025, -31.663446625761669 ], [ -62.542595964225832, -31.663435753988175 ], [ -62.542573852528648, -31.663427554785446 ], [ -62.542556975209393, -31.663427494287763 ], [ -62.542534903307363, -31.663411175275474 ], [ -62.542522351428914, -31.663389477090945 ], [ -62.542513043634578, -31.66335155064402 ], [ -62.542513185115347, -31.663322680233602 ], [ -62.54250387733105, -31.663284753785707 ], [ -62.542491325476469, -31.66326305559793 ], [ -62.54246925362456, -31.663246736574347 ], [ -62.542452376338247, -31.663246676063132 ], [ -62.542430185101509, -31.663254716441724 ], [ -62.542417474069531, -31.663265497458529 ], [ -62.542407887726263, -31.663284409624112 ], [ -62.542407816969735, -31.663298844829193 ], [ -62.542398230621011, -31.663317756993912 ], [ -62.542385519576719, -31.663328538007306 ], [ -62.542363328314799, -31.663336578373933 ], [ -62.542346451012492, -31.663336517848556 ], [ -62.542324379169045, -31.663320198800164 ], [ -62.542311827351753, -31.663298500595207 ], [ -62.542302519651741, -31.663260574133279 ], [ -62.542302661197098, -31.663231703723305 ], [ -62.54227436657127, -31.66319370915906 ], [ -62.542236498873848, -31.663171920140421 ], [ -62.542170124256764, -31.663155442138393 ], [ -62.542119492449608, -31.663155260479854 ], [ -62.542053157696927, -31.663130662614563 ], [ -62.542015343189895, -31.663098047127246 ], [ -62.541987141674106, -31.663041106293708 ], [ -62.541987354136559, -31.662997800679115 ], [ -62.541997126434651, -31.662940996131635 ], [ -62.542009943695518, -31.662908562348491 ], [ -62.542032214550048, -31.66288428243622 ], [ -62.542049091769854, -31.662884343002386 ], [ -62.542071282950118, -31.662876302689071 ], [ -62.542083993968042, -31.662865521705967 ], [ -62.542093580332505, -31.662846609563694 ], [ -62.542093651136369, -31.662832174358197 ], [ -62.542112730924373, -31.66281329627844 ], [ -62.542138099832826, -31.662802560706456 ], [ -62.542182442316182, -31.662794599847512 ], [ -62.542216196724141, -31.662794720937566 ], [ -62.542260459572269, -31.66280299965803 ], [ -62.542285722300221, -31.662813916865414 ], [ -62.542304616271672, -31.662832931172144 ], [ -62.542304545500407, -31.662847366378042 ], [ -62.542294959178413, -31.662866278536566 ], [ -62.542282248184478, -31.662877059540911 ], [ -62.542260057021728, -31.662885099891088 ], [ -62.542243179801289, -31.662885039352823 ], [ -62.542220988633368, -31.662893079696136 ], [ -62.542208277627289, -31.662903860692936 ], [ -62.542198691279928, -31.662922772843832 ], [ -62.542198620492051, -31.662937208049318 ], [ -62.542255488245104, -31.662956358584513 ], [ -62.542331382720057, -31.662967457386596 ], [ -62.542464251156254, -31.662976053777591 ], [ -62.542565514581511, -31.6629764167992 ], [ -62.542698462604726, -31.662968773339532 ], [ -62.542774463194284, -31.662958219068891 ], [ -62.542831516643098, -31.662939476931047 ], [ -62.542831587333126, -31.662925041724275 ], [ -62.542850666992557, -31.662906163533222 ], [ -62.542876035843413, -31.662895427814131 ], [ -62.542920378311393, -31.662887466698702 ], [ -62.542954132756392, -31.66288758759389 ], [ -62.542998355968635, -31.662903985863341 ], [ -62.543023565816704, -31.662925729330937 ], [ -62.543042367224245, -31.662963689739104 ], [ -62.543042225909119, -31.662992560153256 ], [ -62.54306102733738, -31.663030520558472 ], [ -62.543086237234, -31.663052264013707 ], [ -62.54313046054768, -31.663068662237929 ], [ -62.543164215059193, -31.663068783078163 ], [ -62.543208597316962, -31.663052702059275 ], [ -62.543234019138687, -31.663031139863758 ], [ -62.543253191434829, -31.662993315402492 ], [ -62.543253332684728, -31.66296444498748 ], [ -62.543272504959035, -31.662926620522708 ], [ -62.543297926731448, -31.66290505831358 ], [ -62.543342308888576, -31.662888977246833 ], [ -62.543376063336119, -31.662889098030416 ], [ -62.543420405760692, -31.662881136740801 ], [ -62.543445774540643, -31.662870400907703 ], [ -62.543464854065761, -31.662851522623381 ], [ -62.543464924657613, -31.662837087415141 ], [ -62.543474510740658, -31.662818175166372 ], [ -62.54348722159034, -31.662807394041785 ], [ -62.543509412631586, -31.662799353476956 ], [ -62.543526289839519, -31.662799413847612 ], [ -62.543548480875593, -31.662791373275937 ], [ -62.543561191713138, -31.662780592143811 ], [ -62.543570777770832, -31.662761679887403 ], [ -62.54357084834605, -31.662747244678734 ], [ -62.543589927820619, -31.662728366374875 ], [ -62.543615296539777, -31.66271763050726 ], [ -62.543659638863382, -31.662709669133335 ], [ -62.543693393247587, -31.66270978983238 ], [ -62.543737537141105, -31.66274242745672 ], [ -62.543762641301655, -31.662785823593527 ], [ -62.543781257808526, -31.662861676319519 ], [ -62.543780975636182, -31.662919417154605 ], [ -62.543799592183227, -31.662995269876721 ], [ -62.543824696439259, -31.663038666000535 ], [ -62.543868840533307, -31.663071303579667 ], [ -62.543902595049246, -31.663071424224601 ], [ -62.543946858185379, -31.663079702362431 ], [ -62.543972121189306, -31.663090619238055 ], [ -62.543991015562753, -31.663109633298046 ], [ -62.543990945051483, -31.663124068506733 ], [ -62.544009839435489, -31.663143082563938 ], [ -62.544035102464001, -31.66315399942722 ], [ -62.544079365651527, -31.663162277519451 ], [ -62.544113120201359, -31.663162398109016 ], [ -62.544157462696489, -31.663154436564252 ], [ -62.544182831468248, -31.66314370058501 ], [ -62.544201910902295, -31.663124822190408 ], [ -62.544201981380944, -31.663110386981298 ], [ -62.544211567344163, -31.663091474676818 ], [ -62.54422427814729, -31.663080693478829 ], [ -62.544246469191975, -31.663072652786191 ], [ -62.544263346451068, -31.663072713059833 ], [ -62.544285458216777, -31.663080911970884 ], [ -62.5442980633145, -31.663091783579496 ], [ -62.544307464293006, -31.663110763692153 ], [ -62.544307393830664, -31.663125198901469 ], [ -62.544316794814364, -31.663144179013383 ], [ -62.544329399924223, -31.663155050618908 ], [ -62.544351511715291, -31.663163249518654 ], [ -62.544368388990996, -31.663163309778554 ], [ -62.544390580043327, -31.663155269061011 ], [ -62.544403290834786, -31.663144487845191 ], [ -62.544412876761008, -31.663125575525338 ], [ -62.544412947207036, -31.663111140315806 ], [ -62.544422533127801, -31.663092227995083 ], [ -62.544435243906939, -31.663081446775852 ], [ -62.544457434934117, -31.663073406046358 ], [ -62.544474312193827, -31.663073466292101 ], [ -62.544496503215818, -31.663065425555747 ], [ -62.544509213982813, -31.663054644328984 ], [ -62.544518799878226, -31.663035732000619 ], [ -62.544518870307627, -31.663021296790681 ], [ -62.544528456197575, -31.66300238446145 ], [ -62.544541166952243, -31.662991603231283 ], [ -62.54456335794908, -31.662983562482957 ], [ -62.54458023519279, -31.662983622714545 ], [ -62.544602426184447, -31.662975581959376 ], [ -62.544615136926986, -31.662964800721674 ], [ -62.544624722791568, -31.662945888384797 ], [ -62.544624793204335, -31.662931453174441 ], [ -62.544632687626553, -31.662912534801105 ], [ -62.54464314310799, -31.662901745512936 ], [ -62.544661387389432, -31.662893690664387 ], [ -62.544675257618763, -31.662893740153958 ], [ -62.544711666970883, -31.662893870056902 ], [ -62.544707436565162, -31.66288791063613 ], [ -62.544705824982181, -31.662885640380562 ], [ -62.544701594577198, -31.662879680959602 ], [ -62.544491177184703, -31.66226022902687 ], [ -62.544488996956204, -31.662253810564717 ], [ -62.544411018899787, -31.662024247238111 ], [ -62.544200605296417, -31.661404794779759 ], [ -62.54410016624395, -31.661193830782789 ], [ -62.544061903865824, -31.661113463524352 ], [ -62.543961465433114, -31.660902499414512 ], [ -62.543118849971677, -31.661014767472519 ], [ -62.542797853090811, -31.661057534787506 ], [ -62.54195523492789, -31.661169795133169 ], [ -62.541972491248316, -31.66116985706832 ], [ -62.541979065084689, -31.661169880662055 ], [ -62.541987653411127, -31.661178031433394 ], [ -62.541992530677653, -31.661188875534911 ], [ -62.541996135517465, -31.66120783501767 ], [ -62.541996064703, -31.661222270226631 ], [ -62.542005465027962, -31.661241250508208 ], [ -62.542018069611636, -31.661252122340294 ], [ -62.542040180745992, -31.661260321636778 ], [ -62.542057057672238, -31.661260382199124 ], [ -62.542079168812052, -31.661268581488883 ], [ -62.542091773408053, -31.661279453313764 ], [ -62.542101173758169, -31.661298433588357 ], [ -62.542101102959698, -31.661312868797321 ], [ -62.542110503314994, -31.661331849071189 ], [ -62.542123107923132, -31.661342720892975 ], [ -62.542145219088297, -31.661350920171426 ], [ -62.542162096031177, -31.661350980720034 ], [ -62.542184207201792, -31.66135917999177 ], [ -62.542196811822265, -31.661370051806358 ], [ -62.542206212202714, -31.661389032073235 ], [ -62.54220614142023, -31.661403467282213 ], [ -62.542215541805859, -31.661422447548357 ], [ -62.542228146438468, -31.661433319359851 ], [ -62.542250257634443, -31.661441518620276 ], [ -62.542267134593949, -31.661441579155142 ], [ -62.542289245795388, -31.661449778408866 ], [ -62.542301850440317, -31.66146065021314 ], [ -62.542311250851107, -31.6614796304723 ], [ -62.542311180084617, -31.661494065681293 ], [ -62.542320580500579, -31.661513045939714 ], [ -62.542333185157652, -31.661523917740904 ], [ -62.542355296384443, -31.661532116983306 ], [ -62.542372173360576, -31.661532177504444 ], [ -62.542394284592831, -31.661540376740135 ], [ -62.54240688926221, -31.661551248534117 ], [ -62.542416289703347, -31.661570228785564 ], [ -62.542416218952845, -31.661584663994546 ], [ -62.542425619399154, -31.661603644245254 ], [ -62.542438224080684, -31.661614516036167 ], [ -62.542460335338298, -31.661622715260538 ], [ -62.542477212331043, -31.661622775767938 ], [ -62.542499244014053, -31.661647214595753 ], [ -62.542511742606095, -31.661679739192905 ], [ -62.542520957402687, -31.661736611859897 ], [ -62.542520745198203, -31.661779917486285 ], [ -62.542510973348868, -31.661836722088356 ], [ -62.542498156413416, -31.661869155930301 ], [ -62.542475885924596, -31.661893435931194 ], [ -62.542459008882915, -31.661893375423166 ], [ -62.542436817969914, -31.661901415807673 ], [ -62.542424107124994, -31.661912196829167 ], [ -62.542414520925576, -31.661931109000573 ], [ -62.542414450173808, -31.661945544208749 ], [ -62.54242385065514, -31.661964524458849 ], [ -62.542436455384646, -31.66197539624978 ], [ -62.542458566727149, -31.661983595474808 ], [ -62.542475443785143, -31.661983655983054 ], [ -62.542497555133117, -31.661991855201361 ], [ -62.542510159874936, -31.662002726985076 ], [ -62.542519560381436, -31.662021707228195 ], [ -62.542519489645656, -31.662036142436378 ], [ -62.542528890157335, -31.662055122678762 ], [ -62.542541494911291, -31.66206599445939 ], [ -62.542563606284624, -31.662074193666388 ], [ -62.542580483359238, -31.662074254160903 ], [ -62.542602554956268, -31.662090573165798 ], [ -62.542615106682739, -31.662112271345368 ], [ -62.542624414401594, -31.662150197791437 ], [ -62.542624272961689, -31.662179068207593 ], [ -62.542633580690577, -31.662216994652702 ], [ -62.542646132440915, -31.662238692828996 ], [ -62.542668204088081, -31.662255011822612 ], [ -62.542685081195629, -31.662255072303608 ], [ -62.542707192626459, -31.662263271486022 ], [ -62.542719797429193, -31.662274143249142 ], [ -62.542729198005134, -31.662293123476687 ], [ -62.542729127301016, -31.662307558684667 ], [ -62.542738527882136, -31.662326538911461 ], [ -62.542751132697006, -31.662337410671508 ], [ -62.542773244153196, -31.662345609842628 ], [ -62.542790121277363, -31.662345670309868 ], [ -62.54281223273901, -31.66235386947427 ], [ -62.542824837566222, -31.662364741227098 ], [ -62.542834238172489, -31.662383721446915 ], [ -62.542834167484372, -31.662398156654895 ], [ -62.542824581316452, -31.662417068855991 ], [ -62.542811870444829, -31.662427849915009 ], [ -62.542789679433795, -31.66243589035928 ], [ -62.5427728022933, -31.662435829891827 ], [ -62.542750491968746, -31.662468229742199 ], [ -62.542737621999116, -31.662511490010619 ], [ -62.542727757398765, -31.662587240832977 ], [ -62.542727474577866, -31.662644981662059 ], [ -62.542717609953783, -31.662720732481841 ], [ -62.542704739932645, -31.66276399274475 ], [ -62.542682429504708, -31.662796392580614 ], [ -62.542665552299304, -31.662796332098356 ], [ -62.54264359986356, -31.662755653693054 ], [ -62.542631207166842, -31.662701476302193 ], [ -62.542622177859457, -31.662606711231739 ], [ -62.542622531466336, -31.662534535195928 ], [ -62.54261350218173, -31.662439770122617 ], [ -62.542601109542062, -31.6623855927267 ], [ -62.542579157228808, -31.6623449143089 ], [ -62.542562280105273, -31.662344853813757 ], [ -62.542540009517907, -31.662369133823116 ], [ -62.542527192516999, -31.662401567664674 ], [ -62.542517420601619, -31.662458372261142 ], [ -62.542517208389526, -31.662501677882599 ], [ -62.542497943053192, -31.662558448443455 ], [ -62.542472468135045, -31.662590836898662 ], [ -62.542428046176667, -31.662615037467329 ], [ -62.542394291832679, -31.66261491643392 ], [ -62.542350029061026, -31.662606637760362 ], [ -62.542324766381185, -31.662595720565811 ], [ -62.542305872452978, -31.662576706261778 ], [ -62.542305943223269, -31.662562271055254 ], [ -62.542287049305607, -31.662543256748432 ], [ -62.542261786650343, -31.662532339541553 ], [ -62.542217523930105, -31.66252406082241 ], [ -62.54218376962001, -31.662523939733639 ], [ -62.542139506911006, -31.662515660987523 ], [ -62.542114244280803, -31.662504743751612 ], [ -62.542095350414044, -31.662485729416719 ], [ -62.542095421216636, -31.662471294210402 ], [ -62.542086020752691, -31.662452313937759 ], [ -62.542073416000783, -31.662441442112812 ], [ -62.542051304585037, -31.662433242820935 ], [ -62.542034427446787, -31.662433182255832 ], [ -62.542012395703679, -31.662408743350177 ], [ -62.541999897191928, -31.662376218708541 ], [ -62.541990682655168, -31.662319346012023 ], [ -62.54199089510999, -31.662276040392499 ], [ -62.54198168058781, -31.662219167694584 ], [ -62.541969182111337, -31.66218664304931 ], [ -62.541947150442795, -31.662162204132162 ], [ -62.541930273353778, -31.662162143553751 ], [ -62.541908241701215, -31.662137704629934 ], [ -62.541895743260952, -31.662105179977416 ], [ -62.541886528812363, -31.662048307271821 ], [ -62.541886741313242, -31.662005001651099 ], [ -62.541906006901478, -31.66194823118003 ], [ -62.541931481836443, -31.661915842834841 ], [ -62.541975903586263, -31.661891642434462 ], [ -62.542009657666775, -31.661891763576072 ], [ -62.542053999726903, -31.661883802756634 ], [ -62.542079368387981, -31.661873067192428 ], [ -62.542098447980301, -31.66185418911013 ], [ -62.542098518780683, -31.661839753902395 ], [ -62.542079625049986, -31.661820739564494 ], [ -62.542054362613939, -31.661809822317394 ], [ -62.54201010025475, -31.661801543528806 ], [ -62.541976346206852, -31.661801422387622 ], [ -62.541932123698508, -31.66178502376782 ], [ -62.541906914412039, -31.661763280086067 ], [ -62.541888113703784, -31.66172531951015 ], [ -62.541888255368825, -31.661696449094897 ], [ -62.541878947992579, -31.661658522595719 ], [ -62.541866396497795, -31.661636824344402 ], [ -62.541844325137333, -31.661620505213257 ], [ -62.541827448146478, -31.661620444622177 ], [ -62.54180533694641, -31.661612245288666 ], [ -62.541792732339701, -31.661601373435946 ], [ -62.541783332022895, -31.661582393139831 ], [ -62.541783402871232, -31.661567957932107 ], [ -62.541774002559606, -31.661548977635256 ], [ -62.541761397965026, -31.661538105779464 ], [ -62.541739286790317, -31.661529906434641 ], [ -62.541722409816089, -31.661529845829829 ], [ -62.541700298646838, -31.66152164647831 ], [ -62.541687694064592, -31.661510774615284 ], [ -62.541678293778112, -31.661491794311459 ], [ -62.541678364642451, -31.661477359103735 ], [ -62.541668964361158, -31.661458378799175 ], [ -62.541656359791048, -31.661447506933076 ], [ -62.541634248647156, -31.661439307570241 ], [ -62.541617371689554, -31.661439246951673 ], [ -62.541595260551112, -31.661431047582127 ], [ -62.541582655993324, -31.661420175708823 ], [ -62.541573255737184, -31.661401195397278 ], [ -62.54157332661751, -31.661386760189558 ], [ -62.541563926366564, -31.661367779877281 ], [ -62.541551321820904, -31.661356908000883 ], [ -62.541529210707836, -31.661348708620029 ], [ -62.541512333766853, -31.661348647987722 ], [ -62.541490222659235, -31.661340448600146 ], [ -62.54147761812591, -31.661329576716543 ], [ -62.54146821790011, -31.661310596397275 ], [ -62.541468288796416, -31.661296161189576 ], [ -62.541458888575818, -31.661277180869572 ], [ -62.541446284054622, -31.661266308982889 ], [ -62.541424172972349, -31.661258109583997 ], [ -62.541407296047993, -31.66125804893797 ], [ -62.541385149152653, -31.661257141242103 ], [ -62.541372496883461, -31.661255991627826 ], [ -62.541363013105752, -31.661254025290237 ], [ -62.541363020337727, -31.661252553122132 ], [ -62.541363039321652, -31.661248688680836 ], [ -62.540503885038838, -31.66136314189346 ], [ -62.540176587634399, -31.661406741590035 ], [ -62.539317430544017, -31.661521186784391 ], [ -62.539334269924048, -31.661521247571578 ], [ -62.539340684925989, -31.661521270728006 ], [ -62.539349064552205, -31.661529420921976 ], [ -62.539353822386175, -31.661540264690942 ], [ -62.539357337344839, -31.661559223919685 ], [ -62.539357266121414, -31.661573659122499 ], [ -62.539366665941806, -31.661592639592644 ], [ -62.539379270261719, -31.661603511682298 ], [ -62.539401381241184, -31.661611711434123 ], [ -62.539418258224707, -31.661611772346038 ], [ -62.539440369209629, -31.661619972091145 ], [ -62.539452973541856, -31.66163084417359 ], [ -62.539462373387416, -31.661649824636754 ], [ -62.53946230217997, -31.661664259839586 ], [ -62.539471702030717, -31.661683240302015 ], [ -62.53948430637508, -31.661694112381372 ], [ -62.539506417385354, -31.661702312115182 ], [ -62.539523294385511, -31.661702373013355 ], [ -62.539545285260054, -31.661734932145251 ], [ -62.539557729435799, -31.661778283423658 ], [ -62.539566848999776, -31.661854102489492 ], [ -62.539566564232047, -31.661911843299617 ], [ -62.539575683814846, -31.66198766236344 ], [ -62.539588128036911, -31.662031013637634 ], [ -62.539610119010121, -31.662063572757646 ], [ -62.539626996075825, -31.662063633642717 ], [ -62.539649067147465, -31.66207995315354 ], [ -62.539661618182286, -31.662101651617103 ], [ -62.539670924697468, -31.662139578267226 ], [ -62.539670782344302, -31.66216844867148 ], [ -62.539689582233578, -31.662206409563709 ], [ -62.539714791116239, -31.662228153678196 ], [ -62.539759013434008, -31.662244553063552 ], [ -62.53979276763161, -31.662244674792717 ], [ -62.539836989971207, -31.662261074151196 ], [ -62.53986219890318, -31.662282818236864 ], [ -62.539880998893096, -31.662320779101158 ], [ -62.53988085660388, -31.662349649505444 ], [ -62.539928136762946, -31.662387713045401 ], [ -62.539991319290607, -31.662409594000632 ], [ -62.54010199545219, -31.662426232793973 ], [ -62.54018638111485, -31.662426536874889 ], [ -62.540297097316255, -31.662435055697994 ], [ -62.54036033326777, -31.662446110069379 ], [ -62.540407706943881, -31.662465227229617 ], [ -62.540407635880342, -31.662479662432528 ], [ -62.540388555819902, -31.662498540255697 ], [ -62.540363186797855, -31.662509275479266 ], [ -62.540318844303407, -31.662517235706233 ], [ -62.540285090004772, -31.662517114115282 ], [ -62.540240747500285, -31.662525074314996 ], [ -62.540215378454356, -31.662535809508899 ], [ -62.540196298343801, -31.662554687302695 ], [ -62.540196227247328, -31.662569122504955 ], [ -62.540186640529576, -31.662588034502143 ], [ -62.540173929333193, -31.662598815294984 ], [ -62.540151738060082, -31.662606855277783 ], [ -62.540134860894931, -31.662606794461176 ], [ -62.540112629617504, -31.662622954238209 ], [ -62.540099865074168, -31.662644561424933 ], [ -62.540090184992998, -31.662682419616765 ], [ -62.540090042766479, -31.662711290020269 ], [ -62.540080362674061, -31.662749148210846 ], [ -62.540067598105665, -31.662770755393673 ], [ -62.540045366777335, -31.662786915158119 ], [ -62.540028489579882, -31.662786854327127 ], [ -62.540006298249672, -31.662794894283824 ], [ -62.539993587004219, -31.662805675057918 ], [ -62.539984000220684, -31.662824587038546 ], [ -62.539983929090646, -31.662839022239776 ], [ -62.539936368578964, -31.662857797325266 ], [ -62.539873025681246, -31.66286839554375 ], [ -62.539762228949932, -31.662876115949565 ], [ -62.539677842885929, -31.662875811584328 ], [ -62.53956712622584, -31.662867292220113 ], [ -62.53950389008871, -31.662856237454562 ], [ -62.539456516404684, -31.662837119959828 ], [ -62.539456587616272, -31.662822684759661 ], [ -62.539447187656918, -31.662803704298447 ], [ -62.539434583168791, -31.662792832215917 ], [ -62.539412471907937, -31.662784632468668 ], [ -62.53939559471241, -31.662784571553988 ], [ -62.539373483457013, -31.662776371800028 ], [ -62.539360878981228, -31.662765499710279 ], [ -62.539351479047021, -31.662746519242074 ], [ -62.539351550274603, -31.662732084041913 ], [ -62.539306049622361, -31.662712973252571 ], [ -62.53924531087138, -31.662701927375085 ], [ -62.539138964647393, -31.662693423420109 ], [ -62.539057908421185, -31.662693130671094 ], [ -62.538845135833043, -31.662692361959966 ], [ -62.538850786463613, -31.662718460626891 ], [ -62.538878710744896, -31.662847434783728 ], [ -62.538891501216, -31.662906510142115 ], [ -62.538925076277415, -31.663061582949936 ] ], [ [ -62.541420104828504, -31.662086329572446 ], [ -62.541445314086609, -31.662108073349028 ], [ -62.541464114689013, -31.662146033986932 ], [ -62.541463972890341, -31.66217490439842 ], [ -62.541473280146363, -31.662212830923696 ], [ -62.541485831624975, -31.66223452921157 ], [ -62.541507903065749, -31.662250848403961 ], [ -62.541524780169809, -31.662250909038374 ], [ -62.541546971242759, -31.662242868814452 ], [ -62.541559682233363, -31.662232087882256 ], [ -62.541569268636806, -31.66221317577789 ], [ -62.541569339520002, -31.662198740572023 ], [ -62.541588419281901, -31.662179862568568 ], [ -62.541613788076205, -31.662169127098686 ], [ -62.541658130300348, -31.662161166418706 ], [ -62.541691884476798, -31.662161287645272 ], [ -62.541736107119249, -31.662177686348674 ], [ -62.541761316476155, -31.662199430063435 ], [ -62.541780117225585, -31.66223739065563 ], [ -62.541779975524108, -31.662266261067987 ], [ -62.541751309410309, -31.662304051218893 ], [ -62.541713229611581, -31.662325567664361 ], [ -62.541646696229243, -31.662341568607502 ], [ -62.541596064867186, -31.662341386745453 ], [ -62.541529571329733, -31.662349267824101 ], [ -62.541491544633928, -31.662359957798589 ], [ -62.541462971431379, -31.662378801675896 ], [ -62.541462900531243, -31.662393236881123 ], [ -62.541453314087377, -31.6624121489766 ], [ -62.54144060305984, -31.662422929897538 ], [ -62.54141841193497, -31.66243097010225 ], [ -62.541401534798609, -31.662430909453455 ], [ -62.541379343668552, -31.662438949651321 ], [ -62.541366632628886, -31.66244973056472 ], [ -62.541357046159668, -31.662468642652545 ], [ -62.541356975242905, -31.66248307785737 ], [ -62.541328401975576, -31.662501921703569 ], [ -62.541290375195103, -31.66251261161705 ], [ -62.541223881511762, -31.662520492534799 ], [ -62.541173250055678, -31.662520310504085 ], [ -62.541106836182763, -31.662511951755921 ], [ -62.541068915815799, -31.662500988796833 ], [ -62.541040528770807, -31.662481940167069 ], [ -62.54104059973649, -31.662467504962869 ], [ -62.541021706097901, -31.662448490471061 ], [ -62.540996443619377, -31.662437573015175 ], [ -62.540952181061854, -31.662429293858509 ], [ -62.540918426792011, -31.66242917243537 ], [ -62.540874164245736, -31.662420893251753 ], [ -62.540848901792259, -31.662409975766824 ], [ -62.540830008204587, -31.662390961246942 ], [ -62.540830079202571, -31.662376526042969 ], [ -62.540839665768324, -31.662357613995386 ], [ -62.54085237685549, -31.662346833134769 ], [ -62.540874568007737, -31.662338793028663 ], [ -62.540891445126199, -31.662338853746977 ], [ -62.540913636273274, -31.662330813634032 ], [ -62.540926347348304, -31.662320032765862 ], [ -62.540935933888697, -31.662301120710641 ], [ -62.540936004870055, -31.662286685506249 ], [ -62.540926604661038, -31.662267705150065 ], [ -62.540914000070281, -31.662256833211796 ], [ -62.540891888802498, -31.662248633720189 ], [ -62.540875011700344, -31.662248573002064 ], [ -62.540852900438018, -31.662240373503725 ], [ -62.540840295859589, -31.662229501558244 ], [ -62.540830895675739, -31.662210521195085 ], [ -62.540830966673084, -31.662196085990701 ], [ -62.540840553219653, -31.662177173942339 ], [ -62.540853264281886, -31.66216639308108 ], [ -62.540875455390967, -31.662158352974199 ], [ -62.540892332476808, -31.662158413692094 ], [ -62.540914523580717, -31.662150373578339 ], [ -62.540927234630807, -31.662139592709565 ], [ -62.540936821152023, -31.662120680653551 ], [ -62.540936892132741, -31.662106245448765 ], [ -62.540917998587638, -31.66208723094141 ], [ -62.540892736218694, -31.662076313465416 ], [ -62.54084847384172, -31.662068034274032 ], [ -62.540814719702979, -31.662067912824696 ], [ -62.540770657042252, -31.662019034593364 ], [ -62.540745660996549, -31.661953985070774 ], [ -62.540727233540984, -31.661840239503338 ], [ -62.540727659614333, -31.661753628272841 ], [ -62.540747205448561, -31.661640019359439 ], [ -62.540772840457507, -31.661575152034352 ], [ -62.540817382147644, -31.66152659262745 ], [ -62.540851136090687, -31.661526714074224 ], [ -62.540895398211902, -31.661534993262965 ], [ -62.540920660435489, -31.661545910737964 ], [ -62.540939553873024, -31.661564925245489 ], [ -62.540939482894217, -31.661579360451512 ], [ -62.540948883038361, -31.661598340808162 ], [ -62.540961487545317, -31.661609212743294 ], [ -62.540983598668653, -31.661617412222299 ], [ -62.541000475656965, -31.661617472924974 ], [ -62.541022586785772, -31.661625672397278 ], [ -62.541035191305056, -31.661636544325205 ], [ -62.541044591474353, -31.66165552467486 ], [ -62.541044520511534, -31.661669959880886 ], [ -62.541053920686025, -31.661688940229823 ], [ -62.541066525217445, -31.661699812154655 ], [ -62.541088636371605, -31.661708011615641 ], [ -62.541105513376536, -31.661708072304581 ], [ -62.541127624536152, -31.661716271758849 ], [ -62.5411402290799, -31.66172714367648 ], [ -62.541149629279545, -31.661746124018432 ], [ -62.541149558332712, -31.661760559224472 ], [ -62.54115895853753, -31.661779539565682 ], [ -62.541171563093421, -31.661790411480215 ], [ -62.541193674278396, -31.661798610923181 ], [ -62.541210551299947, -31.661798671598383 ], [ -62.541232582689453, -31.661823110641457 ], [ -62.541245080861344, -31.661855635357817 ], [ -62.54125429490108, -31.661912508107548 ], [ -62.541254082107606, -31.661955813725061 ], [ -62.541272789508419, -31.662012720598504 ], [ -62.541297945518657, -31.66204529080818 ], [ -62.54134212814413, -31.662069809450426 ], [ -62.541375882286054, -31.662069930760261 ], [ -62.541420104828504, -31.662086329572446 ] ] ] ] } },
{ "type": "Feature", "properties": { "zona": "8", "zona_id": "8" }, "geometry": { "type": "MultiPolygon", "coordinates": [ [ [ [ -62.54521691789072, -31.669353733316285 ], [ -62.54522659662441, -31.669315874761931 ], [ -62.545226737298734, -31.669287004367614 ], [ -62.545217427845792, -31.669249078137014 ], [ -62.545204874572789, -31.669227380222893 ], [ -62.545182800843463, -31.669211061666125 ], [ -62.545165922472364, -31.66921100150369 ], [ -62.545143809182072, -31.669202802738663 ], [ -62.545131203168651, -31.669191931215277 ], [ -62.545121801425303, -31.669172951174023 ], [ -62.545121871778306, -31.669158515976761 ], [ -62.545112470040145, -31.669139535934754 ], [ -62.54509986403886, -31.669128664408284 ], [ -62.545077750773942, -31.669120465631959 ], [ -62.545060872419469, -31.669120405455779 ], [ -62.545038759160008, -31.669112206672725 ], [ -62.545026153171065, -31.669101335139032 ], [ -62.545016751458064, -31.66908235509004 ], [ -62.545016821827062, -31.669067919892793 ], [ -62.545026408253371, -31.669049007548939 ], [ -62.545039119783574, -31.669038226286588 ], [ -62.545061312182895, -31.669030185472401 ], [ -62.54507819052106, -31.669030245648383 ], [ -62.545100501640754, -31.668997845431459 ], [ -62.545113371451478, -31.668954584966716 ], [ -62.545123234857762, -31.668878834023463 ], [ -62.545123516265349, -31.668821093231557 ], [ -62.545114391575282, -31.668745274596365 ], [ -62.545101943924884, -31.668701923873897 ], [ -62.545079949489789, -31.668669365701259 ], [ -62.54506307121688, -31.668669305526123 ], [ -62.5450410372232, -31.668644867145847 ], [ -62.545028536845344, -31.66861234281474 ], [ -62.545019319893854, -31.66855547036916 ], [ -62.545019530995184, -31.668512164773713 ], [ -62.544991326045015, -31.668455224619613 ], [ -62.544953508366994, -31.6684226100001 ], [ -62.544887169123022, -31.668398013585964 ], [ -62.544836534453005, -31.668397832978773 ], [ -62.544769997243307, -31.668413835499386 ], [ -62.544731915618037, -31.66843535280816 ], [ -62.544703248763916, -31.668473143579138 ], [ -62.544703107932136, -31.668502013975054 ], [ -62.544683935060426, -31.668539838616436 ], [ -62.544658512053168, -31.668561401071241 ], [ -62.544614127407122, -31.668577482558209 ], [ -62.544580370896767, -31.668577362082804 ], [ -62.544491760058058, -31.668577045792372 ], [ -62.54449157512969, -31.668614938185236 ], [ -62.5444915046807, -31.668629373382458 ], [ -62.544491372588709, -31.668656439377148 ], [ -62.544491266914989, -31.66867809217284 ], [ -62.544491205271932, -31.668690722970275 ], [ -62.544490993924008, -31.668734028561325 ], [ -62.544490932280787, -31.668746659358661 ], [ -62.544490826606591, -31.668768312154036 ], [ -62.544490694513676, -31.668795378148133 ], [ -62.544490624064061, -31.668809813344946 ], [ -62.544500025642826, -31.668828793432237 ], [ -62.544512631533415, -31.668839665017455 ], [ -62.544534744681187, -31.668847863890971 ], [ -62.544551622985175, -31.668847924136298 ], [ -62.544573617276065, -31.668880482397771 ], [ -62.544586064703154, -31.66892383316846 ], [ -62.544595188979123, -31.668999651835446 ], [ -62.544594907242725, -31.669057392621486 ], [ -62.544613525612654, -31.669133245169821 ], [ -62.544638631863222, -31.66917664111098 ], [ -62.544681081148738, -31.669208023126906 ], [ -62.544682779120755, -31.669209278407262 ], [ -62.544716535860132, -31.669209398857713 ], [ -62.544760801975826, -31.669217676733371 ], [ -62.544786066729074, -31.669228593453937 ], [ -62.544804962496265, -31.669247607388424 ], [ -62.544804892094007, -31.669262042584844 ], [ -62.544804760089633, -31.669289108578027 ], [ -62.544804707287838, -31.669299934975271 ], [ -62.5449376245816, -31.6693004090715 ], [ -62.544988259742041, -31.669300589643175 ], [ -62.545054678811105, -31.669308946411213 ], [ -62.545092602416993, -31.669319908204699 ], [ -62.545120992362151, -31.669338955940091 ], [ -62.545120922008522, -31.669353391136944 ], [ -62.545130323769392, -31.669372371177893 ], [ -62.545142929806808, -31.669383242701294 ], [ -62.545165043139534, -31.66939144146663 ], [ -62.545181921543296, -31.669391501629502 ], [ -62.545204153581764, -31.669375340993316 ], [ -62.54521691789072, -31.669353733316285 ] ] ], [ [ [ -62.545652763837886, -31.668453070419755 ], [ -62.545652834106797, -31.668438635219811 ], [ -62.545643432330792, -31.668419655214457 ], [ -62.545630826363144, -31.668408783739569 ], [ -62.54560871322014, -31.668400585055483 ], [ -62.545591834994596, -31.668400524950759 ], [ -62.545569840457212, -31.668367966860075 ], [ -62.545557392642763, -31.668324616177969 ], [ -62.545548267643184, -31.668248797565049 ], [ -62.545548548780928, -31.668191056764034 ], [ -62.545539423800207, -31.668115238149092 ], [ -62.545526976032129, -31.668071887462744 ], [ -62.545504981593467, -31.668039329360166 ], [ -62.545488103433492, -31.668039269242314 ], [ -62.545466109016033, -31.668006711133064 ], [ -62.545453661295916, -31.667963360439291 ], [ -62.545444536412241, -31.667887541815798 ], [ -62.545444817610196, -31.667829801012335 ], [ -62.545435692745386, -31.667753982386809 ], [ -62.545423245071632, -31.667710631688806 ], [ -62.545401250752896, -31.667678073567647 ], [ -62.545384372658489, -31.667678013436699 ], [ -62.545362299260333, -31.667661694910166 ], [ -62.545349746162209, -31.667639997006603 ], [ -62.545340436814833, -31.66760207077629 ], [ -62.545340577444549, -31.667573200373749 ], [ -62.545321774193724, -31.667535240314017 ], [ -62.54529656257337, -31.667513497299357 ], [ -62.545252336773714, -31.667497099813804 ], [ -62.545218580651081, -31.667496979510883 ], [ -62.545174354873268, -31.667480581998454 ], [ -62.545149143302226, -31.667458838954939 ], [ -62.545130340152063, -31.667420878867272 ], [ -62.545130480845771, -31.667392008464748 ], [ -62.545121171611129, -31.667354082218036 ], [ -62.545108618609831, -31.667332384290638 ], [ -62.545086545341455, -31.667316065716747 ], [ -62.545069667313243, -31.66731600554478 ], [ -62.545047396169686, -31.667340285967825 ], [ -62.54503457933189, -31.667372720037804 ], [ -62.545024808380433, -31.667429524791586 ], [ -62.545024597290478, -31.66747283039442 ], [ -62.545033814146763, -31.667529702848263 ], [ -62.545046314386333, -31.667562227183026 ], [ -62.545068348129476, -31.667586665564137 ], [ -62.545085226206631, -31.667586725736726 ], [ -62.545107339110565, -31.667594924510325 ], [ -62.545119944907874, -31.667605796036725 ], [ -62.545129346497085, -31.667624776081297 ], [ -62.545129276149453, -31.66763921128204 ], [ -62.545138677743836, -31.667658191325849 ], [ -62.545151283553281, -31.667669062849175 ], [ -62.545173396482568, -31.667677261611445 ], [ -62.54519027457637, -31.667677321770313 ], [ -62.545212347947732, -31.667693640326299 ], [ -62.545224901020781, -31.667715338242978 ], [ -62.545234210331813, -31.667753264480716 ], [ -62.545234069668219, -31.667782134881996 ], [ -62.545243378989298, -31.667820061118757 ], [ -62.545255932086221, -31.667841759032175 ], [ -62.545278005507711, -31.667858077576863 ], [ -62.54529488363444, -31.667858137722188 ], [ -62.545316877957454, -31.66789069586083 ], [ -62.545329325604619, -31.667934046567748 ], [ -62.54533845039866, -31.668009865198101 ], [ -62.545338169132933, -31.668067605999067 ], [ -62.545347293945809, -31.668143424627381 ], [ -62.545359741639331, -31.668186775330071 ], [ -62.545381736061074, -31.668219333456783 ], [ -62.545398614253372, -31.668219393589027 ], [ -62.545420727334722, -31.668227592309158 ], [ -62.545433333253428, -31.668238463804666 ], [ -62.545442734968731, -31.668257443825464 ], [ -62.545442664667831, -31.668271879025397 ], [ -62.545423584416845, -31.668290757582778 ], [ -62.545398214378075, -31.668301493788213 ], [ -62.545353869532406, -31.668309455735709 ], [ -62.545320113115523, -31.6683093354569 ], [ -62.545275728700922, -31.668325417176838 ], [ -62.545250305887912, -31.668346979752112 ], [ -62.545231133269567, -31.668384804479029 ], [ -62.545230992601546, -31.668413674877449 ], [ -62.545268784000896, -31.668451702615325 ], [ -62.545319313222393, -31.668473535850133 ], [ -62.545407061411659, -31.668489944657342 ], [ -62.545407844877793, -31.668490091164276 ], [ -62.545475357843443, -31.668490331667762 ], [ -62.54547536851134, -31.668490330728634 ], [ -62.545475399380415, -31.668490328011139 ], [ -62.545564008145902, -31.668482527474573 ], [ -62.545614695573164, -31.668471881393671 ], [ -62.545652763837886, -31.668453070419755 ] ] ], [ [ [ -62.539527969094152, -31.665303133864093 ], [ -62.539540518526444, -31.665292352559028 ], [ -62.539549984001738, -31.665273440183299 ], [ -62.539550055205645, -31.66525900498846 ], [ -62.539559642333096, -31.665240093050844 ], [ -62.539572353963258, -31.665229312327746 ], [ -62.539594545911321, -31.665221272455426 ], [ -62.539611423547868, -31.665221333347979 ], [ -62.53963361549075, -31.665213293468813 ], [ -62.539646327108777, -31.665202512738155 ], [ -62.539655914210861, -31.665183600792908 ], [ -62.539655985398142, -31.665169165597643 ], [ -62.539703547148534, -31.665150390635194 ], [ -62.53976689161626, -31.665139792519557 ], [ -62.539877691036466, -31.665132072138029 ], [ -62.539962079142384, -31.665132376390439 ], [ -62.540072878539846, -31.665124655839168 ], [ -62.54013622295053, -31.665114057539569 ], [ -62.540183784578431, -31.665095282396784 ], [ -62.540183855683836, -31.665080847200247 ], [ -62.54019344266473, -31.665061935213085 ], [ -62.540206154197989, -31.665051154425619 ], [ -62.540228346050341, -31.665043114441929 ], [ -62.540245223656179, -31.665043175250343 ], [ -62.540267415503351, -31.665035135259807 ], [ -62.540280127024474, -31.665024354464801 ], [ -62.540289713980002, -31.665005442470004 ], [ -62.540289785068779, -31.664991007273056 ], [ -62.5402803847266, -31.664972026875947 ], [ -62.540267779850879, -31.664961154875691 ], [ -62.540245668003841, -31.664952955270017 ], [ -62.540228790414311, -31.664952894461813 ], [ -62.540206718567305, -31.664936575051154 ], [ -62.540194167032496, -31.664914876645994 ], [ -62.540184860042231, -31.664876950045826 ], [ -62.540185002251448, -31.664848079651755 ], [ -62.540194682530263, -31.664810221467317 ], [ -62.540207447354426, -31.664788614281044 ], [ -62.540229679136289, -31.664772454497712 ], [ -62.540246556693184, -31.66477251530549 ], [ -62.540268748475604, -31.664764475313774 ], [ -62.54028145995931, -31.66475369451782 ], [ -62.540291046886054, -31.664734782521847 ], [ -62.540291117973865, -31.664720347324284 ], [ -62.540310198513779, -31.66470146952674 ], [ -62.540335568140833, -31.664690734323131 ], [ -62.540379911668786, -31.664682774102875 ], [ -62.540413666750922, -31.664682895676155 ], [ -62.540458010268836, -31.664674935428653 ], [ -62.540483379872008, -31.664664200195361 ], [ -62.540502460361786, -31.664645322368433 ], [ -62.540502531416671, -31.664630887170237 ], [ -62.540493131066349, -31.664611906787663 ], [ -62.540480526213656, -31.664601034808037 ], [ -62.540458414432337, -31.664592835239397 ], [ -62.540441536907416, -31.664592774459944 ], [ -62.540419465107071, -31.664576455085626 ], [ -62.540406913569875, -31.664554756700166 ], [ -62.540397606526966, -31.664516830112891 ], [ -62.540397748668383, -31.664487959716322 ], [ -62.540388441635521, -31.664450033128102 ], [ -62.540375890122192, -31.664428334739377 ], [ -62.540353818371976, -31.664412015353772 ], [ -62.540336940879989, -31.664411954560794 ], [ -62.540314869140509, -31.664395635168496 ], [ -62.540302317651516, -31.664373936772591 ], [ -62.540293010668286, -31.664336010177202 ], [ -62.540293152841052, -31.664307139780234 ], [ -62.540302833017158, -31.664269281583444 ], [ -62.540315597740829, -31.664247674383585 ], [ -62.54033782937416, -31.664231514578642 ], [ -62.540354706833526, -31.664231575371186 ], [ -62.540376938456298, -31.664215415559287 ], [ -62.540389703155391, -31.664193808351591 ], [ -62.540399383280082, -31.664155950146323 ], [ -62.540399525418962, -31.664127079748113 ], [ -62.540380724862985, -31.66408911896545 ], [ -62.540355515326603, -31.664067374982579 ], [ -62.540311292042027, -31.664050975799398 ], [ -62.540277537188871, -31.664050854201207 ], [ -62.540233273935279, -31.664042574790599 ], [ -62.540208011122019, -31.664031657178118 ], [ -62.540189117342187, -31.664012642566274 ], [ -62.540189188443769, -31.663998207367282 ], [ -62.540170294674496, -31.663979192752674 ], [ -62.540145031885814, -31.663968275127839 ], [ -62.540100768683651, -31.663959995671664 ], [ -62.54006701386438, -31.663959874018094 ], [ -62.540022630646298, -31.663975953932805 ], [ -62.539997207830986, -31.663997515475888 ], [ -62.539978034010403, -31.664035339427514 ], [ -62.539977891741685, -31.664064209824453 ], [ -62.539987198570927, -31.664102136442953 ], [ -62.539999749950546, -31.664123834869727 ], [ -62.540021821570576, -31.664140154316083 ], [ -62.540038699012676, -31.664140215150272 ], [ -62.540060810649486, -31.664148414790862 ], [ -62.540073415392321, -31.664159286811675 ], [ -62.540082815612521, -31.664178267225253 ], [ -62.540082744493994, -31.66419270242362 ], [ -62.54006366401385, -31.664211580189207 ], [ -62.540038294487175, -31.664222315340513 ], [ -62.539993951150883, -31.664230275444432 ], [ -62.539960196234411, -31.664230153761682 ], [ -62.539915972944321, -31.664213754441846 ], [ -62.539890763484095, -31.664192010368296 ], [ -62.539871963123268, -31.664154049512913 ], [ -62.539872105425239, -31.664125179116827 ], [ -62.539853305085124, -31.664087218258498 ], [ -62.539828095673464, -31.664065474172602 ], [ -62.539783872484811, -31.664049074807526 ], [ -62.539750117634846, -31.664048953069837 ], [ -62.53970577435782, -31.664056913074372 ], [ -62.539680404833184, -31.664067648154802 ], [ -62.539661324298358, -31.664086525860068 ], [ -62.539661253114915, -31.664100961057787 ], [ -62.539651666127952, -31.664119873007717 ], [ -62.539638954659587, -31.664130653742124 ], [ -62.539616762975754, -31.664138693626036 ], [ -62.53959988553494, -31.664138632736059 ], [ -62.539593703309549, -31.664140872508963 ], [ -62.539577693845914, -31.664146672613121 ], [ -62.539564982365413, -31.66415745334 ], [ -62.539555395353098, -31.664176365282284 ], [ -62.539555324153021, -31.664190800479592 ], [ -62.539545737135235, -31.664209712420991 ], [ -62.539533025642406, -31.664220493144466 ], [ -62.539510833928233, -31.66422853300957 ], [ -62.539493956471425, -31.664228472105421 ], [ -62.539487774237593, -31.664230711873088 ], [ -62.539471764752058, -31.664236511963647 ], [ -62.539459053247093, -31.664247292679587 ], [ -62.539449466203948, -31.664266204613359 ], [ -62.539449394987244, -31.664280639810251 ], [ -62.539439807938649, -31.664299551743138 ], [ -62.539427096421356, -31.664310332455674 ], [ -62.539404904676836, -31.664318372301942 ], [ -62.539388027204033, -31.664318311383635 ], [ -62.539381844961738, -31.664320551146055 ], [ -62.539365835454326, -31.664326351223046 ], [ -62.539353123924897, -31.664337131928036 ], [ -62.539343536850943, -31.66435604385331 ], [ -62.539343465617598, -31.664370479049769 ], [ -62.539334396773427, -31.664389392844949 ], [ -62.539322376212134, -31.664400176041053 ], [ -62.539301393653183, -31.664408220234222 ], [ -62.539285437471669, -31.664408162628284 ], [ -62.539243552495428, -31.664408011403207 ], [ -62.539445663514527, -31.66531095678128 ], [ -62.5394893996165, -31.66531111462271 ], [ -62.539506060988771, -31.665311174748844 ], [ -62.539527969094152, -31.665303133864093 ] ] ], [ [ [ -62.538845135833043, -31.662692361959966 ], [ -62.539057908421178, -31.662693130671087 ], [ -62.539138964647393, -31.662693423420109 ], [ -62.53924531087138, -31.662701927375092 ], [ -62.539306049622361, -31.662712973252582 ], [ -62.539351550274603, -31.662732084041917 ], [ -62.539351479047021, -31.662746519242074 ], [ -62.539360878981228, -31.662765499710279 ], [ -62.539373483457013, -31.662776371800028 ], [ -62.539395594712381, -31.662784571553971 ], [ -62.539412471907937, -31.662784632468668 ], [ -62.539434583168791, -31.662792832215921 ], [ -62.539447187656918, -31.662803704298447 ], [ -62.539456587616272, -31.662822684759668 ], [ -62.539456516404684, -31.662837119959828 ], [ -62.53950389008871, -31.662856237454562 ], [ -62.53956712622584, -31.662867292220113 ], [ -62.539677448876361, -31.662875781266482 ], [ -62.539677842885929, -31.662875811584328 ], [ -62.539762228949932, -31.662876115949565 ], [ -62.539873025681246, -31.662868395543761 ], [ -62.539936368578964, -31.662857797325266 ], [ -62.539983929090646, -31.662839022239776 ], [ -62.539984000220684, -31.662824587038539 ], [ -62.539993587004219, -31.662805675057911 ], [ -62.540006298249672, -31.662794894283824 ], [ -62.540028489579882, -31.662786854327127 ], [ -62.540045366777335, -31.662786915158119 ], [ -62.540067598105665, -31.662770755393684 ], [ -62.540080362674061, -31.662749148210846 ], [ -62.540090042766479, -31.662711290020269 ], [ -62.540090184992998, -31.662682419616765 ], [ -62.540099865074168, -31.662644561424926 ], [ -62.540112629617504, -31.662622954238209 ], [ -62.540134860894931, -31.662606794461176 ], [ -62.540151738060082, -31.662606855277783 ], [ -62.540173929333193, -31.662598815294992 ], [ -62.540186640529576, -31.662588034502143 ], [ -62.540196227247328, -31.662569122504955 ], [ -62.540196298343801, -31.662554687302688 ], [ -62.540215378454356, -31.662535809508896 ], [ -62.540240747500285, -31.662525074314996 ], [ -62.540285090004772, -31.662517114115282 ], [ -62.540318844303407, -31.662517235706233 ], [ -62.540363186797855, -31.662509275479266 ], [ -62.540388555819902, -31.662498540255697 ], [ -62.540407635880342, -31.662479662432528 ], [ -62.540407706943881, -31.662465227229617 ], [ -62.54036033326777, -31.662446110069379 ], [ -62.540297097316255, -31.662435055697987 ], [ -62.54018638111485, -31.662426536874889 ], [ -62.54010199545219, -31.662426232793973 ], [ -62.539991319290607, -31.662409594000632 ], [ -62.539928136762946, -31.662387713045401 ], [ -62.53988085660388, -31.662349649505444 ], [ -62.539880998893096, -31.662320779101154 ], [ -62.53986219890318, -31.662282818236843 ], [ -62.539836989971207, -31.662261074151196 ], [ -62.53979276763161, -31.662244674792717 ], [ -62.539759013434008, -31.662244553063552 ], [ -62.539714791116253, -31.662228153678196 ], [ -62.539689582233578, -31.662206409563709 ], [ -62.539670782344302, -31.66216844867148 ], [ -62.539670924697468, -31.662139578267219 ], [ -62.539661618182286, -31.662101651617089 ], [ -62.539649067147465, -31.66207995315354 ], [ -62.539626996075825, -31.662063633642717 ], [ -62.539610119010121, -31.662063572757646 ], [ -62.539588128036911, -31.662031013637645 ], [ -62.539575683814846, -31.66198766236344 ], [ -62.539566564232047, -31.661911843299631 ], [ -62.539566848999776, -31.661854102489492 ], [ -62.539557729435799, -31.661778283423658 ], [ -62.539545285260054, -31.661734932145244 ], [ -62.539523294385511, -31.661702373013355 ], [ -62.539506417385354, -31.661702312115182 ], [ -62.53948430637508, -31.66169411238138 ], [ -62.539471702030717, -31.661683240302015 ], [ -62.53946230217997, -31.661664259839586 ], [ -62.539462373387416, -31.661649824636754 ], [ -62.539452973541856, -31.661630844173583 ], [ -62.539440369209629, -31.661619972091138 ], [ -62.539418258224707, -31.661611772346038 ], [ -62.539401381241184, -31.661611711434123 ], [ -62.539379270261719, -31.661603511682312 ], [ -62.539366665941806, -31.661592639592644 ], [ -62.539357266121414, -31.661573659122499 ], [ -62.539357337344839, -31.661559223919678 ], [ -62.539353822386175, -31.661540264690931 ], [ -62.539349064552205, -31.661529420921973 ], [ -62.539340684925989, -31.661521270728006 ], [ -62.539334269924048, -31.661521247571578 ], [ -62.539317430544017, -31.661521186784391 ], [ -62.539081932476101, -31.661552555565184 ], [ -62.538992218886243, -31.661564505462163 ], [ -62.538756720607431, -31.661595873640497 ], [ -62.538711903001513, -31.661677881610274 ], [ -62.538698798846909, -31.661701859770467 ], [ -62.538650011891264, -31.66179113068252 ], [ -62.538836174227932, -31.662650970806904 ], [ -62.538845135833043, -31.662692361959966 ] ] ], [ [ [ -62.541366632628886, -31.662449730564713 ], [ -62.541379343668552, -31.662438949651314 ], [ -62.541401534798609, -31.662430909453455 ], [ -62.54141841193497, -31.66243097010225 ], [ -62.54144060305984, -31.662422929897545 ], [ -62.541453314087377, -31.6624121489766 ], [ -62.541462900531243, -31.662393236881123 ], [ -62.541462971431379, -31.662378801675892 ], [ -62.541491544633928, -31.662359957798571 ], [ -62.541529571329733, -31.662349267824087 ], [ -62.541596064867186, -31.662341386745453 ], [ -62.541646696229243, -31.662341568607502 ], [ -62.541713229611588, -31.662325567664368 ], [ -62.541751309410309, -31.662304051218893 ], [ -62.541779975524108, -31.662266261067987 ], [ -62.541780117225585, -31.662237390655616 ], [ -62.541761316476155, -31.662199430063435 ], [ -62.541736107119249, -31.662177686348674 ], [ -62.541691884476798, -31.662161287645272 ], [ -62.541658130300348, -31.662161166418706 ], [ -62.541613788076205, -31.662169127098686 ], [ -62.541588419281901, -31.662179862568568 ], [ -62.541569339520002, -31.662198740572023 ], [ -62.541569268636806, -31.66221317577789 ], [ -62.541559682233363, -31.662232087882256 ], [ -62.541546971242759, -31.662242868814438 ], [ -62.541524780169809, -31.662250909038374 ], [ -62.541507903065749, -31.662250848403961 ], [ -62.541485831624975, -31.662234529211577 ], [ -62.541473280146363, -31.662212830923696 ], [ -62.541463972890341, -31.66217490439842 ], [ -62.541464114689013, -31.662146033986918 ], [ -62.541445314086609, -31.662108073349021 ], [ -62.541420104828504, -31.662086329572446 ], [ -62.541375882286054, -31.662069930760261 ], [ -62.54134212814413, -31.662069809450426 ], [ -62.541297945518657, -31.66204529080818 ], [ -62.541272789508419, -31.662012720598518 ], [ -62.541254082107606, -31.661955813725061 ], [ -62.54125429490108, -31.661912508107548 ], [ -62.541245080861344, -31.661855635357817 ], [ -62.541232582689453, -31.661823110641443 ], [ -62.541210551299947, -31.661798671598383 ], [ -62.541193674278396, -31.661798610923181 ], [ -62.541171563093421, -31.661790411480229 ], [ -62.54115895853753, -31.661779539565682 ], [ -62.541149558332712, -31.661760559224472 ], [ -62.541149629279545, -31.661746124018418 ], [ -62.5411402290799, -31.661727143676469 ], [ -62.541127624536152, -31.661716271758845 ], [ -62.541105513376536, -31.661708072304581 ], [ -62.54108863637159, -31.661708011615641 ], [ -62.541066525217445, -31.661699812154659 ], [ -62.541053920686025, -31.661688940229823 ], [ -62.541044520511534, -31.661669959880886 ], [ -62.541044591474353, -31.661655524674853 ], [ -62.541035191305056, -31.661636544325201 ], [ -62.541022586785772, -31.661625672397271 ], [ -62.541000475656965, -31.661617472924974 ], [ -62.540983598668653, -31.661617412222299 ], [ -62.540961487545317, -31.661609212743297 ], [ -62.540948883038361, -31.661598340808162 ], [ -62.540939482894217, -31.661579360451512 ], [ -62.540939553873024, -31.661564925245479 ], [ -62.540920660435489, -31.661545910737956 ], [ -62.540895398211902, -31.661534993262954 ], [ -62.540851136090687, -31.661526714074224 ], [ -62.540817382147644, -31.66152659262745 ], [ -62.540772840457507, -31.661575152034366 ], [ -62.540747205448561, -31.661640019359449 ], [ -62.540727659614333, -31.661753628272859 ], [ -62.540727233540984, -31.661840239503338 ], [ -62.540745660996549, -31.661953985070774 ], [ -62.540770657042252, -31.662019034593357 ], [ -62.540814719702979, -31.662067912824696 ], [ -62.54084847384172, -31.662068034274032 ], [ -62.540892736218694, -31.66207631346543 ], [ -62.540917998587638, -31.66208723094142 ], [ -62.540936892132741, -31.662106245448769 ], [ -62.540936821152023, -31.662120680653551 ], [ -62.540927234630807, -31.662139592709565 ], [ -62.540914523580717, -31.662150373578335 ], [ -62.540892332476808, -31.662158413692094 ], [ -62.540875455390967, -31.662158352974199 ], [ -62.540853264281886, -31.662166393081087 ], [ -62.540840553219653, -31.662177173942339 ], [ -62.540830966673084, -31.662196085990708 ], [ -62.540830895675739, -31.662210521195085 ], [ -62.540840295859589, -31.662229501558244 ], [ -62.540852900438018, -31.662240373503717 ], [ -62.540875011700344, -31.662248573002064 ], [ -62.540891888802498, -31.662248633720189 ], [ -62.540914000070281, -31.66225683321181 ], [ -62.540926604661038, -31.662267705150072 ], [ -62.540936004870055, -31.662286685506263 ], [ -62.540935933888697, -31.662301120710641 ], [ -62.540926347348304, -31.662320032765862 ], [ -62.540913636273274, -31.662330813634021 ], [ -62.540891445126199, -31.662338853746977 ], [ -62.540874568007737, -31.662338793028663 ], [ -62.54085237685549, -31.662346833134777 ], [ -62.540839665768324, -31.662357613995397 ], [ -62.540830079202571, -31.662376526042976 ], [ -62.540830008204587, -31.662390961246942 ], [ -62.540848901792259, -31.662409975766824 ], [ -62.540874164245736, -31.662420893251745 ], [ -62.540918426792011, -31.66242917243537 ], [ -62.540952181061854, -31.662429293858509 ], [ -62.540996443619377, -31.662437573015183 ], [ -62.541021706097901, -31.662448490471075 ], [ -62.54104059973649, -31.662467504962876 ], [ -62.541040528770807, -31.662481940167069 ], [ -62.541068915815799, -31.662500988796833 ], [ -62.541106836182763, -31.662511951755913 ], [ -62.541173250055614, -31.662520310504068 ], [ -62.541223881511762, -31.662520492534799 ], [ -62.541290375195103, -31.66251261161705 ], [ -62.541328401975576, -31.662501921703569 ], [ -62.541356975242905, -31.66248307785737 ], [ -62.541357046159668, -31.662468642652545 ], [ -62.541366632628886, -31.662449730564713 ] ] ], [ [ [ -62.541363013105752, -31.661254025290237 ], [ -62.541372496883461, -31.66125599162784 ], [ -62.541378823018022, -31.661256566435132 ], [ -62.541385149152653, -31.661257141242089 ], [ -62.541407296047993, -31.66125804893797 ], [ -62.541424172972349, -31.661258109583997 ], [ -62.541446284054622, -31.661266308982899 ], [ -62.541458888575818, -31.66127718086959 ], [ -62.541468288796416, -31.661296161189583 ], [ -62.54146821790011, -31.661310596397275 ], [ -62.54147761812591, -31.661329576716543 ], [ -62.541490222659235, -31.661340448600143 ], [ -62.541512333766853, -31.661348647987722 ], [ -62.541529210707836, -31.661348708620029 ], [ -62.541551321820904, -31.66135690800089 ], [ -62.541563926366564, -31.661367779877288 ], [ -62.54157332661751, -31.661386760189565 ], [ -62.541573255737184, -31.661401195397278 ], [ -62.541582655993324, -31.661420175708823 ], [ -62.541595260551112, -31.661431047582127 ], [ -62.541617371689554, -31.661439246951673 ], [ -62.541634248647156, -31.661439307570241 ], [ -62.541656359791048, -31.66144750693309 ], [ -62.541668964361158, -31.661458378799182 ], [ -62.541678364642451, -31.661477359103749 ], [ -62.541678293778112, -31.661491794311459 ], [ -62.541687694064592, -31.661510774615284 ], [ -62.541700298646838, -31.661521646478292 ], [ -62.541722409816089, -31.661529845829829 ], [ -62.541739286790317, -31.661529906434641 ], [ -62.541761397965026, -31.661538105779474 ], [ -62.541774002559606, -31.66154897763527 ], [ -62.541783402871232, -31.661567957932114 ], [ -62.541783332022895, -31.661582393139831 ], [ -62.541792732339701, -31.661601373435946 ], [ -62.54180533694641, -31.661612245288662 ], [ -62.541827448146492, -31.661620444622177 ], [ -62.541844325137333, -31.661620505213257 ], [ -62.541866396497795, -31.661636824344402 ], [ -62.541878947992579, -31.661658522595726 ], [ -62.541888255368825, -31.661696449094904 ], [ -62.541888113703784, -31.66172531951015 ], [ -62.541906914412039, -31.661763280086067 ], [ -62.541932123698508, -31.661785023767813 ], [ -62.541976346206852, -31.661801422387622 ], [ -62.54201010025475, -31.661801543528806 ], [ -62.542054362613939, -31.661809822317405 ], [ -62.542079625049986, -31.661820739564504 ], [ -62.542098518780683, -31.661839753902395 ], [ -62.542098447980301, -31.66185418911013 ], [ -62.542079368387981, -31.661873067192428 ], [ -62.542053999726903, -31.661883802756627 ], [ -62.542009657666775, -31.661891763576072 ], [ -62.541975903586263, -31.661891642434462 ], [ -62.541931481836443, -31.661915842834841 ], [ -62.541906006901478, -31.66194823118003 ], [ -62.541886741313242, -31.662005001651099 ], [ -62.541886528812363, -31.662048307271807 ], [ -62.541895743260952, -31.662105179977416 ], [ -62.541908241701215, -31.662137704629934 ], [ -62.541930273353778, -31.662162143553751 ], [ -62.541947150442795, -31.662162204132162 ], [ -62.541969182111337, -31.662186643049324 ], [ -62.54198168058781, -31.662219167694584 ], [ -62.54199089510999, -31.662276040392499 ], [ -62.541990682655168, -31.662319346012016 ], [ -62.541999897191928, -31.662376218708541 ], [ -62.542012395703679, -31.662408743350177 ], [ -62.542034427446772, -31.662433182255825 ], [ -62.542051304585037, -31.662433242820935 ], [ -62.542073416000783, -31.662441442112822 ], [ -62.542086020752691, -31.662452313937774 ], [ -62.542095421216636, -31.662471294210413 ], [ -62.542095350414044, -31.662485729416719 ], [ -62.542114244280803, -31.662504743751612 ], [ -62.542139506911006, -31.662515660987516 ], [ -62.542183769619953, -31.662523939733624 ], [ -62.542217523930105, -31.66252406082241 ], [ -62.542261786650343, -31.66253233954156 ], [ -62.542287049305607, -31.662543256748439 ], [ -62.542305943223269, -31.662562271055265 ], [ -62.542305872452978, -31.662576706261778 ], [ -62.542324766381185, -31.662595720565811 ], [ -62.542350029061026, -31.662606637760355 ], [ -62.542394291832636, -31.662614916433913 ], [ -62.542428046176667, -31.662615037467329 ], [ -62.542472468135045, -31.662590836898662 ], [ -62.542497943053192, -31.662558448443466 ], [ -62.542517208389526, -31.662501677882599 ], [ -62.542517420601619, -31.662458372261142 ], [ -62.542527192516999, -31.662401567664674 ], [ -62.542540009517907, -31.662369133823109 ], [ -62.542562280105273, -31.662344853813757 ], [ -62.542579157228808, -31.6623449143089 ], [ -62.542601109542062, -31.662385592726714 ], [ -62.54261350218173, -31.662439770122614 ], [ -62.542622531466336, -31.662534535195928 ], [ -62.542622177859457, -31.662606711231739 ], [ -62.542631207166842, -31.662701476302193 ], [ -62.542637403513446, -31.662728564997817 ], [ -62.54264359986356, -31.662755653693054 ], [ -62.542665552299304, -31.662796332098345 ], [ -62.542682429504708, -31.662796392580614 ], [ -62.542704739932645, -31.662763992744765 ], [ -62.542717609953783, -31.662720732481851 ], [ -62.542727474577866, -31.662644981662062 ], [ -62.542727757398765, -31.662587240832977 ], [ -62.542737621999116, -31.662511490010619 ], [ -62.542750491968746, -31.662468229742192 ], [ -62.5427728022933, -31.662435829891827 ], [ -62.542789679433795, -31.66243589035928 ], [ -62.542811870444829, -31.662427849915016 ], [ -62.542824581316452, -31.662417068855991 ], [ -62.542834167484372, -31.662398156654895 ], [ -62.542834238172489, -31.662383721446908 ], [ -62.542824837566222, -31.662364741227076 ], [ -62.54281223273901, -31.662353869474256 ], [ -62.542790121277363, -31.662345670309868 ], [ -62.542773244153167, -31.662345609842614 ], [ -62.542751132697006, -31.662337410671523 ], [ -62.542738527882136, -31.662326538911461 ], [ -62.542729127301016, -31.662307558684667 ], [ -62.542729198005134, -31.662293123476676 ], [ -62.542719797429193, -31.662274143249128 ], [ -62.542707192626459, -31.662263271486008 ], [ -62.542685081195629, -31.662255072303608 ], [ -62.542668204088066, -31.662255011822605 ], [ -62.542646132440915, -31.662238692829007 ], [ -62.542633580690577, -31.662216994652702 ], [ -62.542624272961689, -31.662179068207593 ], [ -62.542624414401594, -31.66215019779143 ], [ -62.542615106682739, -31.662112271345361 ], [ -62.542602554956268, -31.662090573165798 ], [ -62.542580483359238, -31.662074254160903 ], [ -62.542563606284595, -31.662074193666388 ], [ -62.542541494911291, -31.662065994459407 ], [ -62.542528890157335, -31.662055122678762 ], [ -62.542519489645656, -31.662036142436378 ], [ -62.542519560381436, -31.662021707228188 ], [ -62.542510159874936, -31.662002726985062 ], [ -62.542497555133117, -31.661991855201354 ], [ -62.542475443785143, -31.661983655983054 ], [ -62.542458566727127, -31.661983595474794 ], [ -62.542436455384646, -31.661975396249787 ], [ -62.54242385065514, -31.661964524458849 ], [ -62.542414450173808, -31.661945544208749 ], [ -62.542414520925576, -31.661931109000566 ], [ -62.542424107124994, -31.66191219682916 ], [ -62.542436817969914, -31.661901415807659 ], [ -62.542459008882915, -31.661893375423166 ], [ -62.542475885924596, -31.661893435931194 ], [ -62.542498156413416, -31.661869155930301 ], [ -62.542510973348868, -31.661836722088363 ], [ -62.542520745198203, -31.661779917486296 ], [ -62.542520957402687, -31.661736611859897 ], [ -62.542511742606095, -31.661679739192905 ], [ -62.542499244014053, -31.661647214595739 ], [ -62.542477212331043, -31.661622775767938 ], [ -62.542460335338284, -31.661622715260538 ], [ -62.542438224080684, -31.66161451603617 ], [ -62.542425619399154, -31.661603644245254 ], [ -62.542416218952845, -31.661584663994546 ], [ -62.542416289703347, -31.661570228785557 ], [ -62.54240688926221, -31.661551248534114 ], [ -62.542394284592831, -31.661540376740128 ], [ -62.542372173360576, -31.661532177504444 ], [ -62.542355296384443, -31.661532116983306 ], [ -62.542333185157652, -31.661523917740919 ], [ -62.542320580500579, -31.661513045939714 ], [ -62.542311180084617, -31.661494065681293 ], [ -62.542311250851107, -31.661479630472289 ], [ -62.542301850440317, -31.661460650213133 ], [ -62.542289245795388, -31.661449778408844 ], [ -62.542267134593949, -31.661441579155142 ], [ -62.542250257634443, -31.661441518620276 ], [ -62.542228146438468, -31.661433319359858 ], [ -62.542215541805859, -31.661422447548357 ], [ -62.54220614142023, -31.661403467282213 ], [ -62.542206212202714, -31.661389032073227 ], [ -62.542196811822265, -31.661370051806358 ], [ -62.542184207201792, -31.661359179991763 ], [ -62.542162096031177, -31.661350980720034 ], [ -62.542145219088283, -31.661350920171426 ], [ -62.542123107923132, -31.661342720892989 ], [ -62.542110503314994, -31.661331849071189 ], [ -62.542101102959698, -31.661312868797321 ], [ -62.542101173758169, -31.66129843358835 ], [ -62.542091773408053, -31.661279453313757 ], [ -62.542079168812052, -31.661268581488876 ], [ -62.542057057672238, -31.661260382199124 ], [ -62.542040180745992, -31.661260321636778 ], [ -62.542018069611636, -31.661252122340308 ], [ -62.542005465027962, -31.661241250508208 ], [ -62.541996064703, -31.661222270226631 ], [ -62.541996135517465, -31.661207835017667 ], [ -62.541992530677653, -31.661188875534904 ], [ -62.541987653411127, -31.66117803143338 ], [ -62.541979065084689, -31.661169880662055 ], [ -62.541972491248316, -31.66116985706832 ], [ -62.54195523492789, -31.661169795133169 ], [ -62.541706512890947, -31.661202930759181 ], [ -62.541659137245539, -31.661209242251818 ], [ -62.541651488997758, -31.661210261167287 ], [ -62.541429245674863, -31.661239868674173 ], [ -62.541363039321652, -31.661248688680836 ], [ -62.541363020337727, -31.661252553122132 ], [ -62.541363013105752, -31.661254025290237 ] ] ] ] } },
{ "type": "Feature", "properties": { "zona": "6", "zona_id": "6" }, "geometry": { "type": "Polygon", "coordinates": [ [ [ -62.544699350574348, -31.664730738364693 ], [ -62.544712521278555, -31.664780103341307 ], [ -62.544711797531434, -31.664774089146597 ], [ -62.544699350574348, -31.664730738364693 ] ] ] } },
{ "type": "Feature", "properties": { "zona": "6", "zona_id": "6" }, "geometry": { "type": "Polygon", "coordinates": [ [ [ -62.544792881552311, -31.665081299690083 ], [ -62.544817138563999, -31.66517221640893 ], [ -62.544815430227906, -31.665154291815703 ], [ -62.544809233095954, -31.665127203228643 ], [ -62.544803035967504, -31.665100114641177 ], [ -62.544792881552311, -31.665081299690083 ] ] ] } },
{ "type": "Feature", "properties": { "zona": "6", "zona_id": "6" }, "geometry": { "type": "Polygon", "coordinates": [ [ [ -62.545159124294358, -31.670956689892751 ], [ -62.545298094883449, -31.671437327800728 ], [ -62.545485398076671, -31.671409302824632 ], [ -62.545538101083757, -31.671401417158805 ], [ -62.5455567516454, -31.671398626570618 ], [ -62.545631333224875, -31.671387467281214 ], [ -62.545744054688001, -31.671370601213184 ], [ -62.545744960985381, -31.671184405438289 ], [ -62.545745306239326, -31.671113473713064 ], [ -62.545755253651826, -31.671020409622749 ], [ -62.54576817160244, -31.670967255893242 ], [ -62.545790519067701, -31.670927435658388 ], [ -62.545807397750679, -31.670927495741108 ], [ -62.545829590536883, -31.670919454799293 ], [ -62.54584230223287, -31.670908673461586 ], [ -62.545851888686563, -31.670889761061353 ], [ -62.545851958931358, -31.670875325866525 ], [ -62.545871039631628, -31.670856447256877 ], [ -62.545896410315521, -31.670845710967725 ], [ -62.545940756325223, -31.670837748845752 ], [ -62.545974513659488, -31.670837868968903 ], [ -62.546018859659142, -31.670829906819684 ], [ -62.546044230319154, -31.670819170500849 ], [ -62.546063310969274, -31.670800291861816 ], [ -62.546063381181114, -31.670785856666349 ], [ -62.546072967577281, -31.670766944248612 ], [ -62.546085679224483, -31.670756162885965 ], [ -62.546107871946383, -31.670748121894906 ], [ -62.546124750597677, -31.670748181935345 ], [ -62.546146982801197, -31.670732021139834 ], [ -62.546159747082669, -31.670710413372746 ], [ -62.546169425582583, -31.670672554752642 ], [ -62.546169565972704, -31.670643684360687 ], [ -62.546150761780559, -31.67060572443236 ], [ -62.546125549144719, -31.670583981582347 ], [ -62.546081321747664, -31.670567584376947 ], [ -62.546047564510637, -31.670567464282957 ], [ -62.546003179139248, -31.670583546241335 ], [ -62.545977755870609, -31.670605108949744 ], [ -62.545958583070018, -31.67064293377101 ], [ -62.545958442614655, -31.670671804162104 ], [ -62.545948764029433, -31.670709662765422 ], [ -62.545935999699488, -31.670731270510931 ], [ -62.5459137674601, -31.670747431269351 ], [ -62.545896888809423, -31.670747371201006 ], [ -62.545874775090994, -31.670739172560623 ], [ -62.545862168786272, -31.670728301109307 ], [ -62.545852766742833, -31.670709321123617 ], [ -62.545852836986981, -31.67069488592837 ], [ -62.545843434948715, -31.67067590594193 ], [ -62.545830828656143, -31.670665034487541 ], [ -62.545808714963087, -31.670656835835839 ], [ -62.545791836329045, -31.670656775753745 ], [ -62.545769722641438, -31.670648577095317 ], [ -62.545757116361195, -31.670637705633702 ], [ -62.54574771434811, -31.670618725640292 ], [ -62.545747784608267, -31.670604290445045 ], [ -62.545757371048957, -31.670585378050912 ], [ -62.545770082707214, -31.670574596719501 ], [ -62.545792275412225, -31.670566555782969 ], [ -62.545809154029946, -31.670566615864857 ], [ -62.545831425757704, -31.670542335326466 ], [ -62.545844242769064, -31.670509901194023 ], [ -62.545854013569183, -31.670453096403204 ], [ -62.545854224298829, -31.670409790815611 ], [ -62.545863995081611, -31.67035298602298 ], [ -62.545876812054836, -31.670320551885951 ], [ -62.545899083705606, -31.67029627133412 ], [ -62.545915962274705, -31.670296331401421 ], [ -62.545938391926363, -31.670239571650544 ], [ -62.545951419540273, -31.67016383191525 ], [ -62.545961558920894, -31.670031242328502 ], [ -62.545962050498176, -31.66993019594884 ], [ -62.545953201545153, -31.669797538789467 ], [ -62.545940911382807, -31.669721708956388 ], [ -62.545919034932453, -31.669664791532433 ], [ -62.54590215647756, -31.669664731466607 ], [ -62.545880082522309, -31.669648413029449 ], [ -62.5458675290419, -31.66962671517993 ], [ -62.545858219295845, -31.669588788995327 ], [ -62.54585835977629, -31.66955991859972 ], [ -62.545849050040282, -31.669521992414161 ], [ -62.545836496583746, -31.669500294561377 ], [ -62.545814422678646, -31.669483976112918 ], [ -62.545797544256708, -31.669483916033563 ], [ -62.54577531229355, -31.669500076773581 ], [ -62.545762548092696, -31.669521684507018 ], [ -62.545752869553482, -31.66955954310265 ], [ -62.545752729040409, -31.669588413497827 ], [ -62.545743050489946, -31.669626272092227 ], [ -62.545730286264046, -31.66964787982177 ], [ -62.545708054249971, -31.669664040549176 ], [ -62.54569117579571, -31.669663980455443 ], [ -62.545669141404687, -31.669639542183674 ], [ -62.545656640678381, -31.669607017915855 ], [ -62.545647423253143, -31.669550145519974 ], [ -62.545647634071223, -31.669506839927504 ], [ -62.54565740487795, -31.669450035142962 ], [ -62.545670221794666, -31.669417601021607 ], [ -62.545692493280228, -31.669393320500888 ], [ -62.54570937168554, -31.669393380593984 ], [ -62.54573156411346, -31.669385339663922 ], [ -62.545744275609422, -31.669374558331548 ], [ -62.545753861921312, -31.669355645932853 ], [ -62.545753932177057, -31.669341210734743 ], [ -62.545735036196028, -31.669322196939067 ], [ -62.545709771304161, -31.669311280405278 ], [ -62.545665505055773, -31.669303002857756 ], [ -62.545631748278083, -31.669302882658034 ], [ -62.545587482040943, -31.669294605083536 ], [ -62.545562217174137, -31.669283688520718 ], [ -62.545543321244025, -31.669264674696947 ], [ -62.545543391532085, -31.66925023949905 ], [ -62.545533989698797, -31.669231259487482 ], [ -62.545521383635631, -31.66922038800223 ], [ -62.545499270311119, -31.669212189298527 ], [ -62.545482391939068, -31.669212129177946 ], [ -62.545459922721747, -31.669277008656199 ], [ -62.545446842115204, -31.669363574747326 ], [ -62.54543660981296, -31.669515110497034 ], [ -62.54543604736913, -31.66963059207276 ], [ -62.545425815014511, -31.669782127814845 ], [ -62.54541273429956, -31.669868693894678 ], [ -62.545390264870036, -31.669933573352058 ], [ -62.545373386367778, -31.669933513215828 ], [ -62.545351193778849, -31.669941554081387 ], [ -62.545338482159906, -31.669952335372489 ], [ -62.545328895701402, -31.669971247736854 ], [ -62.545328825378192, -31.669985682932669 ], [ -62.545319238914225, -31.670004595296142 ], [ -62.545306527282953, -31.670015376583841 ], [ -62.545284334668857, -31.670023417437438 ], [ -62.545267456150597, -31.670023357287054 ], [ -62.545245263531314, -31.670031398133787 ], [ -62.545232551887906, -31.670042179413947 ], [ -62.545222965398573, -31.670061091769785 ], [ -62.545222895058721, -31.670075526965196 ], [ -62.545213308563937, -31.670094439320163 ], [ -62.545200596908202, -31.670105220596916 ], [ -62.545178404263751, -31.67011326143168 ], [ -62.545161525729483, -31.670113201267139 ], [ -62.545139333079852, -31.670121242095043 ], [ -62.545126621411967, -31.670132023364268 ], [ -62.54511703489181, -31.670150935711597 ], [ -62.545116964535332, -31.670165370906592 ], [ -62.545107378009718, -31.670184283253043 ], [ -62.545094666329504, -31.670195064518865 ], [ -62.545072473654699, -31.670203105334796 ], [ -62.545055595104444, -31.670203045156086 ], [ -62.545033402424444, -31.670211085965178 ], [ -62.545020690732095, -31.670221867223471 ], [ -62.545011104181114, -31.670240779562281 ], [ -62.545011033808009, -31.670255214756864 ], [ -62.545007014361886, -31.670274146946376 ], [ -62.545001725472467, -31.670284954670986 ], [ -62.544992522695104, -31.670293041792611 ], [ -62.544985541215773, -31.670293016896739 ], [ -62.544967214832589, -31.670292951543214 ], [ -62.545106183486226, -31.670773589691553 ], [ -62.545159124294358, -31.670956689892751 ] ] ] } },
{ "type": "Feature", "properties": { "zona": "7", "zona_id": "7" }, "geometry": { "type": "Polygon", "coordinates": [ [ [ -62.544699350574383, -31.664730738364813 ], [ -62.544699350574348, -31.664730738364693 ], [ -62.545471313979974, -31.663961744038794 ], [ -62.545466947250979, -31.663957827618876 ], [ -62.545446374208453, -31.663928846909915 ], [ -62.545438536862264, -31.663917806638942 ], [ -62.545435013905454, -31.663912843937965 ], [ -62.545417963837288, -31.663888825925365 ], [ -62.545392998960295, -31.663888736992291 ], [ -62.545383488530987, -31.663888703111745 ], [ -62.545370966548802, -31.66389677844791 ], [ -62.545363781000368, -31.66390757944357 ], [ -62.545358339111424, -31.663926506597235 ], [ -62.545358268809345, -31.663940941806803 ], [ -62.545348682987893, -31.663959854196275 ], [ -62.545335972192163, -31.663970635504874 ], [ -62.545313781024404, -31.663978676384755 ], [ -62.545296903599073, -31.663978616248475 ], [ -62.545274712426135, -31.663986657121477 ], [ -62.545262001618276, -31.663997438422555 ], [ -62.545252415771451, -31.664016350804385 ], [ -62.545252345452745, -31.664030786013548 ], [ -62.54524275960047, -31.6640496983945 ], [ -62.54523004878029, -31.664060479692175 ], [ -62.545207857582191, -31.664068520553212 ], [ -62.545190980140866, -31.664068460402795 ], [ -62.545168788937588, -31.664076501256975 ], [ -62.545156078105258, -31.664087282547133 ], [ -62.545146492227609, -31.664106194920443 ], [ -62.545146421892291, -31.664120630129187 ], [ -62.545117848873453, -31.66413947482155 ], [ -62.545079821842862, -31.664150165859319 ], [ -62.545013327285723, -31.664158048741626 ], [ -62.544962694914702, -31.664157868206033 ], [ -62.544896319099315, -31.664141391613391 ], [ -62.544858450398287, -31.664119603366622 ], [ -62.544830154460449, -31.664081609362 ], [ -62.544830295228657, -31.664052738945554 ], [ -62.544820986431823, -31.664014812661424 ], [ -62.54480843393975, -31.663993114698044 ], [ -62.544786361506638, -31.663976796071648 ], [ -62.544769484082885, -31.663976735865635 ], [ -62.544747292866155, -31.66398477664649 ], [ -62.544734581998306, -31.663995557894467 ], [ -62.544724996045346, -31.664014470235681 ], [ -62.544724925645092, -31.664028905443786 ], [ -62.544715339686668, -31.664047817784123 ], [ -62.544702628806498, -31.664058599028678 ], [ -62.544680437564601, -31.664066639797586 ], [ -62.54466356012486, -31.664066579577415 ], [ -62.544641329270263, -31.664082740143858 ], [ -62.544628565565311, -31.664104347786665 ], [ -62.544618887157263, -31.66414220632932 ], [ -62.544618746323195, -31.664171076744502 ], [ -62.544628055052435, -31.66420900304183 ], [ -62.544640607530731, -31.664230701022099 ], [ -62.544662679997501, -31.664247019673411 ], [ -62.54467955746987, -31.664247079893997 ], [ -62.544701669549902, -31.66425527873438 ], [ -62.544714274853447, -31.664266150301831 ], [ -62.544723676032163, -31.664285130382265 ], [ -62.544723605630956, -31.664299565589747 ], [ -62.544733006814852, -31.664318545669431 ], [ -62.544745612130534, -31.664329417233802 ], [ -62.544767724235939, -31.664337616062877 ], [ -62.544784601724928, -31.664337676269728 ], [ -62.544806713835776, -31.664345875092099 ], [ -62.544819319163786, -31.664356746649243 ], [ -62.544828720372848, -31.664375726721953 ], [ -62.544828649987643, -31.664390161929433 ], [ -62.544838051201879, -31.664409142001404 ], [ -62.544850656542025, -31.664420013555478 ], [ -62.544872768678239, -31.664428212366527 ], [ -62.544889646183861, -31.664428272559643 ], [ -62.54491175832554, -31.66443647136397 ], [ -62.544924363678, -31.664447342910833 ], [ -62.544933764917403, -31.664466322975809 ], [ -62.544933694548192, -31.664480758183309 ], [ -62.544924108584283, -31.664499670537953 ], [ -62.544911397665764, -31.664510451802201 ], [ -62.544889206333458, -31.664518492605993 ], [ -62.544872328811522, -31.664518432412667 ], [ -62.54485013747405, -31.664526473209598 ], [ -62.544837426543381, -31.664537254466318 ], [ -62.54482784055412, -31.664556166813334 ], [ -62.544827770168283, -31.664570602020415 ], [ -62.54481818417355, -31.664589514366547 ], [ -62.544805473230568, -31.664600295619859 ], [ -62.544783281867915, -31.664608336404836 ], [ -62.544766404329991, -31.664608276197349 ], [ -62.544744331760256, -31.664591957563939 ], [ -62.544731779210203, -31.664570259594413 ], [ -62.544722470404594, -31.664532333306052 ], [ -62.544722611208577, -31.664503462892085 ], [ -62.544713302413015, -31.664465536602759 ], [ -62.544700749886843, -31.664443838629971 ], [ -62.544678677367237, -31.664427519985274 ], [ -62.544661799862247, -31.664427459764262 ], [ -62.544639608528833, -31.664435500524725 ], [ -62.544626897586653, -31.664446281760519 ], [ -62.544617311564508, -31.664465194091669 ], [ -62.544617241146362, -31.664479629298548 ], [ -62.544607655118774, -31.664498541628816 ], [ -62.54459494416426, -31.664509322861193 ], [ -62.544572752805678, -31.664517363609701 ], [ -62.544555875284694, -31.664517303374531 ], [ -62.544533683920932, -31.664525344116171 ], [ -62.544520972954288, -31.664536125341023 ], [ -62.544511386901327, -31.664555037663675 ], [ -62.544511316466554, -31.66456947287012 ], [ -62.544520717633567, -31.664588452964484 ], [ -62.544533322960291, -31.664599324549481 ], [ -62.544555435110198, -31.664607523415423 ], [ -62.544572312647482, -31.66460758365081 ], [ -62.54459442480286, -31.664615782510044 ], [ -62.544607030141911, -31.664626654087826 ], [ -62.544616431334077, -31.664645634175212 ], [ -62.544616360915299, -31.664660069381664 ], [ -62.544625762112652, -31.664679049468312 ], [ -62.54463836746384, -31.664689921043006 ], [ -62.54466047964457, -31.664698119890911 ], [ -62.544677357198488, -31.664698180112563 ], [ -62.544699350574348, -31.664730738364696 ], [ -62.544699350574383, -31.664730738364813 ] ] ] } },
{ "type": "Feature", "properties": { "zona": "7", "zona_id": "7" }, "geometry": { "type": "Polygon", "coordinates": [ [ [ -62.544792881552311, -31.665081299690097 ], [ -62.544712521278555, -31.664780103341307 ], [ -62.544720921547437, -31.664849907850954 ], [ -62.544720639934425, -31.66490764867558 ], [ -62.544729763969272, -31.664983467377905 ], [ -62.544742210972707, -31.665026818155592 ], [ -62.54476420444729, -31.665059376395803 ], [ -62.544781082066763, -31.665059436604352 ], [ -62.544792881552311, -31.665081299690097 ] ] ] } },
{ "type": "Feature", "properties": { "zona": "7", "zona_id": "7" }, "geometry": { "type": "Polygon", "coordinates": [ [ [ -62.5449803661243, -31.665783998346569 ], [ -62.544931956551309, -31.665820556340851 ], [ -62.544936428213497, -31.665867474007431 ], [ -62.544948822647648, -31.665921651164165 ], [ -62.54497077681981, -31.665962329169268 ], [ -62.544987654603027, -31.665962389352018 ], [ -62.545009648380002, -31.665994947548061 ], [ -62.545022095642601, -31.666038298294069 ], [ -62.545031220021279, -31.666114116964778 ], [ -62.545030938586308, -31.666171857780455 ], [ -62.54504006298383, -31.666247676449125 ], [ -62.545052510292791, -31.666291027190915 ], [ -62.545074504168475, -31.66632358537505 ], [ -62.545091382017269, -31.666323645544683 ], [ -62.545113415484096, -31.666348083920113 ], [ -62.545125915598554, -31.666380608251842 ], [ -62.545135132417386, -31.666437480707657 ], [ -62.545134921386776, -31.666480786317894 ], [ -62.545068187726393, -31.666537388021091 ], [ -62.544979420490598, -31.666569551294064 ], [ -62.54482423606435, -31.666593357665864 ], [ -62.544706090786974, -31.666592936180948 ], [ -62.544550985494901, -31.666600502617101 ], [ -62.544462323697239, -31.666611012725156 ], [ -62.544395774492678, -31.666629721666794 ], [ -62.544395704034329, -31.666644156868315 ], [ -62.54440510538123, -31.666663136966797 ], [ -62.544417710971409, -31.6666740085622 ], [ -62.54443982360003, -31.666682207450052 ], [ -62.544456701512161, -31.666682267704246 ], [ -62.544478814146252, -31.666690466585386 ], [ -62.544491419748745, -31.666701338173567 ], [ -62.54450082112082, -31.666720318265074 ], [ -62.544500750678473, -31.666734753466585 ], [ -62.544491164389896, -31.666753665779041 ], [ -62.54447845311163, -31.666764446992993 ], [ -62.54445626120463, -31.666772487713256 ], [ -62.544439383276185, -31.666772427458852 ], [ -62.544417191364012, -31.666780468172259 ], [ -62.544404480073609, -31.66679124937869 ], [ -62.544394893759666, -31.666810161683493 ], [ -62.544394823300685, -31.666824596884602 ], [ -62.544366249297539, -31.666843441391475 ], [ -62.544328221078182, -31.666854132189538 ], [ -62.54426172453347, -31.666862014658108 ], [ -62.544211090701083, -31.66686183381054 ], [ -62.544144475176601, -31.666894075618696 ], [ -62.544106288278265, -31.666937245550809 ], [ -62.544077436555661, -31.667012928592239 ], [ -62.544077154520828, -31.667070669392103 ], [ -62.54406729047659, -31.66714642026972 ], [ -62.544054420442485, -31.667189680638963 ], [ -62.544032109402345, -31.667222080682809 ], [ -62.544015231393601, -31.66722202037154 ], [ -62.543992960000878, -31.667246300608525 ], [ -62.543980142811357, -31.667278734569727 ], [ -62.543970371229804, -31.667335539237651 ], [ -62.543970159651415, -31.667378844834765 ], [ -62.543998363658879, -31.667435785215218 ], [ -62.544036180604088, -31.667468400115933 ], [ -62.544102518960536, -31.667492996967734 ], [ -62.544153153134523, -31.667493177861598 ], [ -62.544219650138039, -31.667485295454739 ], [ -62.544257678627488, -31.667474604692604 ], [ -62.544286252847115, -31.667455760213937 ], [ -62.54428632332462, -31.667441325014469 ], [ -62.544314897528267, -31.667422480529147 ], [ -62.544352925981485, -31.667411789738189 ], [ -62.544419422911403, -31.667403907226412 ], [ -62.544470057039298, -31.667404087994075 ], [ -62.5445365539546, -31.667396205421085 ], [ -62.544574582372547, -31.667385514563691 ], [ -62.544603156501594, -31.667366670012939 ], [ -62.544603226929851, -31.667352234812626 ], [ -62.544631801042918, -31.667333390255216 ], [ -62.544669829424635, -31.667322699368981 ], [ -62.544736326266339, -31.667314816691082 ], [ -62.544786960348155, -31.667314997332547 ], [ -62.544853338393061, -31.667331473994974 ], [ -62.544891208386282, -31.667353262244575 ], [ -62.544919505323769, -31.667391256225802 ], [ -62.544919364564819, -31.667420126627459 ], [ -62.544900192008221, -31.667457951310663 ], [ -62.544874769348276, -31.667479513815451 ], [ -62.544830385255388, -31.667495595385571 ], [ -62.544796629135291, -31.667495474971041 ], [ -62.544752205418504, -31.667519676313873 ], [ -62.544726729900511, -31.66755206518857 ], [ -62.544707464821656, -31.667608836041033 ], [ -62.544707253582992, -31.66765214164073 ], [ -62.544687988470884, -31.667708912489037 ], [ -62.544662512878276, -31.667741301349281 ], [ -62.544618089009496, -31.667765502643061 ], [ -62.54458433279278, -31.667765382171456 ], [ -62.544539908892531, -31.667789583437624 ], [ -62.544514433226539, -31.667821972267188 ], [ -62.544495167961138, -31.667878743083456 ], [ -62.544494956621755, -31.667922048680047 ], [ -62.544504173195655, -31.66797892116552 ], [ -62.544516673308131, -31.668011445548707 ], [ -62.544538707015953, -31.66803588401925 ], [ -62.544555585173093, -31.668035944262673 ], [ -62.544577658516069, -31.668052262927294 ], [ -62.544590211487943, -31.668073960904248 ], [ -62.544599520574359, -31.668111887184082 ], [ -62.544599379712473, -31.668140757581188 ], [ -62.544608688808943, -31.668178683860035 ], [ -62.544621241804677, -31.668200381833735 ], [ -62.54464331519781, -31.668216700487076 ], [ -62.544660193387884, -31.668216760716948 ], [ -62.544682306402102, -31.668224959564444 ], [ -62.544694912233503, -31.668235831132105 ], [ -62.544704313797688, -31.668254811205898 ], [ -62.544704243382597, -31.66826924640436 ], [ -62.544685162984209, -31.668288124849919 ], [ -62.544659792863129, -31.668298860907754 ], [ -62.544615447959011, -31.668306822598041 ], [ -62.54458169154654, -31.668306702123903 ], [ -62.544537267386168, -31.668330903384664 ], [ -62.544511791569086, -31.668363292209566 ], [ -62.544492526186112, -31.66842006301955 ], [ -62.544492314841037, -31.668463368612439 ], [ -62.544491997822568, -31.668528327001233 ], [ -62.544491786476364, -31.668571632593377 ], [ -62.544491760058058, -31.668577045792372 ], [ -62.544580370896767, -31.668577362082804 ], [ -62.544614127407122, -31.668577482558209 ], [ -62.544658512053168, -31.668561401071251 ], [ -62.544683935060426, -31.668539838616436 ], [ -62.544703107932136, -31.668502013975054 ], [ -62.544703248763916, -31.668473143579138 ], [ -62.544731915618037, -31.66843535280816 ], [ -62.544769997243307, -31.668413835499386 ], [ -62.544836534453005, -31.668397832978773 ], [ -62.544887169123022, -31.668398013585964 ], [ -62.544953508367009, -31.66842261000011 ], [ -62.544991326045015, -31.668455224619613 ], [ -62.545019530995184, -31.668512164773713 ], [ -62.545019319893854, -31.668555470369153 ], [ -62.545028536845344, -31.668612342814729 ], [ -62.5450410372232, -31.668644867145847 ], [ -62.54506307121688, -31.668669305526123 ], [ -62.545079949489789, -31.668669365701259 ], [ -62.545101943924884, -31.668701923873911 ], [ -62.545114391575282, -31.668745274596365 ], [ -62.545123516265349, -31.668821093231557 ], [ -62.545123234857762, -31.668878834023449 ], [ -62.545113371451478, -31.668954584966709 ], [ -62.545100501640754, -31.668997845431452 ], [ -62.54507819052106, -31.669030245648383 ], [ -62.545061312182895, -31.669030185472401 ], [ -62.545039119783574, -31.669038226286595 ], [ -62.545026408253371, -31.669049007548946 ], [ -62.545016821827062, -31.6690679198928 ], [ -62.545016751458064, -31.66908235509004 ], [ -62.545026153171065, -31.669101335139032 ], [ -62.545038759160008, -31.669112206672711 ], [ -62.545060872419469, -31.669120405455779 ], [ -62.545077750773942, -31.669120465631959 ], [ -62.54509986403886, -31.669128664408294 ], [ -62.545112470040145, -31.669139535934768 ], [ -62.545121871778306, -31.669158515976768 ], [ -62.545121801425303, -31.669172951174023 ], [ -62.545131203168651, -31.669191931215277 ], [ -62.545143809182072, -31.66920280273866 ], [ -62.545165922472364, -31.66921100150369 ], [ -62.545182800843463, -31.669211061666125 ], [ -62.545204874572789, -31.669227380222893 ], [ -62.545217427845792, -31.669249078137021 ], [ -62.545226737298734, -31.669287004367622 ], [ -62.54522659662441, -31.669315874761931 ], [ -62.54521691789072, -31.669353733316285 ], [ -62.545204153581764, -31.669375340993309 ], [ -62.545181921543296, -31.669391501629502 ], [ -62.545165043139562, -31.669391441466637 ], [ -62.545142929806808, -31.669383242701294 ], [ -62.545130323769392, -31.669372371177893 ], [ -62.545120922008522, -31.669353391136944 ], [ -62.545120992362151, -31.669338955940091 ], [ -62.545092602416993, -31.669319908204685 ], [ -62.545054678811105, -31.66930894641121 ], [ -62.544988259742041, -31.669300589643175 ], [ -62.544937624581664, -31.669300409071507 ], [ -62.544804707287838, -31.669299934975271 ], [ -62.544804654486008, -31.669310761372511 ], [ -62.544804522481314, -31.669337827365489 ], [ -62.544804452078743, -31.669352262561706 ], [ -62.544794865575732, -31.669371174887274 ], [ -62.544782153971781, -31.669381956124038 ], [ -62.544759961465004, -31.669389996888203 ], [ -62.544743083062521, -31.669389936669539 ], [ -62.544720850941744, -31.669406097224552 ], [ -62.544708086511257, -31.669427704850644 ], [ -62.544698407555572, -31.669465563362923 ], [ -62.544698266716843, -31.669494433754288 ], [ -62.544688587749903, -31.66953229226532 ], [ -62.544675823294355, -31.669553899887525 ], [ -62.544653591122653, -31.66957006042993 ], [ -62.544636712687868, -31.66957000019687 ], [ -62.544614426472066, -31.669597234926449 ], [ -62.544601589943518, -31.669633608132798 ], [ -62.544591784837316, -31.669697306421011 ], [ -62.544591547899337, -31.669745864266606 ], [ -62.544590925934415, -31.669873328609555 ], [ -62.544602620864346, -31.669871154869934 ], [ -62.5446061646917, -31.669870496177587 ], [ -62.5446070760756, -31.669870326778348 ], [ -62.544618771004792, -31.669868153037225 ], [ -62.544762899618711, -31.670038899255093 ], [ -62.544816524525466, -31.670102427383803 ], [ -62.544817805895562, -31.670103945390601 ], [ -62.544961935235108, -31.670274691384183 ], [ -62.544964152665798, -31.670282360651033 ], [ -62.544964997401401, -31.670285282276463 ], [ -62.544967214832589, -31.670292951543214 ], [ -62.544985541215773, -31.670293016896739 ], [ -62.544992522695104, -31.670293041792611 ], [ -62.545001725472467, -31.670284954670997 ], [ -62.545007014361886, -31.670274146946376 ], [ -62.545011033808009, -31.670255214756864 ], [ -62.545011104181114, -31.670240779562278 ], [ -62.545020690732095, -31.670221867223464 ], [ -62.545033402424444, -31.670211085965168 ], [ -62.545055595104444, -31.670203045156086 ], [ -62.545072473654699, -31.670203105334796 ], [ -62.545094666329504, -31.670195064518872 ], [ -62.545107378009718, -31.670184283253043 ], [ -62.545116964535332, -31.670165370906592 ], [ -62.54511703489181, -31.67015093571159 ], [ -62.545126621411967, -31.67013202336426 ], [ -62.545139333079852, -31.670121242095036 ], [ -62.545161525729483, -31.670113201267139 ], [ -62.545178404263751, -31.67011326143168 ], [ -62.545200596908202, -31.670105220596927 ], [ -62.545213308563937, -31.670094439320163 ], [ -62.545222895058721, -31.670075526965196 ], [ -62.545222965398573, -31.670061091769778 ], [ -62.545232551887906, -31.67004217941394 ], [ -62.545245263531314, -31.670031398133766 ], [ -62.545267456150597, -31.670023357287054 ], [ -62.545284334668857, -31.670023417437438 ], [ -62.545306527282953, -31.670015376583848 ], [ -62.545319238914225, -31.670004595296142 ], [ -62.545328825378192, -31.669985682932669 ], [ -62.545328895701402, -31.669971247736839 ], [ -62.545338482159906, -31.669952335372479 ], [ -62.545351193778849, -31.669941554081383 ], [ -62.545373386367778, -31.669933513215828 ], [ -62.545390264870036, -31.669933573352058 ], [ -62.54541273429956, -31.669868693894678 ], [ -62.545425815014511, -31.669782127814845 ], [ -62.545436047369115, -31.66963059207276 ], [ -62.54543660981296, -31.669515110497034 ], [ -62.545446842115204, -31.669363574747326 ], [ -62.545459922721747, -31.669277008656199 ], [ -62.545482391939068, -31.669212129177946 ], [ -62.545499270311119, -31.669212189298527 ], [ -62.545521383635631, -31.669220388002241 ], [ -62.545533989698797, -31.669231259487496 ], [ -62.545543391532085, -31.669250239499057 ], [ -62.545543321244025, -31.669264674696947 ], [ -62.545562217174137, -31.669283688520718 ], [ -62.545587482040943, -31.669294605083529 ], [ -62.545631748278083, -31.669302882658034 ], [ -62.545665505055773, -31.669303002857756 ], [ -62.545709771304161, -31.669311280405282 ], [ -62.545735036196028, -31.669322196939074 ], [ -62.545753932177057, -31.669341210734746 ], [ -62.545753861921312, -31.669355645932853 ], [ -62.545744275609422, -31.669374558331548 ], [ -62.54573156411346, -31.669385339663922 ], [ -62.54570937168554, -31.669393380593984 ], [ -62.545692493280228, -31.669393320500888 ], [ -62.545670221794666, -31.669417601021625 ], [ -62.54565740487795, -31.669450035142962 ], [ -62.545647634071223, -31.669506839927504 ], [ -62.545647423253143, -31.669550145519974 ], [ -62.545656640678381, -31.669607017915848 ], [ -62.545669141404687, -31.669639542183674 ], [ -62.545691175795717, -31.669663980455443 ], [ -62.545708054249971, -31.669664040549176 ], [ -62.545730286264046, -31.669647879821778 ], [ -62.545743050489946, -31.669626272092227 ], [ -62.545752729040409, -31.669588413497827 ], [ -62.545752869553482, -31.669559543102643 ], [ -62.545762548092696, -31.669521684507011 ], [ -62.54577531229355, -31.669500076773581 ], [ -62.545797544256708, -31.669483916033563 ], [ -62.545814422678646, -31.669483976112918 ], [ -62.545836496583746, -31.669500294561377 ], [ -62.545849050040282, -31.669521992414168 ], [ -62.54585835977629, -31.66955991859972 ], [ -62.545858219295845, -31.669588788995327 ], [ -62.5458675290419, -31.66962671517993 ], [ -62.545880082522309, -31.669648413029442 ], [ -62.54590215647756, -31.669664731466607 ], [ -62.545919034932453, -31.669664791532433 ], [ -62.545940911382807, -31.669721708956388 ], [ -62.545953201545153, -31.669797538789481 ], [ -62.545962050498176, -31.66993019594884 ], [ -62.545961558920894, -31.670031242328502 ], [ -62.545951419540273, -31.67016383191525 ], [ -62.545938391926363, -31.670239571650537 ], [ -62.545915962274705, -31.670296331401421 ], [ -62.545899083705606, -31.67029627133412 ], [ -62.545876812054836, -31.670320551885965 ], [ -62.545863995081611, -31.67035298602298 ], [ -62.545854224298829, -31.670409790815611 ], [ -62.545854013569183, -31.670453096403197 ], [ -62.545844242769064, -31.670509901194016 ], [ -62.545831425757704, -31.670542335326466 ], [ -62.545809154029946, -31.670566615864857 ], [ -62.545792275412225, -31.670566555782969 ], [ -62.545770082707214, -31.670574596719511 ], [ -62.545757371048957, -31.670585378050912 ], [ -62.545747784608267, -31.670604290445059 ], [ -62.54574771434811, -31.670618725640292 ], [ -62.545757116361195, -31.670637705633702 ], [ -62.545769722641438, -31.670648577095299 ], [ -62.545791836329045, -31.670656775753745 ], [ -62.545808714963087, -31.670656835835839 ], [ -62.545830828656143, -31.670665034487548 ], [ -62.545843434948715, -31.670675905941945 ], [ -62.545852836986981, -31.670694885928384 ], [ -62.545852766742833, -31.670709321123617 ], [ -62.545862168786272, -31.670728301109307 ], [ -62.545874775090994, -31.670739172560616 ], [ -62.545896888809423, -31.670747371201006 ], [ -62.5459137674601, -31.670747431269351 ], [ -62.545935999699488, -31.670731270510938 ], [ -62.545948764029433, -31.670709662765422 ], [ -62.545958442614655, -31.670671804162104 ], [ -62.545958583070018, -31.670642933770999 ], [ -62.545977755870609, -31.670605108949726 ], [ -62.546003179139248, -31.670583546241335 ], [ -62.546047564510637, -31.670567464282957 ], [ -62.546081321747664, -31.670567584376947 ], [ -62.546125549144719, -31.670583981582347 ], [ -62.546150761780559, -31.670605724432374 ], [ -62.546169565972704, -31.670643684360694 ], [ -62.546169425582583, -31.670672554752642 ], [ -62.546159747082669, -31.670710413372746 ], [ -62.546146982801197, -31.670732021139827 ], [ -62.546124750597677, -31.670748181935345 ], [ -62.546107871946383, -31.670748121894906 ], [ -62.546085679224483, -31.670756162885972 ], [ -62.546072967577281, -31.670766944248616 ], [ -62.546063381181114, -31.670785856666363 ], [ -62.546063310969274, -31.670800291861816 ], [ -62.546044230319154, -31.670819170500849 ], [ -62.546018859659142, -31.670829906819673 ], [ -62.545974513659488, -31.670837868968903 ], [ -62.545940756325223, -31.670837748845752 ], [ -62.545896410315521, -31.670845710967729 ], [ -62.545871039631628, -31.670856447256877 ], [ -62.545851958931358, -31.670875325866536 ], [ -62.545851888686563, -31.670889761061353 ], [ -62.54584230223287, -31.670908673461586 ], [ -62.545829590536883, -31.670919454799279 ], [ -62.545807397750679, -31.670927495741108 ], [ -62.545790519067701, -31.670927435658388 ], [ -62.54576817160244, -31.670967255893245 ], [ -62.545755253651826, -31.671020409622749 ], [ -62.545745306239326, -31.671113473713064 ], [ -62.545744960985381, -31.671184405438282 ], [ -62.545744054688001, -31.671370601213184 ], [ -62.546443098497107, -31.671266003679332 ], [ -62.5449803661243, -31.665783998346569 ] ], [ [ -62.545548267643184, -31.668248797565042 ], [ -62.545557392642763, -31.668324616177966 ], [ -62.545569840457212, -31.668367966860071 ], [ -62.545591834994596, -31.668400524950759 ], [ -62.54560871322014, -31.668400585055483 ], [ -62.545630826363144, -31.668408783739569 ], [ -62.545643432330792, -31.668419655214478 ], [ -62.545652834106797, -31.668438635219818 ], [ -62.545652763837886, -31.668453070419755 ], [ -62.545614695573164, -31.668471881393671 ], [ -62.545564008145902, -31.668482527474573 ], [ -62.545475357843337, -31.668490331667769 ], [ -62.545407844877793, -31.668490091164276 ], [ -62.545319313222393, -31.668473535850133 ], [ -62.545268784000896, -31.668451702615325 ], [ -62.545230992601546, -31.668413674877449 ], [ -62.545231133269567, -31.668384804479029 ], [ -62.545250305887912, -31.668346979752112 ], [ -62.545275728700922, -31.668325417176838 ], [ -62.545320113115523, -31.6683093354569 ], [ -62.545353869532406, -31.668309455735709 ], [ -62.545398214378075, -31.668301493788221 ], [ -62.545423584416845, -31.668290757582778 ], [ -62.545442664667831, -31.668271879025397 ], [ -62.545442734968731, -31.66825744382545 ], [ -62.545433333253428, -31.668238463804659 ], [ -62.545420727334722, -31.668227592309147 ], [ -62.545398614253372, -31.668219393589027 ], [ -62.545381736061081, -31.668219333456797 ], [ -62.545359741639331, -31.668186775330071 ], [ -62.545347293945809, -31.668143424627381 ], [ -62.545338169132933, -31.668067605999067 ], [ -62.54533845039866, -31.668009865198101 ], [ -62.545329325604619, -31.667934046567748 ], [ -62.545316877957454, -31.667890695860823 ], [ -62.54529488363444, -31.667858137722188 ], [ -62.545278005507726, -31.667858077576863 ], [ -62.545255932086221, -31.667841759032175 ], [ -62.545243378989298, -31.667820061118757 ], [ -62.545234069668219, -31.667782134881996 ], [ -62.545234210331813, -31.667753264480702 ], [ -62.545224901020781, -31.667715338242971 ], [ -62.545212347947732, -31.667693640326299 ], [ -62.54519027457637, -31.667677321770313 ], [ -62.545173396482589, -31.667677261611452 ], [ -62.545151283553281, -31.667669062849175 ], [ -62.545138677743836, -31.667658191325849 ], [ -62.545129276149453, -31.66763921128204 ], [ -62.545129346497085, -31.667624776081293 ], [ -62.545119944907874, -31.667605796036717 ], [ -62.545107339110565, -31.667594924510318 ], [ -62.545085226206631, -31.667586725736726 ], [ -62.545068348129476, -31.667586665564137 ], [ -62.545046314386333, -31.667562227183026 ], [ -62.545033814146763, -31.66752970284827 ], [ -62.545024597290478, -31.667472830394431 ], [ -62.545024808380433, -31.667429524791586 ], [ -62.54503457933189, -31.667372720037804 ], [ -62.545047396169686, -31.667340285967825 ], [ -62.545069667313243, -31.66731600554478 ], [ -62.545086545341455, -31.667316065716747 ], [ -62.545108618609831, -31.667332384290638 ], [ -62.545121171611129, -31.667354082218047 ], [ -62.545130480845771, -31.667392008464756 ], [ -62.545130340152063, -31.667420878867272 ], [ -62.545149143302226, -31.667458838954939 ], [ -62.545174354873268, -31.66748058199844 ], [ -62.545218580651081, -31.667496979510883 ], [ -62.545252336773714, -31.667497099813804 ], [ -62.54529656257337, -31.667513497299357 ], [ -62.545321774193724, -31.667535240314017 ], [ -62.545340577444549, -31.667573200373752 ], [ -62.545340436814833, -31.66760207077629 ], [ -62.545349746162209, -31.667639997006603 ], [ -62.545362299260333, -31.667661694910151 ], [ -62.545384372658489, -31.667678013436699 ], [ -62.545401250752896, -31.667678073567647 ], [ -62.545423245071632, -31.667710631688813 ], [ -62.545435692745386, -31.667753982386809 ], [ -62.545444817610196, -31.667829801012335 ], [ -62.545444536412241, -31.667887541815791 ], [ -62.545453661295916, -31.667963360439288 ], [ -62.545466109016033, -31.668006711133046 ], [ -62.545488103433492, -31.668039269242314 ], [ -62.545504981593467, -31.668039329360166 ], [ -62.545526976032129, -31.668071887462752 ], [ -62.545539423800207, -31.668115238149092 ], [ -62.545548548780928, -31.668191056764034 ], [ -62.545548267643184, -31.668248797565042 ] ] ] } },
{ "type": "Feature", "properties": { "zona": "Ex ganadero", "zona_id": "EX GANADERO" }, "geometry": { "type": "Polygon", "coordinates": [ [ [ -62.546934639146777, -31.667085147330514 ], [ -62.54649655437872, -31.667287503324641 ], [ -62.54602997337669, -31.667217385518356 ], [ -62.545300955525221, -31.666985553794976 ], [ -62.546443098497107, -31.671266003679332 ], [ -62.546544875075924, -31.671250774567092 ], [ -62.546849948984914, -31.671205124993193 ], [ -62.547650766619107, -31.671085291376325 ], [ -62.547611112344264, -31.670913134201442 ], [ -62.547607733833125, -31.670898466524463 ], [ -62.547596005991302, -31.670847550511688 ], [ -62.547556351913094, -31.67067539331526 ], [ -62.547731056970512, -31.670646252301715 ], [ -62.547797611250189, -31.670635150899987 ], [ -62.547972316161015, -31.670606009554493 ], [ -62.547583507583056, -31.669278636910498 ], [ -62.547435392879073, -31.66877297078446 ], [ -62.547046599260547, -31.667445596266823 ], [ -62.546999559544815, -31.66729415504205 ], [ -62.546981639692483, -31.667236463141752 ], [ -62.546934639146777, -31.667085147330514 ] ] ] } },
{ "type": "Feature", "properties": { "zona": "7", "zona_id": "7" }, "geometry": { "type": "Polygon", "coordinates": [ [ [ -62.544931956551309, -31.665820556340851 ], [ -62.5449803661243, -31.665783998346569 ], [ -62.544817138563999, -31.66517221640893 ], [ -62.544824461976845, -31.665249056716554 ], [ -62.544824110035009, -31.665321232743793 ], [ -62.544833141806741, -31.665415997641791 ], [ -62.544845536124235, -31.665470174811258 ], [ -62.54486749014751, -31.665510852835578 ], [ -62.544884367848844, -31.66551091303123 ], [ -62.544906321898495, -31.665551591048835 ], [ -62.544918716275525, -31.665605768210622 ], [ -62.544927748167204, -31.665700533098878 ], [ -62.544927396299038, -31.665772709122042 ], [ -62.544931956551309, -31.665820556340851 ] ] ] } },
{ "type": "Feature", "properties": { "zona": "Ex ganadero", "zona_id": "EX GANADERO" }, "geometry": { "type": "Polygon", "coordinates": [ [ [ -62.5449803661243, -31.665783998346569 ], [ -62.54565254331942, -31.665276377925448 ], [ -62.546502510768001, -31.665147323557598 ], [ -62.546438787425281, -31.664829437210294 ], [ -62.546030612342733, -31.664463362077104 ], [ -62.545902492212839, -31.664348455640404 ], [ -62.545875117914846, -31.664323904542446 ], [ -62.545471313979974, -31.663961744038794 ], [ -62.544699350574348, -31.664730738364693 ], [ -62.544699350574383, -31.664730738364813 ], [ -62.544711797531434, -31.664774089146597 ], [ -62.544712521278555, -31.664780103341307 ], [ -62.544792881552311, -31.665081299690097 ], [ -62.544803035967504, -31.665100114641181 ], [ -62.544815430227906, -31.665154291815689 ], [ -62.544817138563999, -31.66517221640893 ], [ -62.5449803661243, -31.665783998346569 ] ] ] } },
{ "type": "Feature", "properties": { "zona": "bajo anegable", "zona_id": "BAJO ANEGABLE" }, "geometry": { "type": "Polygon", "coordinates": [ [ [ -62.545300955525221, -31.666985553794976 ], [ -62.54602997337669, -31.667217385518356 ], [ -62.54649655437872, -31.667287503324641 ], [ -62.546934639146777, -31.667085147330514 ], [ -62.546934600183498, -31.667085021890024 ], [ -62.546843330109326, -31.666721187898819 ], [ -62.546837844324145, -31.666699319576573 ], [ -62.546808560739855, -31.666582584452723 ], [ -62.546717291624319, -31.666218750351973 ], [ -62.546600318882319, -31.665635238933802 ], [ -62.546555758210481, -31.665412948831136 ], [ -62.546502510768001, -31.665147323557598 ], [ -62.54565254331942, -31.665276377925448 ], [ -62.5449803661243, -31.665783998346569 ], [ -62.545300955525221, -31.666985553794976 ] ] ] } }
]
}
